sale_id,sale_date,total_price,quantity,store_location,channel,category
14,2023-01-01 00:00:00,318.36,4,Tallinn,pood,meeste_riided
48,2023-01-01 00:00:00,48.58,1,Tallinn,pood,laste_riided
69,2023-01-01 00:00:00,145.72,1,Tartu,pood,aksessuaarid
116,2023-01-01 00:00:00,1279.92,4,Tallinn,pood,jalanõusid
152,2023-01-01 00:00:00,823.50,3,Pärnu,pood,meeste_riided
156,2023-01-01 00:00:00,63.95,1,Tallinn,pood,jalanõusid
220,2023-01-01 00:00:00,350.50,2,Pärnu,pood,meeste_riided
246,2023-01-01 00:00:00,218.54,1,null,online,jalanõusid
254,2023-01-01 00:00:00,175.25,1,Pärnu,pood,meeste_riided
4,2023-01-02 00:00:00,135.63,3,Tartu,pood,aksessuaarid
53,2023-01-02 00:00:00,145.46,2,Tallinn,pood,naiste_riided
74,2023-01-02 00:00:00,63.95,1,Pärnu,pood,jalanõusid
79,2023-01-02 00:00:00,342.66,2,Tallinn,pood,meeste_riided
83,2023-01-02 00:00:00,583.44,2,Tallinn,pood,jalanõusid
122,2023-01-02 00:00:00,701.00,4,Tartu,pood,meeste_riided
135,2023-01-02 00:00:00,356.57,1,Tallinn,pood,meeste_riided
146,2023-01-02 00:00:00,221.40,2,Tallinn,pood,laste_riided
161,2023-01-02 00:00:00,274.50,1,Tallinn,pood,meeste_riided
184,2023-01-02 00:00:00,41.63,1,Tartu,pood,naiste_riided
204,2023-01-02 00:00:00,225.28,1,Tallinn,pood,aksessuaarid
229,2023-01-02 00:00:00,134.58,1,Tallinn,pood,meeste_riided
18,2023-01-03 00:00:00,179.35,1,Tartu,pood,naiste_riided
66,2023-01-03 00:00:00,58.49,1,Tallinn,pood,jalanõusid
95,2023-01-03 00:00:00,240.34,2,null,online,jalanõusid
98,2023-01-03 00:00:00,207.23,1,Tartu,pood,jalanõusid
106,2023-01-03 00:00:00,121.51,1,Tartu,pood,jalanõusid
151,2023-01-03 00:00:00,182.44,2,null,online,meeste_riided
244,2023-01-03 00:00:00,451.62,2,Tartu,pood,naiste_riided
35,2023-01-04 00:00:00,493.94,2,Tallinn,pood,meeste_riided
77,2023-01-04 00:00:00,188.46,3,null,online,laste_riided
85,2023-01-04 00:00:00,184.02,1,Pärnu,pood,aksessuaarid
88,2023-01-04 00:00:00,201.86,2,Tallinn,pood,meeste_riided
105,2023-01-04 00:00:00,261.46,2,Tallinn,pood,laste_riided
120,2023-01-04 00:00:00,74.70,1,Tallinn,pood,jalanõusid
168,2023-01-04 00:00:00,288.40,2,null,online,meeste_riided
170,2023-01-04 00:00:00,327.07,1,Tallinn,pood,meeste_riided
207,2023-01-04 00:00:00,112.68,1,Pärnu,pood,laste_riided
228,2023-01-04 00:00:00,588.64,4,Tallinn,pood,aksessuaarid
3,2023-01-05 00:00:00,221.19,1,Pärnu,pood,jalanõusid
15,2023-01-05 00:00:00,47.07,1,Pärnu,pood,aksessuaarid
75,2023-01-05 00:00:00,420.92,4,null,online,laste_riided
149,2023-01-05 00:00:00,81.85,1,null,online,meeste_riided
157,2023-01-05 00:00:00,282.29,1,Tartu,pood,jalanõusid
185,2023-01-05 00:00:00,180.14,1,null,online,naiste_riided
188,2023-01-05 00:00:00,190.78,2,null,online,aksessuaarid
190,2023-01-05 00:00:00,460.86,3,null,online,jalanõusid
192,2023-01-05 00:00:00,450.56,2,null,online,aksessuaarid
195,2023-01-05 00:00:00,-279.48,2,Tallinn,pood,naiste_riided
203,2023-01-05 00:00:00,544.10,2,Tallinn,pood,naiste_riided
206,2023-01-05 00:00:00,216.18,2,null,online,naiste_riided
213,2023-01-05 00:00:00,312.41,1,Tallinn,pood,meeste_riided
239,2023-01-05 00:00:00,145.50,1,Tallinn,pood,jalanõusid
20,2023-01-06 00:00:00,695.68,2,Tallinn,pood,meeste_riided
23,2023-01-06 00:00:00,353.30,2,null,online,aksessuaarid
54,2023-01-06 00:00:00,79.59,1,null,online,meeste_riided
112,2023-01-06 00:00:00,158.51,1,Tartu,pood,naiste_riided
210,2023-01-06 00:00:00,256.88,2,Tallinn,pood,laste_riided
216,2023-01-06 00:00:00,368.97,1,Tartu,pood,jalanõusid
224,2023-01-06 00:00:00,958.26,3,Tallinn,pood,naiste_riided
256,2023-01-06 00:00:00,149.47,1,Pärnu,pood,aksessuaarid
9,2023-01-07 00:00:00,22.04,1,Tallinn,pood,aksessuaarid
41,2023-01-07 00:00:00,203.08,4,Tallinn,pood,naiste_riided
47,2023-01-07 00:00:00,225.81,1,Tallinn,pood,naiste_riided
51,2023-01-07 00:00:00,29.48,1,Tallinn,pood,aksessuaarid
87,2023-01-07 00:00:00,139.74,1,Tallinn,pood,naiste_riided
144,2023-01-07 00:00:00,1662.75,5,Tallinn,pood,meeste_riided
145,2023-01-07 00:00:00,482.73,3,Tallinn,pood,meeste_riided
162,2023-01-07 00:00:00,109.62,2,Pärnu,pood,laste_riided
252,2023-01-07 00:00:00,184.15,1,Tartu,pood,aksessuaarid
257,2023-01-07 00:00:00,259.69,1,Tallinn,pood,meeste_riided
10,2023-01-08 00:00:00,72.14,1,Tallinn,pood,laste_riided
33,2023-01-08 00:00:00,312.26,2,Tallinn,pood,aksessuaarid
45,2023-01-08 00:00:00,253.23,3,Tartu,pood,jalanõusid
99,2023-01-08 00:00:00,51.50,1,Tallinn,pood,laste_riided
108,2023-01-08 00:00:00,106.71,1,Tallinn,pood,aksessuaarid
113,2023-01-08 00:00:00,375.34,1,null,online,jalanõusid
177,2023-01-08 00:00:00,47.07,1,Tallinn,pood,aksessuaarid
201,2023-01-08 00:00:00,89.29,1,Tallinn,pood,meeste_riided
12,2023-01-09 00:00:00,451.62,2,null,online,naiste_riided
63,2023-01-09 00:00:00,264.60,2,Tartu,pood,jalanõusid
78,2023-01-09 00:00:00,704.37,3,Tartu,pood,meeste_riided
90,2023-01-09 00:00:00,210.58,2,Pärnu,pood,laste_riided
148,2023-01-09 00:00:00,183.31,1,Tartu,pood,aksessuaarid
159,2023-01-09 00:00:00,72.14,1,Tallinn,pood,laste_riided
169,2023-01-09 00:00:00,632.61,3,Pärnu,pood,meeste_riided
198,2023-01-09 00:00:00,184.02,1,Tartu,pood,aksessuaarid
205,2023-01-09 00:00:00,259.38,3,Tallinn,pood,laste_riided
259,2023-01-09 00:00:00,151.45,1,null,online,laste_riided
261,2023-01-09 00:00:00,58.84,2,Tallinn,pood,aksessuaarid
1,2023-01-10 00:00:00,469.58,2,Tallinn,pood,meeste_riided
61,2023-01-10 00:00:00,65.60,1,null,online,aksessuaarid
101,2023-01-10 00:00:00,96.11,1,Tartu,pood,jalanõusid
107,2023-01-10 00:00:00,371.05,1,Tallinn,pood,jalanõusid
110,2023-01-10 00:00:00,171.33,1,null,online,meeste_riided
180,2023-01-10 00:00:00,53.99,1,Tallinn,pood,laste_riided
233,2023-01-10 00:00:00,-320.42,2,null,online,meeste_riided
241,2023-01-10 00:00:00,560.26,2,null,online,jalanõusid
16,2023-01-11 00:00:00,145.72,1,Tallinn,pood,aksessuaarid
26,2023-01-11 00:00:00,160.21,1,Tallinn,pood,meeste_riided
82,2023-01-11 00:00:00,314.98,2,Tallinn,pood,jalanõusid
142,2023-01-11 00:00:00,381.62,2,Tallinn,pood,jalanõusid
172,2023-01-11 00:00:00,151.08,1,Pärnu,pood,meeste_riided
232,2023-01-11 00:00:00,305.72,1,Tallinn,pood,jalanõusid
251,2023-01-11 00:00:00,183.40,1,Tallinn,pood,aksessuaarid
11,2023-01-12 00:00:00,545.04,3,Tallinn,pood,aksessuaarid
49,2023-01-12 00:00:00,350.19,1,null,online,jalanõusid
115,2023-01-12 00:00:00,396.84,2,Tallinn,pood,jalanõusid
182,2023-01-12 00:00:00,207.23,1,Tartu,pood,jalanõusid
234,2023-01-12 00:00:00,545.04,3,null,online,aksessuaarid
243,2023-01-12 00:00:00,263.13,1,null,online,naiste_riided
247,2023-01-12 00:00:00,159.18,2,null,online,meeste_riided
248,2023-01-12 00:00:00,457.62,2,null,online,jalanõusid
5,2023-01-13 00:00:00,99.57,1,Tartu,pood,laste_riided
7,2023-01-13 00:00:00,629.96,4,Tartu,pood,jalanõusid
231,2023-01-13 00:00:00,274.87,1,null,online,jalanõusid
46,2023-01-14 00:00:00,382.96,2,null,online,aksessuaarid
59,2023-01-14 00:00:00,803.55,5,Tallinn,pood,meeste_riided
65,2023-01-14 00:00:00,62.82,1,Tartu,pood,laste_riided
67,2023-01-14 00:00:00,835.77,3,null,online,meeste_riided
129,2023-01-14 00:00:00,220.04,2,null,online,naiste_riided
131,2023-01-14 00:00:00,737.34,2,Tartu,pood,jalanõusid
141,2023-01-14 00:00:00,501.69,3,Pärnu,pood,laste_riided
143,2023-01-14 00:00:00,282.75,3,null,online,laste_riided
173,2023-01-14 00:00:00,50.77,1,Tallinn,pood,naiste_riided
211,2023-01-14 00:00:00,823.56,4,Tallinn,pood,aksessuaarid
214,2023-01-14 00:00:00,-414.39,3,Tallinn,pood,laste_riided
218,2023-01-14 00:00:00,316.04,1,null,online,meeste_riided
240,2023-01-14 00:00:00,905.91,3,Tallinn,pood,naiste_riided
36,2023-01-15 00:00:00,277.80,2,Tallinn,pood,meeste_riided
52,2023-01-15 00:00:00,916.04,4,null,online,meeste_riided
91,2023-01-15 00:00:00,558.86,2,Tartu,pood,meeste_riided
222,2023-01-15 00:00:00,-103.00,2,Pärnu,pood,laste_riided
226,2023-01-15 00:00:00,176.65,1,Tallinn,pood,aksessuaarid
227,2023-01-15 00:00:00,602.31,3,Tallinn,pood,naiste_riided
2,2023-01-16 00:00:00,482.26,2,Pärnu,pood,jalanõusid
17,2023-01-16 00:00:00,316.04,1,Tartu,pood,meeste_riided
38,2023-01-16 00:00:00,86.80,1,Tartu,pood,naiste_riided
39,2023-01-16 00:00:00,437.98,2,Tallinn,pood,naiste_riided
62,2023-01-16 00:00:00,270.69,1,null,online,jalanõusid
138,2023-01-16 00:00:00,182.77,1,Pärnu,pood,naiste_riided
187,2023-01-16 00:00:00,282.95,1,null,online,naiste_riided
22,2023-01-17 00:00:00,624.82,2,null,online,meeste_riided
25,2023-01-17 00:00:00,292.61,1,Pärnu,pood,jalanõusid
80,2023-01-17 00:00:00,113.86,1,Tartu,pood,aksessuaarid
124,2023-01-17 00:00:00,328.00,5,Pärnu,pood,aksessuaarid
127,2023-01-17 00:00:00,250.17,1,Pärnu,pood,naiste_riided
147,2023-01-17 00:00:00,704.37,3,Tallinn,pood,meeste_riided
163,2023-01-17 00:00:00,214.72,2,null,online,laste_riided
181,2023-01-17 00:00:00,234.79,1,Tartu,pood,meeste_riided
217,2023-01-17 00:00:00,305.72,1,Tallinn,pood,jalanõusid
235,2023-01-17 00:00:00,874.16,4,Tallinn,pood,jalanõusid
13,2023-01-18 00:00:00,95.39,1,Tallinn,pood,aksessuaarid
60,2023-01-18 00:00:00,183.31,1,Tartu,pood,aksessuaarid
73,2023-01-18 00:00:00,462.26,2,Pärnu,pood,aksessuaarid
81,2023-01-18 00:00:00,221.89,1,null,online,naiste_riided
150,2023-01-18 00:00:00,273.06,1,null,online,jalanõusid
153,2023-01-18 00:00:00,243.02,2,Tallinn,pood,jalanõusid
158,2023-01-18 00:00:00,307.83,1,Tartu,pood,naiste_riided
166,2023-01-18 00:00:00,145.16,2,null,online,laste_riided
27,2023-01-19 00:00:00,100.57,1,Tartu,pood,laste_riided
43,2023-01-19 00:00:00,95.87,1,Tallinn,pood,laste_riided
58,2023-01-19 00:00:00,270.69,1,Pärnu,pood,jalanõusid
118,2023-01-19 00:00:00,107.67,1,Tallinn,pood,meeste_riided
132,2023-01-19 00:00:00,504.66,2,Tallinn,pood,naiste_riided
183,2023-01-19 00:00:00,420.72,2,Pärnu,pood,jalanõusid
189,2023-01-19 00:00:00,66.21,1,null,online,laste_riided
197,2023-01-19 00:00:00,1211.44,4,Tartu,pood,jalanõusid
208,2023-01-19 00:00:00,840.39,3,Pärnu,pood,jalanõusid
209,2023-01-19 00:00:00,1484.20,4,Tallinn,pood,jalanõusid
24,2023-01-20 00:00:00,-86.46,1,null,online,laste_riided
29,2023-01-20 00:00:00,147.58,1,Pärnu,pood,jalanõusid
70,2023-01-20 00:00:00,356.57,1,Tallinn,pood,meeste_riided
97,2023-01-20 00:00:00,731.79,3,Tartu,pood,meeste_riided
126,2023-01-20 00:00:00,31.65,1,null,online,laste_riided
134,2023-01-20 00:00:00,68.08,2,null,online,laste_riided
178,2023-01-20 00:00:00,437.98,2,Tartu,pood,naiste_riided
191,2023-01-20 00:00:00,504.20,2,Tallinn,pood,jalanõusid
193,2023-01-20 00:00:00,66.88,1,Tallinn,pood,aksessuaarid
196,2023-01-20 00:00:00,1266.30,5,null,online,meeste_riided
199,2023-01-20 00:00:00,263.13,1,Tallinn,pood,naiste_riided
225,2023-01-20 00:00:00,210.18,2,Tallinn,pood,meeste_riided
242,2023-01-20 00:00:00,412.68,2,Tallinn,pood,jalanõusid
245,2023-01-20 00:00:00,70.01,1,Tallinn,pood,meeste_riided
30,2023-01-21 00:00:00,22.70,1,Tartu,pood,aksessuaarid
96,2023-01-21 00:00:00,237.71,1,null,online,naiste_riided
136,2023-01-21 00:00:00,315.69,3,Tartu,pood,laste_riided
154,2023-01-21 00:00:00,1260.50,5,null,online,jalanõusid
176,2023-01-21 00:00:00,270.69,1,Tallinn,pood,jalanõusid
32,2023-01-22 00:00:00,368.14,2,Tallinn,pood,meeste_riided
42,2023-01-22 00:00:00,260.72,2,Tallinn,pood,naiste_riided
55,2023-01-22 00:00:00,312.26,2,null,online,aksessuaarid
68,2023-01-22 00:00:00,274.78,1,null,online,meeste_riided
137,2023-01-22 00:00:00,79.59,1,Tartu,pood,meeste_riided
155,2023-01-22 00:00:00,65.52,1,Pärnu,pood,jalanõusid
171,2023-01-22 00:00:00,776.73,3,Tallinn,pood,meeste_riided
200,2023-01-22 00:00:00,42.64,1,Pärnu,pood,naiste_riided
221,2023-01-22 00:00:00,24.67,1,Tallinn,pood,laste_riided
8,2023-01-23 00:00:00,252.84,2,null,online,meeste_riided
19,2023-01-23 00:00:00,143.64,3,null,online,aksessuaarid
37,2023-01-23 00:00:00,209.05,1,null,online,naiste_riided
103,2023-01-23 00:00:00,209.05,1,Tallinn,pood,naiste_riided
160,2023-01-23 00:00:00,442.84,2,null,online,jalanõusid
186,2023-01-23 00:00:00,285.14,2,Tartu,pood,meeste_riided
223,2023-01-23 00:00:00,553.94,2,Tallinn,pood,jalanõusid
237,2023-01-23 00:00:00,626.49,3,Tallinn,pood,naiste_riided
238,2023-01-23 00:00:00,155.84,1,null,online,aksessuaarid
260,2023-01-23 00:00:00,102.12,3,Tartu,pood,laste_riided
93,2023-01-24 00:00:00,104.08,2,Tallinn,pood,laste_riided
100,2023-01-24 00:00:00,188.50,2,Tallinn,pood,laste_riided
102,2023-01-24 00:00:00,270.69,1,null,online,jalanõusid
104,2023-01-24 00:00:00,544.10,2,Tallinn,pood,naiste_riided
164,2023-01-24 00:00:00,103.00,2,Tartu,pood,laste_riided
174,2023-01-24 00:00:00,421.52,2,Tartu,pood,naiste_riided
194,2023-01-24 00:00:00,-319.98,1,null,online,jalanõusid
215,2023-01-24 00:00:00,208.11,1,Tartu,pood,meeste_riided
114,2023-01-25 00:00:00,188.91,1,Tallinn,pood,aksessuaarid
140,2023-01-25 00:00:00,504.66,2,Tallinn,pood,naiste_riided
236,2023-01-25 00:00:00,78.09,1,Tallinn,pood,naiste_riided
249,2023-01-25 00:00:00,407.97,3,Tallinn,pood,naiste_riided
253,2023-01-25 00:00:00,585.22,2,Tallinn,pood,jalanõusid
44,2023-01-26 00:00:00,253.26,1,null,online,meeste_riided
76,2023-01-26 00:00:00,918.20,4,null,online,naiste_riided
123,2023-01-26 00:00:00,283.24,2,Tallinn,pood,laste_riided
139,2023-01-26 00:00:00,-308.84,1,null,online,naiste_riided
165,2023-01-26 00:00:00,155.84,1,null,online,aksessuaarid
167,2023-01-26 00:00:00,574.44,3,Tallinn,pood,aksessuaarid
212,2023-01-26 00:00:00,676.86,2,null,online,meeste_riided
21,2023-01-27 00:00:00,53.91,3,Tallinn,pood,aksessuaarid
128,2023-01-27 00:00:00,105.09,1,Tallinn,pood,meeste_riided
179,2023-01-27 00:00:00,74.81,1,null,online,aksessuaarid
6,2023-01-28 00:00:00,282.29,1,Tartu,pood,jalanõusid
28,2023-01-28 00:00:00,48.85,1,Pärnu,pood,meeste_riided
50,2023-01-28 00:00:00,144.20,1,Tallinn,pood,meeste_riided
56,2023-01-28 00:00:00,218.54,1,Tallinn,pood,jalanõusid
84,2023-01-28 00:00:00,368.67,1,Tallinn,pood,jalanõusid
94,2023-01-28 00:00:00,290.55,1,Pärnu,pood,naiste_riided
109,2023-01-28 00:00:00,204.87,1,null,online,aksessuaarid
133,2023-01-28 00:00:00,116.87,1,Pärnu,pood,jalanõusid
250,2023-01-28 00:00:00,100.93,1,Tallinn,pood,meeste_riided
40,2023-01-29 00:00:00,368.04,2,null,online,aksessuaarid
72,2023-01-29 00:00:00,77.40,2,Tallinn,pood,laste_riided
86,2023-01-29 00:00:00,109.42,1,Pärnu,pood,aksessuaarid
92,2023-01-29 00:00:00,614.54,2,Tallinn,pood,jalanõusid
117,2023-01-29 00:00:00,232.40,2,Tallinn,pood,meeste_riided
121,2023-01-29 00:00:00,868.10,5,null,online,aksessuaarid
175,2023-01-29 00:00:00,676.86,2,Tallinn,pood,meeste_riided
219,2023-01-29 00:00:00,73.90,1,Tallinn,pood,laste_riided
255,2023-01-29 00:00:00,605.58,3,Tartu,pood,meeste_riided
64,2023-01-30 00:00:00,153.11,1,Tallinn,pood,aksessuaarid
125,2023-01-30 00:00:00,307.24,2,Tallinn,pood,jalanõusid
31,2023-01-31 00:00:00,45.21,1,Tartu,pood,aksessuaarid
34,2023-01-31 00:00:00,221.42,1,null,online,jalanõusid
57,2023-01-31 00:00:00,188.50,2,null,online,laste_riided
71,2023-01-31 00:00:00,363.36,2,null,online,aksessuaarid
89,2023-01-31 00:00:00,125.64,2,Tallinn,pood,laste_riided
111,2023-01-31 00:00:00,296.40,1,Tallinn,pood,naiste_riided
119,2023-01-31 00:00:00,155.84,1,Tallinn,pood,aksessuaarid
130,2023-01-31 00:00:00,414.46,2,null,online,jalanõusid
202,2023-01-31 00:00:00,439.66,2,Tallinn,pood,aksessuaarid
230,2023-01-31 00:00:00,307.27,1,null,online,jalanõusid
258,2023-01-31 00:00:00,548.74,2,Tallinn,pood,naiste_riided
287,2023-02-01 00:00:00,272.60,2,Tallinn,pood,laste_riided
291,2023-02-01 00:00:00,260.04,2,Tartu,pood,laste_riided
302,2023-02-01 00:00:00,430.68,4,Tallinn,pood,meeste_riided
339,2023-02-01 00:00:00,553.94,2,Pärnu,pood,jalanõusid
361,2023-02-01 00:00:00,108.09,1,Tallinn,pood,naiste_riided
367,2023-02-01 00:00:00,178.58,2,null,online,meeste_riided
370,2023-02-01 00:00:00,202.57,1,Tartu,pood,naiste_riided
372,2023-02-01 00:00:00,321.42,2,null,online,meeste_riided
393,2023-02-01 00:00:00,131.04,2,null,online,jalanõusid
407,2023-02-01 00:00:00,772.17,3,null,online,naiste_riided
413,2023-02-01 00:00:00,274.87,1,Pärnu,pood,jalanõusid
421,2023-02-01 00:00:00,84.95,1,Tartu,pood,laste_riided
423,2023-02-01 00:00:00,840.06,3,Pärnu,pood,naiste_riided
503,2023-02-01 00:00:00,328.26,3,Tallinn,pood,aksessuaarid
509,2023-02-01 00:00:00,373.54,2,Tallinn,pood,aksessuaarid
275,2023-02-02 00:00:00,245.59,1,null,online,naiste_riided
286,2023-02-02 00:00:00,252.33,1,null,online,naiste_riided
300,2023-02-02 00:00:00,208.54,2,Tallinn,pood,laste_riided
329,2023-02-02 00:00:00,147.16,1,null,online,aksessuaarid
350,2023-02-02 00:00:00,83.23,1,Tartu,pood,naiste_riided
355,2023-02-02 00:00:00,574.44,3,Tallinn,pood,aksessuaarid
387,2023-02-02 00:00:00,93.13,1,null,online,aksessuaarid
395,2023-02-02 00:00:00,743.43,3,Tallinn,pood,meeste_riided
449,2023-02-02 00:00:00,106.69,1,Tartu,pood,meeste_riided
452,2023-02-02 00:00:00,234.99,1,null,online,naiste_riided
481,2023-02-02 00:00:00,332.54,2,null,online,naiste_riided
497,2023-02-02 00:00:00,145.72,1,Tallinn,pood,aksessuaarid
499,2023-02-02 00:00:00,83.23,1,null,online,naiste_riided
288,2023-02-03 00:00:00,114.16,2,null,online,aksessuaarid
309,2023-02-03 00:00:00,585.22,2,Tartu,pood,jalanõusid
325,2023-02-03 00:00:00,333.78,3,Pärnu,pood,naiste_riided
338,2023-02-03 00:00:00,582.88,4,Pärnu,pood,aksessuaarid
401,2023-02-03 00:00:00,1013.04,4,Pärnu,pood,meeste_riided
437,2023-02-03 00:00:00,52.04,1,Tallinn,pood,laste_riided
483,2023-02-03 00:00:00,546.12,2,Tallinn,pood,jalanõusid
538,2023-02-03 00:00:00,564.58,2,Tallinn,pood,jalanõusid
359,2023-02-04 00:00:00,138.13,1,null,online,laste_riided
390,2023-02-04 00:00:00,251.04,2,null,online,meeste_riided
461,2023-02-04 00:00:00,24.54,1,Pärnu,pood,laste_riided
476,2023-02-04 00:00:00,134.58,1,Pärnu,pood,meeste_riided
271,2023-02-05 00:00:00,208.54,2,Tallinn,pood,laste_riided
304,2023-02-05 00:00:00,229.01,1,null,online,meeste_riided
313,2023-02-05 00:00:00,94.65,1,Tartu,pood,laste_riided
425,2023-02-05 00:00:00,160.91,1,Tallinn,pood,meeste_riided
448,2023-02-05 00:00:00,304.26,2,null,online,meeste_riided
262,2023-02-06 00:00:00,251.91,3,null,online,jalanõusid
267,2023-02-06 00:00:00,632.10,5,null,online,meeste_riided
283,2023-02-06 00:00:00,327.06,2,null,online,meeste_riided
316,2023-02-06 00:00:00,274.66,2,null,online,meeste_riided
398,2023-02-06 00:00:00,73.18,1,Pärnu,pood,jalanõusid
432,2023-02-06 00:00:00,939.64,4,Tartu,pood,jalanõusid
450,2023-02-06 00:00:00,611.44,2,Tallinn,pood,jalanõusid
488,2023-02-06 00:00:00,156.18,2,Tallinn,pood,naiste_riided
263,2023-02-07 00:00:00,190.81,1,Tallinn,pood,jalanõusid
299,2023-02-07 00:00:00,35.68,1,Tallinn,pood,laste_riided
301,2023-02-07 00:00:00,184.15,1,null,online,aksessuaarid
318,2023-02-07 00:00:00,16.62,1,Pärnu,pood,aksessuaarid
326,2023-02-07 00:00:00,72.58,1,null,online,laste_riided
385,2023-02-07 00:00:00,-438.76,2,Tallinn,pood,aksessuaarid
391,2023-02-07 00:00:00,219.83,1,Pärnu,pood,aksessuaarid
394,2023-02-07 00:00:00,237.71,1,Tallinn,pood,naiste_riided
420,2023-02-07 00:00:00,122.07,1,Tallinn,pood,aksessuaarid
440,2023-02-07 00:00:00,218.54,1,Tartu,pood,jalanõusid
441,2023-02-07 00:00:00,484.86,2,Tallinn,pood,meeste_riided
466,2023-02-07 00:00:00,105.09,1,null,online,meeste_riided
487,2023-02-07 00:00:00,120.17,1,Tartu,pood,jalanõusid
496,2023-02-07 00:00:00,144.20,1,null,online,meeste_riided
357,2023-02-08 00:00:00,273.32,1,null,online,jalanõusid
375,2023-02-08 00:00:00,420.72,2,null,online,jalanõusid
404,2023-02-08 00:00:00,138.90,1,Tallinn,pood,meeste_riided
504,2023-02-08 00:00:00,600.85,5,null,online,jalanõusid
296,2023-02-09 00:00:00,198.42,1,null,online,jalanõusid
310,2023-02-09 00:00:00,243.96,2,Tallinn,pood,aksessuaarid
410,2023-02-09 00:00:00,229.55,1,Tallinn,pood,naiste_riided
451,2023-02-09 00:00:00,100.40,1,null,online,laste_riided
520,2023-02-09 00:00:00,713.13,3,Tallinn,pood,naiste_riided
527,2023-02-09 00:00:00,500.34,2,Tartu,pood,naiste_riided
528,2023-02-09 00:00:00,448.65,3,Tallinn,pood,aksessuaarid
284,2023-02-10 00:00:00,138.13,1,Tallinn,pood,laste_riided
303,2023-02-10 00:00:00,205.00,1,Tallinn,pood,meeste_riided
342,2023-02-10 00:00:00,34.04,1,Pärnu,pood,laste_riided
353,2023-02-10 00:00:00,296.40,1,null,online,naiste_riided
363,2023-02-10 00:00:00,205.89,1,null,online,aksessuaarid
416,2023-02-10 00:00:00,256.88,2,Tallinn,pood,laste_riided
418,2023-02-10 00:00:00,136.30,1,Tallinn,pood,laste_riided
472,2023-02-10 00:00:00,182.44,2,Tallinn,pood,meeste_riided
530,2023-02-10 00:00:00,131.20,2,Tallinn,pood,aksessuaarid
294,2023-02-11 00:00:00,163.64,1,null,online,jalanõusid
324,2023-02-11 00:00:00,123.35,5,Tartu,pood,laste_riided
382,2023-02-11 00:00:00,253.80,1,null,online,jalanõusid
388,2023-02-11 00:00:00,90.42,2,Tallinn,pood,aksessuaarid
409,2023-02-11 00:00:00,219.19,1,Tartu,pood,naiste_riided
469,2023-02-11 00:00:00,139.74,1,Tallinn,pood,naiste_riided
516,2023-02-11 00:00:00,585.22,2,null,online,jalanõusid
521,2023-02-11 00:00:00,321.82,2,Tallinn,pood,meeste_riided
265,2023-02-12 00:00:00,232.80,3,null,online,meeste_riided
312,2023-02-12 00:00:00,153.40,2,null,online,naiste_riided
340,2023-02-12 00:00:00,472.47,3,Tallinn,pood,jalanõusid
383,2023-02-12 00:00:00,434.08,1,Pärnu,pood,jalanõusid
523,2023-02-12 00:00:00,63.95,1,null,online,jalanõusid
285,2023-02-13 00:00:00,29.48,1,Tallinn,pood,aksessuaarid
295,2023-02-13 00:00:00,221.42,1,Tallinn,pood,jalanõusid
305,2023-02-13 00:00:00,414.39,3,null,online,laste_riided
341,2023-02-13 00:00:00,186.26,2,Tartu,pood,aksessuaarid
348,2023-02-13 00:00:00,151.45,1,Tallinn,pood,laste_riided
360,2023-02-13 00:00:00,72.60,1,Tallinn,pood,laste_riided
368,2023-02-13 00:00:00,203.67,1,Tallinn,pood,meeste_riided
377,2023-02-13 00:00:00,149.47,1,Tallinn,pood,aksessuaarid
396,2023-02-13 00:00:00,134.94,1,Pärnu,pood,aksessuaarid
405,2023-02-13 00:00:00,676.86,2,Pärnu,pood,meeste_riided
426,2023-02-13 00:00:00,393.82,2,Tallinn,pood,meeste_riided
454,2023-02-13 00:00:00,30.05,1,Tallinn,pood,laste_riided
471,2023-02-13 00:00:00,1212.15,5,Tartu,pood,meeste_riided
490,2023-02-13 00:00:00,597.88,4,Tartu,pood,aksessuaarid
518,2023-02-13 00:00:00,178.78,2,Tallinn,pood,meeste_riided
525,2023-02-13 00:00:00,234.91,1,Pärnu,pood,jalanõusid
531,2023-02-13 00:00:00,406.78,2,null,online,aksessuaarid
537,2023-02-13 00:00:00,155.45,1,Tallinn,pood,aksessuaarid
334,2023-02-14 00:00:00,201.86,2,Pärnu,pood,meeste_riided
346,2023-02-14 00:00:00,51.10,1,null,online,aksessuaarid
349,2023-02-14 00:00:00,448.38,2,Tartu,pood,naiste_riided
373,2023-02-14 00:00:00,199.14,2,null,online,laste_riided
389,2023-02-14 00:00:00,26.62,1,Tallinn,pood,laste_riided
485,2023-02-14 00:00:00,304.14,1,null,online,naiste_riided
532,2023-02-14 00:00:00,50.85,1,Pärnu,pood,aksessuaarid
282,2023-02-15 00:00:00,22.70,1,Tallinn,pood,laste_riided
311,2023-02-15 00:00:00,229.60,2,null,online,laste_riided
328,2023-02-15 00:00:00,109.90,2,Pärnu,pood,laste_riided
364,2023-02-15 00:00:00,694.32,2,null,online,meeste_riided
384,2023-02-15 00:00:00,125.12,2,Pärnu,pood,aksessuaarid
414,2023-02-15 00:00:00,51.58,1,Tallinn,pood,laste_riided
431,2023-02-15 00:00:00,101.54,2,Tartu,pood,naiste_riided
439,2023-02-15 00:00:00,175.25,1,Pärnu,pood,meeste_riided
529,2023-02-15 00:00:00,172.28,2,null,online,laste_riided
292,2023-02-16 00:00:00,1053.99,3,null,online,naiste_riided
297,2023-02-16 00:00:00,308.84,1,Tallinn,pood,naiste_riided
322,2023-02-16 00:00:00,234.91,1,Tallinn,pood,jalanõusid
337,2023-02-16 00:00:00,321.42,2,Tallinn,pood,meeste_riided
356,2023-02-16 00:00:00,130.73,1,Tallinn,pood,laste_riided
474,2023-02-16 00:00:00,35.68,1,null,online,laste_riided
477,2023-02-16 00:00:00,95.76,2,Tallinn,pood,aksessuaarid
500,2023-02-16 00:00:00,312.81,3,Tallinn,pood,laste_riided
506,2023-02-16 00:00:00,95.50,1,Pärnu,pood,naiste_riided
514,2023-02-16 00:00:00,472.47,3,Tallinn,pood,jalanõusid
522,2023-02-16 00:00:00,138.78,2,Tallinn,pood,jalanõusid
273,2023-02-17 00:00:00,184.02,1,null,online,aksessuaarid
274,2023-02-17 00:00:00,49.08,2,Tallinn,pood,laste_riided
277,2023-02-17 00:00:00,98.79,3,Tartu,pood,naiste_riided
314,2023-02-17 00:00:00,147.80,2,Tallinn,pood,laste_riided
358,2023-02-17 00:00:00,318.50,2,Pärnu,pood,meeste_riided
371,2023-02-17 00:00:00,112.68,1,Tallinn,pood,laste_riided
399,2023-02-17 00:00:00,519.38,2,Tallinn,pood,meeste_riided
403,2023-02-17 00:00:00,410.00,2,Tartu,pood,meeste_riided
412,2023-02-17 00:00:00,258.91,1,Pärnu,pood,meeste_riided
435,2023-02-17 00:00:00,210.46,2,Tartu,pood,laste_riided
460,2023-02-17 00:00:00,204.87,1,Tallinn,pood,aksessuaarid
473,2023-02-17 00:00:00,421.92,3,Pärnu,pood,laste_riided
493,2023-02-17 00:00:00,158.94,1,null,online,jalanõusid
508,2023-02-17 00:00:00,127.90,2,Tallinn,pood,jalanõusid
266,2023-02-18 00:00:00,603.94,2,null,online,naiste_riided
343,2023-02-18 00:00:00,52.04,1,Tallinn,pood,laste_riided
354,2023-02-18 00:00:00,86.46,1,Tallinn,pood,laste_riided
406,2023-02-18 00:00:00,585.22,2,Tartu,pood,jalanõusid
427,2023-02-18 00:00:00,53.58,2,Tallinn,pood,aksessuaarid
443,2023-02-18 00:00:00,436.84,2,Tallinn,pood,meeste_riided
446,2023-02-18 00:00:00,205.89,1,null,online,aksessuaarid
453,2023-02-18 00:00:00,157.49,1,Tallinn,pood,jalanõusid
456,2023-02-18 00:00:00,153.40,2,null,online,naiste_riided
458,2023-02-18 00:00:00,93.13,1,Tartu,pood,aksessuaarid
510,2023-02-18 00:00:00,127.92,3,null,online,naiste_riided
289,2023-02-19 00:00:00,495.04,2,Tallinn,pood,naiste_riided
331,2023-02-19 00:00:00,1015.29,3,Tartu,pood,meeste_riided
365,2023-02-19 00:00:00,1792.05,5,Pärnu,pood,jalanõusid
457,2023-02-19 00:00:00,823.11,3,Tallinn,pood,naiste_riided
459,2023-02-19 00:00:00,320.13,3,null,online,aksessuaarid
462,2023-02-19 00:00:00,1093.28,4,Tartu,pood,jalanõusid
464,2023-02-19 00:00:00,1015.29,3,Pärnu,pood,meeste_riided
467,2023-02-19 00:00:00,86.46,1,null,online,laste_riided
502,2023-02-19 00:00:00,421.74,2,Tallinn,pood,meeste_riided
507,2023-02-19 00:00:00,24.54,1,Tartu,pood,laste_riided
519,2023-02-19 00:00:00,873.68,4,Tallinn,pood,meeste_riided
315,2023-02-20 00:00:00,155.20,2,Tallinn,pood,meeste_riided
352,2023-02-20 00:00:00,921.81,3,Tallinn,pood,jalanõusid
366,2023-02-20 00:00:00,350.50,2,Pärnu,pood,meeste_riided
374,2023-02-20 00:00:00,98.68,1,null,online,laste_riided
402,2023-02-20 00:00:00,213.64,2,Tartu,pood,laste_riided
417,2023-02-20 00:00:00,283.24,2,null,online,laste_riided
433,2023-02-20 00:00:00,327.07,1,Tallinn,pood,meeste_riided
484,2023-02-20 00:00:00,823.11,3,Tartu,pood,naiste_riided
513,2023-02-20 00:00:00,149.47,1,Tallinn,pood,aksessuaarid
517,2023-02-20 00:00:00,186.77,1,Pärnu,pood,aksessuaarid
534,2023-02-20 00:00:00,514.78,2,Tallinn,pood,naiste_riided
268,2023-02-21 00:00:00,51.58,1,Tartu,pood,laste_riided
320,2023-02-21 00:00:00,218.84,2,Tallinn,pood,aksessuaarid
323,2023-02-21 00:00:00,183.31,1,Tartu,pood,aksessuaarid
330,2023-02-21 00:00:00,695.68,2,Pärnu,pood,meeste_riided
362,2023-02-21 00:00:00,48.85,1,Pärnu,pood,meeste_riided
378,2023-02-21 00:00:00,344.40,3,Tartu,pood,laste_riided
379,2023-02-21 00:00:00,172.28,2,Tallinn,pood,laste_riided
478,2023-02-21 00:00:00,86.14,1,Tallinn,pood,laste_riided
482,2023-02-21 00:00:00,583.44,2,null,online,jalanõusid
272,2023-02-22 00:00:00,312.26,2,null,online,aksessuaarid
307,2023-02-22 00:00:00,210.87,1,Tallinn,pood,meeste_riided
317,2023-02-22 00:00:00,221.89,1,null,online,naiste_riided
332,2023-02-22 00:00:00,151.45,1,null,online,laste_riided
345,2023-02-22 00:00:00,442.84,2,null,online,jalanõusid
400,2023-02-22 00:00:00,82.15,1,Tallinn,pood,meeste_riided
411,2023-02-22 00:00:00,213.38,2,Tartu,pood,meeste_riided
422,2023-02-22 00:00:00,564.20,4,Tallinn,pood,jalanõusid
424,2023-02-22 00:00:00,168.82,1,Tallinn,pood,laste_riided
429,2023-02-22 00:00:00,727.29,3,Tallinn,pood,meeste_riided
515,2023-02-22 00:00:00,838.29,3,Tallinn,pood,meeste_riided
280,2023-02-23 00:00:00,49.11,3,Tallinn,pood,aksessuaarid
351,2023-02-23 00:00:00,35.68,1,null,online,laste_riided
380,2023-02-23 00:00:00,303.78,3,null,online,laste_riided
397,2023-02-23 00:00:00,62.56,1,Pärnu,pood,aksessuaarid
419,2023-02-23 00:00:00,329.99,1,Tallinn,pood,jalanõusid
436,2023-02-23 00:00:00,114.16,2,Tartu,pood,aksessuaarid
470,2023-02-23 00:00:00,125.52,1,Tallinn,pood,meeste_riided
480,2023-02-23 00:00:00,72.73,1,Pärnu,pood,naiste_riided
511,2023-02-23 00:00:00,41.63,1,null,online,naiste_riided
524,2023-02-23 00:00:00,54.95,1,Pärnu,pood,laste_riided
533,2023-02-23 00:00:00,111.26,1,Tallinn,pood,naiste_riided
539,2023-02-23 00:00:00,77.60,1,null,online,meeste_riided
264,2023-02-24 00:00:00,155.84,1,Tartu,pood,aksessuaarid
270,2023-02-24 00:00:00,763.24,4,null,online,jalanõusid
306,2023-02-24 00:00:00,346.70,1,Tartu,pood,naiste_riided
308,2023-02-24 00:00:00,47.07,1,null,online,aksessuaarid
369,2023-02-24 00:00:00,30.05,1,Tallinn,pood,laste_riided
376,2023-02-24 00:00:00,152.13,1,Pärnu,pood,meeste_riided
408,2023-02-24 00:00:00,120.17,1,Tallinn,pood,jalanõusid
434,2023-02-24 00:00:00,271.35,1,Tallinn,pood,jalanõusid
442,2023-02-24 00:00:00,60.37,1,null,online,naiste_riided
447,2023-02-24 00:00:00,1249.64,4,Tallinn,pood,meeste_riided
269,2023-02-25 00:00:00,53.99,1,Tallinn,pood,laste_riided
281,2023-02-25 00:00:00,57.08,1,Tartu,pood,aksessuaarid
293,2023-02-25 00:00:00,265.20,1,Tallinn,pood,naiste_riided
298,2023-02-25 00:00:00,504.66,2,null,online,naiste_riided
347,2023-02-25 00:00:00,292.72,4,null,online,jalanõusid
438,2023-02-25 00:00:00,218.19,3,Pärnu,pood,naiste_riided
468,2023-02-25 00:00:00,175.25,1,Tallinn,pood,meeste_riided
475,2023-02-25 00:00:00,169.08,2,Tallinn,pood,jalanõusid
495,2023-02-25 00:00:00,134.94,1,Tallinn,pood,aksessuaarid
498,2023-02-25 00:00:00,65.52,1,Tallinn,pood,jalanõusid
536,2023-02-25 00:00:00,24.67,1,Tartu,pood,laste_riided
278,2023-02-26 00:00:00,498.81,3,Tallinn,pood,naiste_riided
279,2023-02-26 00:00:00,315.27,3,null,online,meeste_riided
319,2023-02-26 00:00:00,243.02,2,Tallinn,pood,jalanõusid
386,2023-02-26 00:00:00,108.09,1,Tallinn,pood,naiste_riided
455,2023-02-26 00:00:00,437.98,2,Tallinn,pood,naiste_riided
491,2023-02-26 00:00:00,151.08,1,Tartu,pood,meeste_riided
512,2023-02-26 00:00:00,232.61,1,null,online,jalanõusid
526,2023-02-26 00:00:00,188.28,4,Tallinn,pood,aksessuaarid
290,2023-02-27 00:00:00,436.84,2,Tartu,pood,meeste_riided
321,2023-02-27 00:00:00,262.40,4,null,online,aksessuaarid
327,2023-02-27 00:00:00,229.60,2,null,online,laste_riided
381,2023-02-27 00:00:00,160.71,1,null,online,meeste_riided
415,2023-02-27 00:00:00,51.58,1,null,online,laste_riided
479,2023-02-27 00:00:00,526.45,5,Tallinn,pood,laste_riided
486,2023-02-27 00:00:00,211.35,1,Tallinn,pood,naiste_riided
492,2023-02-27 00:00:00,659.98,2,Tallinn,pood,jalanõusid
494,2023-02-27 00:00:00,1458.60,5,Tartu,pood,jalanõusid
333,2023-02-28 00:00:00,336.68,2,null,online,naiste_riided
335,2023-02-28 00:00:00,51.50,1,null,online,laste_riided
336,2023-02-28 00:00:00,560.04,2,Tallinn,pood,naiste_riided
344,2023-02-28 00:00:00,304.26,2,null,online,meeste_riided
392,2023-02-28 00:00:00,106.21,1,Tallinn,pood,laste_riided
428,2023-02-28 00:00:00,120.59,1,null,online,meeste_riided
444,2023-02-28 00:00:00,935.80,5,null,online,jalanõusid
445,2023-02-28 00:00:00,94.25,1,Pärnu,pood,laste_riided
463,2023-02-28 00:00:00,207.23,1,Tartu,pood,jalanõusid
465,2023-02-28 00:00:00,329.99,1,null,online,jalanõusid
489,2023-02-28 00:00:00,139.74,1,Tallinn,pood,naiste_riided
501,2023-02-28 00:00:00,1006.08,4,null,online,jalanõusid
505,2023-02-28 00:00:00,124.35,1,null,online,meeste_riided
535,2023-02-28 00:00:00,212.42,2,null,online,laste_riided
573,2023-03-01 00:00:00,564.20,4,Tartu,pood,jalanõusid
612,2023-03-01 00:00:00,107.04,3,Tartu,pood,laste_riided
618,2023-03-01 00:00:00,173.60,2,Tartu,pood,naiste_riided
682,2023-03-01 00:00:00,127.38,1,Tartu,pood,meeste_riided
768,2023-03-01 00:00:00,285.14,2,Tallinn,pood,meeste_riided
804,2023-03-01 00:00:00,475.53,3,Tallinn,pood,naiste_riided
863,2023-03-01 00:00:00,270.99,1,Tartu,pood,meeste_riided
541,2023-03-02 00:00:00,338.43,1,Tartu,pood,meeste_riided
568,2023-03-02 00:00:00,438.38,2,Tallinn,pood,naiste_riided
608,2023-03-02 00:00:00,218.84,2,Tallinn,pood,aksessuaarid
634,2023-03-02 00:00:00,194.57,1,Pärnu,pood,aksessuaarid
643,2023-03-02 00:00:00,210.76,1,Tallinn,pood,naiste_riided
689,2023-03-02 00:00:00,24.67,1,Tallinn,pood,laste_riided
783,2023-03-02 00:00:00,-218.84,2,null,online,aksessuaarid
797,2023-03-02 00:00:00,82.15,1,Pärnu,pood,meeste_riided
812,2023-03-02 00:00:00,209.05,1,Tallinn,pood,naiste_riided
876,2023-03-02 00:00:00,332.55,1,Tallinn,pood,meeste_riided
551,2023-03-03 00:00:00,546.64,2,null,online,jalanõusid
567,2023-03-03 00:00:00,163.53,1,null,online,meeste_riided
626,2023-03-03 00:00:00,193.00,2,Tallinn,pood,meeste_riided
652,2023-03-03 00:00:00,436.50,3,null,online,jalanõusid
655,2023-03-03 00:00:00,213.64,2,Tallinn,pood,laste_riided
700,2023-03-03 00:00:00,188.50,2,Tallinn,pood,laste_riided
731,2023-03-03 00:00:00,-190.78,2,Pärnu,pood,aksessuaarid
796,2023-03-03 00:00:00,46.90,2,Tallinn,pood,aksessuaarid
869,2023-03-03 00:00:00,125.98,1,Tartu,pood,naiste_riided
581,2023-03-04 00:00:00,66.12,3,null,online,aksessuaarid
592,2023-03-04 00:00:00,72.73,1,Tallinn,pood,naiste_riided
614,2023-03-04 00:00:00,374.54,1,Pärnu,pood,meeste_riided
671,2023-03-04 00:00:00,152.85,1,Pärnu,pood,laste_riided
695,2023-03-04 00:00:00,431.16,2,Tallinn,pood,aksessuaarid
754,2023-03-04 00:00:00,500.34,2,Tallinn,pood,naiste_riided
819,2023-03-04 00:00:00,134.94,1,Tallinn,pood,aksessuaarid
622,2023-03-05 00:00:00,374.32,2,Pärnu,pood,jalanõusid
633,2023-03-05 00:00:00,337.64,2,Tallinn,pood,laste_riided
683,2023-03-05 00:00:00,374.54,1,null,online,meeste_riided
690,2023-03-05 00:00:00,46.90,2,null,online,aksessuaarid
717,2023-03-05 00:00:00,120.74,2,Pärnu,pood,naiste_riided
738,2023-03-05 00:00:00,278.59,1,Tallinn,pood,meeste_riided
742,2023-03-05 00:00:00,194.57,1,Tallinn,pood,aksessuaarid
765,2023-03-05 00:00:00,290.55,1,Tartu,pood,naiste_riided
776,2023-03-05 00:00:00,218.42,1,null,online,meeste_riided
821,2023-03-05 00:00:00,82.15,1,null,online,meeste_riided
840,2023-03-05 00:00:00,73.90,1,Tallinn,pood,laste_riided
553,2023-03-06 00:00:00,305.70,2,Tallinn,pood,laste_riided
609,2023-03-06 00:00:00,787.64,4,null,online,meeste_riided
623,2023-03-06 00:00:00,611.01,3,Tallinn,pood,meeste_riided
658,2023-03-06 00:00:00,228.81,1,Tallinn,pood,jalanõusid
659,2023-03-06 00:00:00,361.77,3,Tallinn,pood,meeste_riided
679,2023-03-06 00:00:00,926.52,3,Tallinn,pood,naiste_riided
681,2023-03-06 00:00:00,713.13,3,null,online,naiste_riided
698,2023-03-06 00:00:00,227.72,2,Tallinn,pood,aksessuaarid
702,2023-03-06 00:00:00,-16.37,1,null,online,aksessuaarid
704,2023-03-06 00:00:00,72.73,1,Pärnu,pood,naiste_riided
829,2023-03-06 00:00:00,562.38,2,Tallinn,pood,meeste_riided
835,2023-03-06 00:00:00,77.40,2,Tallinn,pood,laste_riided
848,2023-03-06 00:00:00,109.62,1,Tallinn,pood,naiste_riided
868,2023-03-06 00:00:00,74.70,1,Tallinn,pood,jalanõusid
873,2023-03-06 00:00:00,648.76,2,Tallinn,pood,jalanõusid
557,2023-03-07 00:00:00,234.99,1,null,online,naiste_riided
570,2023-03-07 00:00:00,53.01,1,null,online,meeste_riided
579,2023-03-07 00:00:00,153.11,1,Tartu,pood,aksessuaarid
595,2023-03-07 00:00:00,183.40,1,Pärnu,pood,aksessuaarid
649,2023-03-07 00:00:00,332.54,2,Tallinn,pood,naiste_riided
657,2023-03-07 00:00:00,122.45,1,Pärnu,pood,naiste_riided
662,2023-03-07 00:00:00,260.72,2,null,online,naiste_riided
672,2023-03-07 00:00:00,160.21,1,null,online,meeste_riided
716,2023-03-07 00:00:00,1123.62,3,null,online,meeste_riided
725,2023-03-07 00:00:00,824.34,3,null,online,meeste_riided
775,2023-03-07 00:00:00,225.36,2,Tallinn,pood,laste_riided
547,2023-03-08 00:00:00,614.54,2,Tallinn,pood,jalanõusid
554,2023-03-08 00:00:00,48.85,1,Tallinn,pood,meeste_riided
606,2023-03-08 00:00:00,50.77,1,Tallinn,pood,naiste_riided
680,2023-03-08 00:00:00,338.43,1,Tallinn,pood,meeste_riided
701,2023-03-08 00:00:00,820.00,4,null,online,meeste_riided
713,2023-03-08 00:00:00,96.11,1,Pärnu,pood,jalanõusid
735,2023-03-08 00:00:00,113.86,1,null,online,aksessuaarid
758,2023-03-08 00:00:00,-199.14,2,Tallinn,pood,laste_riided
824,2023-03-08 00:00:00,259.23,1,Tallinn,pood,meeste_riided
855,2023-03-08 00:00:00,234.79,1,Tartu,pood,meeste_riided
861,2023-03-08 00:00:00,178.58,2,Tallinn,pood,meeste_riided
569,2023-03-09 00:00:00,-469.98,2,Tartu,pood,naiste_riided
576,2023-03-09 00:00:00,51.50,1,Tartu,pood,laste_riided
582,2023-03-09 00:00:00,603.94,2,null,online,naiste_riided
587,2023-03-09 00:00:00,250.20,4,Tallinn,pood,jalanõusid
593,2023-03-09 00:00:00,409.74,2,Pärnu,pood,aksessuaarid
610,2023-03-09 00:00:00,168.82,1,null,online,laste_riided
711,2023-03-09 00:00:00,307.27,1,null,online,jalanõusid
747,2023-03-09 00:00:00,201.86,1,Tallinn,pood,meeste_riided
771,2023-03-09 00:00:00,205.89,1,null,online,aksessuaarid
773,2023-03-09 00:00:00,319.42,1,Tallinn,pood,naiste_riided
820,2023-03-09 00:00:00,47.36,2,Tallinn,pood,laste_riided
836,2023-03-09 00:00:00,809.55,3,Tartu,pood,meeste_riided
860,2023-03-09 00:00:00,49.34,2,Tartu,pood,laste_riided
544,2023-03-10 00:00:00,51.50,1,null,online,laste_riided
603,2023-03-10 00:00:00,94.76,2,Tallinn,pood,laste_riided
705,2023-03-10 00:00:00,351.33,1,null,online,naiste_riided
746,2023-03-10 00:00:00,549.74,2,Tartu,pood,jalanõusid
748,2023-03-10 00:00:00,112.68,1,null,online,laste_riided
749,2023-03-10 00:00:00,163.64,1,Pärnu,pood,jalanõusid
841,2023-03-10 00:00:00,279.43,1,null,online,meeste_riided
846,2023-03-10 00:00:00,213.42,2,Pärnu,pood,aksessuaarid
881,2023-03-10 00:00:00,530.40,2,null,online,naiste_riided
882,2023-03-10 00:00:00,24.67,1,null,online,laste_riided
543,2023-03-11 00:00:00,322.08,3,Tartu,pood,laste_riided
559,2023-03-11 00:00:00,110.53,1,Tallinn,pood,meeste_riided
562,2023-03-11 00:00:00,134.58,1,null,online,meeste_riided
712,2023-03-11 00:00:00,615.66,2,Tallinn,pood,naiste_riided
720,2023-03-11 00:00:00,592.80,2,null,online,naiste_riided
770,2023-03-11 00:00:00,44.08,2,null,online,aksessuaarid
788,2023-03-11 00:00:00,614.61,3,Tallinn,pood,aksessuaarid
811,2023-03-11 00:00:00,112.68,1,null,online,laste_riided
814,2023-03-11 00:00:00,740.91,3,Pärnu,pood,meeste_riided
845,2023-03-11 00:00:00,106.02,2,null,online,meeste_riided
865,2023-03-11 00:00:00,658.14,3,Tallinn,pood,aksessuaarid
615,2023-03-12 00:00:00,106.02,2,Tartu,pood,meeste_riided
627,2023-03-12 00:00:00,422.05,5,null,online,jalanõusid
628,2023-03-12 00:00:00,109.62,1,null,online,naiste_riided
656,2023-03-12 00:00:00,106.48,4,Tartu,pood,laste_riided
663,2023-03-12 00:00:00,1093.28,4,Pärnu,pood,jalanõusid
703,2023-03-12 00:00:00,374.54,1,Tallinn,pood,meeste_riided
709,2023-03-12 00:00:00,1173.95,5,Tallinn,pood,meeste_riided
715,2023-03-12 00:00:00,593.16,2,Tartu,pood,meeste_riided
734,2023-03-12 00:00:00,116.98,2,Tartu,pood,jalanõusid
816,2023-03-12 00:00:00,172.28,2,null,online,laste_riided
571,2023-03-13 00:00:00,88.44,3,Tallinn,pood,aksessuaarid
589,2023-03-13 00:00:00,65.60,1,Tallinn,pood,aksessuaarid
591,2023-03-13 00:00:00,51.50,1,Tartu,pood,laste_riided
617,2023-03-13 00:00:00,1484.20,4,Tartu,pood,jalanõusid
635,2023-03-13 00:00:00,130.36,1,Pärnu,pood,naiste_riided
641,2023-03-13 00:00:00,476.82,3,null,online,jalanõusid
678,2023-03-13 00:00:00,166.27,1,null,online,naiste_riided
757,2023-03-13 00:00:00,210.87,1,Tallinn,pood,meeste_riided
780,2023-03-13 00:00:00,81.48,1,Tallinn,pood,jalanõusid
847,2023-03-13 00:00:00,120.17,1,Tallinn,pood,jalanõusid
853,2023-03-13 00:00:00,264.24,3,Tallinn,pood,laste_riided
870,2023-03-13 00:00:00,127.92,3,Pärnu,pood,naiste_riided
611,2023-03-14 00:00:00,260.00,4,Tallinn,pood,jalanõusid
646,2023-03-14 00:00:00,273.06,1,Tallinn,pood,jalanõusid
650,2023-03-14 00:00:00,93.70,1,Tartu,pood,meeste_riided
666,2023-03-14 00:00:00,603.94,2,Tallinn,pood,naiste_riided
706,2023-03-14 00:00:00,191.85,3,Tallinn,pood,jalanõusid
722,2023-03-14 00:00:00,339.21,1,Tallinn,pood,jalanõusid
726,2023-03-14 00:00:00,51.50,1,null,online,laste_riided
728,2023-03-14 00:00:00,296.40,1,null,online,naiste_riided
729,2023-03-14 00:00:00,244.90,2,Tallinn,pood,naiste_riided
795,2023-03-14 00:00:00,339.21,1,Tartu,pood,jalanõusid
808,2023-03-14 00:00:00,270.69,1,Tallinn,pood,jalanõusid
878,2023-03-14 00:00:00,334.46,2,null,online,laste_riided
563,2023-03-15 00:00:00,230.06,1,null,online,meeste_riided
694,2023-03-15 00:00:00,401.54,2,Pärnu,pood,naiste_riided
724,2023-03-15 00:00:00,95.76,2,null,online,aksessuaarid
744,2023-03-15 00:00:00,703.24,2,null,online,meeste_riided
756,2023-03-15 00:00:00,-95.39,1,Tallinn,pood,aksessuaarid
779,2023-03-15 00:00:00,210.87,1,Tartu,pood,meeste_riided
791,2023-03-15 00:00:00,-259.69,1,Tartu,pood,meeste_riided
806,2023-03-15 00:00:00,350.19,1,Pärnu,pood,jalanõusid
828,2023-03-15 00:00:00,252.10,1,Tallinn,pood,jalanõusid
838,2023-03-15 00:00:00,234.91,1,Tallinn,pood,jalanõusid
590,2023-03-16 00:00:00,318.50,2,Tallinn,pood,meeste_riided
605,2023-03-16 00:00:00,392.19,3,null,online,laste_riided
636,2023-03-16 00:00:00,388.90,5,Tallinn,pood,laste_riided
640,2023-03-16 00:00:00,252.10,1,Tallinn,pood,jalanõusid
645,2023-03-16 00:00:00,639.96,2,null,online,jalanõusid
651,2023-03-16 00:00:00,147.80,2,Tallinn,pood,laste_riided
668,2023-03-16 00:00:00,150.11,1,null,online,naiste_riided
732,2023-03-16 00:00:00,233.74,2,null,online,jalanõusid
741,2023-03-16 00:00:00,812.07,3,null,online,jalanõusid
759,2023-03-16 00:00:00,1484.20,4,null,online,jalanõusid
774,2023-03-16 00:00:00,493.40,5,Tallinn,pood,laste_riided
785,2023-03-16 00:00:00,186.77,1,Tartu,pood,aksessuaarid
798,2023-03-16 00:00:00,127.90,2,Tallinn,pood,jalanõusid
839,2023-03-16 00:00:00,116.20,1,Pärnu,pood,meeste_riided
856,2023-03-16 00:00:00,190.81,1,Tallinn,pood,jalanõusid
875,2023-03-16 00:00:00,422.70,2,Tartu,pood,naiste_riided
552,2023-03-17 00:00:00,368.04,2,Tallinn,pood,aksessuaarid
727,2023-03-17 00:00:00,153.62,1,Tallinn,pood,jalanõusid
743,2023-03-17 00:00:00,100.57,1,Tallinn,pood,laste_riided
786,2023-03-17 00:00:00,66.21,1,Tartu,pood,laste_riided
801,2023-03-17 00:00:00,128.37,1,null,online,laste_riided
818,2023-03-17 00:00:00,83.26,2,null,online,naiste_riided
859,2023-03-17 00:00:00,132.30,1,Tartu,pood,jalanõusid
866,2023-03-17 00:00:00,65.60,1,Tallinn,pood,aksessuaarid
874,2023-03-17 00:00:00,981.21,3,Tallinn,pood,meeste_riided
599,2023-03-18 00:00:00,109.62,2,Tallinn,pood,laste_riided
619,2023-03-18 00:00:00,47.36,2,null,online,laste_riided
667,2023-03-18 00:00:00,65.60,1,Pärnu,pood,aksessuaarid
684,2023-03-18 00:00:00,49.11,3,Tartu,pood,aksessuaarid
730,2023-03-18 00:00:00,54.95,1,null,online,laste_riided
739,2023-03-18 00:00:00,198.29,1,Tartu,pood,meeste_riided
751,2023-03-18 00:00:00,440.08,4,Tartu,pood,naiste_riided
764,2023-03-18 00:00:00,224.43,3,Tallinn,pood,aksessuaarid
787,2023-03-18 00:00:00,286.84,2,Tallinn,pood,meeste_riided
817,2023-03-18 00:00:00,241.18,2,Tallinn,pood,meeste_riided
837,2023-03-18 00:00:00,48.85,1,null,online,meeste_riided
877,2023-03-18 00:00:00,156.13,1,null,online,aksessuaarid
598,2023-03-19 00:00:00,227.72,2,Tallinn,pood,aksessuaarid
616,2023-03-19 00:00:00,125.52,1,Tartu,pood,meeste_riided
661,2023-03-19 00:00:00,151.45,1,Tallinn,pood,laste_riided
676,2023-03-19 00:00:00,63.30,2,Tallinn,pood,laste_riided
677,2023-03-19 00:00:00,32.93,1,null,online,naiste_riided
733,2023-03-19 00:00:00,282.95,1,Pärnu,pood,naiste_riided
736,2023-03-19 00:00:00,350.19,1,null,online,jalanõusid
755,2023-03-19 00:00:00,259.23,1,Tallinn,pood,meeste_riided
763,2023-03-19 00:00:00,48.58,1,Tallinn,pood,laste_riided
807,2023-03-19 00:00:00,60.10,2,Tartu,pood,laste_riided
585,2023-03-20 00:00:00,153.11,1,Tartu,pood,aksessuaarid
766,2023-03-20 00:00:00,100.40,1,Tallinn,pood,laste_riided
789,2023-03-20 00:00:00,188.91,1,Tartu,pood,aksessuaarid
799,2023-03-20 00:00:00,203.67,1,Tallinn,pood,meeste_riided
825,2023-03-20 00:00:00,368.30,2,Tartu,pood,aksessuaarid
833,2023-03-20 00:00:00,100.93,1,Tallinn,pood,meeste_riided
872,2023-03-20 00:00:00,291.36,1,null,online,naiste_riided
879,2023-03-20 00:00:00,221.70,3,Tartu,pood,laste_riided
546,2023-03-21 00:00:00,448.38,2,null,online,naiste_riided
556,2023-03-21 00:00:00,240.34,2,null,online,jalanõusid
558,2023-03-21 00:00:00,143.64,3,null,online,aksessuaarid
561,2023-03-21 00:00:00,274.78,1,Tallinn,pood,meeste_riided
566,2023-03-21 00:00:00,66.21,1,Tallinn,pood,laste_riided
665,2023-03-21 00:00:00,296.40,1,Tallinn,pood,naiste_riided
674,2023-03-21 00:00:00,541.98,2,Tartu,pood,meeste_riided
696,2023-03-21 00:00:00,132.30,1,Tallinn,pood,jalanõusid
718,2023-03-21 00:00:00,304.14,1,null,online,naiste_riided
753,2023-03-21 00:00:00,656.97,3,Tallinn,pood,naiste_riided
793,2023-03-21 00:00:00,66.21,1,Tartu,pood,laste_riided
794,2023-03-21 00:00:00,74.41,1,Tallinn,pood,jalanõusid
857,2023-03-21 00:00:00,302.86,1,Pärnu,pood,jalanõusid
858,2023-03-21 00:00:00,147.16,1,Tartu,pood,aksessuaarid
871,2023-03-21 00:00:00,125.64,2,null,online,laste_riided
545,2023-03-22 00:00:00,199.80,1,Tallinn,pood,aksessuaarid
580,2023-03-22 00:00:00,45.21,1,Tallinn,pood,aksessuaarid
584,2023-03-22 00:00:00,437.98,2,null,online,naiste_riided
604,2023-03-22 00:00:00,320.42,2,null,online,meeste_riided
613,2023-03-22 00:00:00,690.18,3,Tallinn,pood,meeste_riided
647,2023-03-22 00:00:00,237.71,1,Tallinn,pood,naiste_riided
710,2023-03-22 00:00:00,1013.04,4,null,online,meeste_riided
752,2023-03-22 00:00:00,222.52,2,Tartu,pood,naiste_riided
782,2023-03-22 00:00:00,188.91,1,null,online,aksessuaarid
843,2023-03-22 00:00:00,130.73,1,Tallinn,pood,laste_riided
542,2023-03-23 00:00:00,167.23,1,null,online,laste_riided
578,2023-03-23 00:00:00,86.14,1,Tallinn,pood,laste_riided
594,2023-03-23 00:00:00,274.66,2,Tallinn,pood,meeste_riided
607,2023-03-23 00:00:00,252.33,1,null,online,naiste_riided
632,2023-03-23 00:00:00,121.51,1,Tallinn,pood,jalanõusid
638,2023-03-23 00:00:00,47.88,1,null,online,aksessuaarid
660,2023-03-23 00:00:00,290.55,1,null,online,naiste_riided
664,2023-03-23 00:00:00,203.39,1,null,online,aksessuaarid
697,2023-03-23 00:00:00,225.28,1,Tartu,pood,aksessuaarid
750,2023-03-23 00:00:00,160.21,1,Pärnu,pood,meeste_riided
769,2023-03-23 00:00:00,253.26,1,null,online,meeste_riided
784,2023-03-23 00:00:00,1166.88,4,Tallinn,pood,jalanõusid
792,2023-03-23 00:00:00,413.04,2,Pärnu,pood,naiste_riided
802,2023-03-23 00:00:00,149.40,2,null,online,jalanõusid
813,2023-03-23 00:00:00,191.61,3,Pärnu,pood,laste_riided
826,2023-03-23 00:00:00,72.58,1,Tallinn,pood,laste_riided
832,2023-03-23 00:00:00,-95.87,1,Tallinn,pood,laste_riided
849,2023-03-23 00:00:00,233.74,2,Tallinn,pood,jalanõusid
560,2023-03-24 00:00:00,390.06,3,Tallinn,pood,laste_riided
600,2023-03-24 00:00:00,221.42,1,Pärnu,pood,jalanõusid
620,2023-03-24 00:00:00,617.68,2,Tallinn,pood,naiste_riided
630,2023-03-24 00:00:00,93.13,1,Tallinn,pood,aksessuaarid
637,2023-03-24 00:00:00,72.58,1,Tartu,pood,laste_riided
644,2023-03-24 00:00:00,259.69,1,Tallinn,pood,meeste_riided
685,2023-03-24 00:00:00,270.69,1,null,online,jalanõusid
719,2023-03-24 00:00:00,406.78,2,Tartu,pood,aksessuaarid
767,2023-03-24 00:00:00,212.76,4,null,online,laste_riided
781,2023-03-24 00:00:00,147.16,1,null,online,aksessuaarid
850,2023-03-24 00:00:00,506.46,3,Tallinn,pood,laste_riided
864,2023-03-24 00:00:00,95.87,1,null,online,laste_riided
564,2023-03-25 00:00:00,247.81,1,Tallinn,pood,meeste_riided
586,2023-03-25 00:00:00,107.67,1,Tartu,pood,meeste_riided
673,2023-03-25 00:00:00,290.55,1,Pärnu,pood,naiste_riided
707,2023-03-25 00:00:00,122.07,1,Tartu,pood,aksessuaarid
714,2023-03-25 00:00:00,15.09,1,Tallinn,pood,aksessuaarid
721,2023-03-25 00:00:00,376.08,3,null,online,laste_riided
760,2023-03-25 00:00:00,484.86,2,Tartu,pood,meeste_riided
790,2023-03-25 00:00:00,209.05,1,Tallinn,pood,naiste_riided
810,2023-03-25 00:00:00,1105.95,5,Pärnu,pood,jalanõusid
827,2023-03-25 00:00:00,138.78,2,null,online,jalanõusid
549,2023-03-26 00:00:00,260.72,2,Tallinn,pood,naiste_riided
596,2023-03-26 00:00:00,256.88,2,Tallinn,pood,laste_riided
597,2023-03-26 00:00:00,546.64,2,Tartu,pood,jalanõusid
629,2023-03-26 00:00:00,191.74,2,Tallinn,pood,laste_riided
642,2023-03-26 00:00:00,465.22,2,Tallinn,pood,jalanõusid
648,2023-03-26 00:00:00,24.67,1,null,online,laste_riided
669,2023-03-26 00:00:00,29.48,1,Tallinn,pood,aksessuaarid
686,2023-03-26 00:00:00,301.20,3,Tartu,pood,laste_riided
687,2023-03-26 00:00:00,30.05,1,Tallinn,pood,laste_riided
691,2023-03-26 00:00:00,237.71,1,Tallinn,pood,naiste_riided
693,2023-03-26 00:00:00,188.91,1,null,online,aksessuaarid
708,2023-03-26 00:00:00,100.40,1,Tallinn,pood,laste_riided
809,2023-03-26 00:00:00,574.44,3,null,online,aksessuaarid
831,2023-03-26 00:00:00,120.20,4,null,online,laste_riided
851,2023-03-26 00:00:00,32.93,1,null,online,naiste_riided
575,2023-03-27 00:00:00,215.58,1,null,online,aksessuaarid
625,2023-03-27 00:00:00,276.26,2,Tartu,pood,laste_riided
639,2023-03-27 00:00:00,374.54,1,Pärnu,pood,meeste_riided
670,2023-03-27 00:00:00,17.97,1,Pärnu,pood,aksessuaarid
675,2023-03-27 00:00:00,147.80,2,null,online,laste_riided
688,2023-03-27 00:00:00,29.48,1,null,online,aksessuaarid
699,2023-03-27 00:00:00,130.02,1,Tallinn,pood,laste_riided
723,2023-03-27 00:00:00,51.58,1,null,online,laste_riided
778,2023-03-27 00:00:00,388.92,2,null,online,naiste_riided
803,2023-03-27 00:00:00,607.71,3,Tartu,pood,naiste_riided
815,2023-03-27 00:00:00,759.78,3,Tartu,pood,meeste_riided
555,2023-03-28 00:00:00,107.98,2,Tartu,pood,laste_riided
588,2023-03-28 00:00:00,195.00,3,null,online,jalanõusid
602,2023-03-28 00:00:00,32.93,1,Tallinn,pood,naiste_riided
822,2023-03-28 00:00:00,109.42,1,Tallinn,pood,aksessuaarid
823,2023-03-28 00:00:00,312.26,2,Tallinn,pood,aksessuaarid
862,2023-03-28 00:00:00,152.13,1,null,online,meeste_riided
540,2023-03-29 00:00:00,151.08,1,null,online,meeste_riided
550,2023-03-29 00:00:00,455.44,4,null,online,aksessuaarid
565,2023-03-29 00:00:00,222.10,1,Pärnu,pood,naiste_riided
572,2023-03-29 00:00:00,156.18,2,Tartu,pood,naiste_riided
574,2023-03-29 00:00:00,162.86,1,Tallinn,pood,naiste_riided
583,2023-03-29 00:00:00,125.98,1,Pärnu,pood,naiste_riided
631,2023-03-29 00:00:00,396.90,3,null,online,jalanõusid
654,2023-03-29 00:00:00,351.15,3,Tartu,pood,aksessuaarid
692,2023-03-29 00:00:00,290.55,1,null,online,naiste_riided
737,2023-03-29 00:00:00,713.13,3,null,online,naiste_riided
740,2023-03-29 00:00:00,328.60,4,Tallinn,pood,meeste_riided
800,2023-03-29 00:00:00,176.16,2,Tallinn,pood,laste_riided
883,2023-03-29 00:00:00,86.46,1,Pärnu,pood,laste_riided
577,2023-03-30 00:00:00,60.37,1,Tartu,pood,naiste_riided
601,2023-03-30 00:00:00,874.08,3,Tallinn,pood,naiste_riided
621,2023-03-30 00:00:00,351.62,1,null,online,meeste_riided
745,2023-03-30 00:00:00,276.97,1,null,online,jalanõusid
761,2023-03-30 00:00:00,125.64,2,null,online,laste_riided
762,2023-03-30 00:00:00,128.37,1,Pärnu,pood,laste_riided
772,2023-03-30 00:00:00,351.33,1,null,online,naiste_riided
852,2023-03-30 00:00:00,100.40,1,Tallinn,pood,laste_riided
854,2023-03-30 00:00:00,245.59,1,Tartu,pood,naiste_riided
867,2023-03-30 00:00:00,737.94,2,null,online,jalanõusid
548,2023-03-31 00:00:00,218.42,1,Pärnu,pood,meeste_riided
624,2023-03-31 00:00:00,49.08,2,Tartu,pood,laste_riided
653,2023-03-31 00:00:00,242.43,1,Tartu,pood,meeste_riided
777,2023-03-31 00:00:00,502.85,5,null,online,laste_riided
805,2023-03-31 00:00:00,101.54,2,null,online,naiste_riided
830,2023-03-31 00:00:00,66.21,1,null,online,laste_riided
834,2023-03-31 00:00:00,130.73,1,null,online,laste_riided
842,2023-03-31 00:00:00,214.72,2,Tallinn,pood,laste_riided
880,2023-03-31 00:00:00,388.92,2,Tartu,pood,naiste_riided
893,2023-04-01 00:00:00,695.68,2,null,online,meeste_riided
898,2023-04-01 00:00:00,803.08,4,null,online,naiste_riided
914,2023-04-01 00:00:00,205.89,1,Tartu,pood,aksessuaarid
949,2023-04-01 00:00:00,151.45,1,Tallinn,pood,laste_riided
984,2023-04-01 00:00:00,22.04,1,null,online,aksessuaarid
992,2023-04-01 00:00:00,291.72,1,Tallinn,pood,jalanõusid
996,2023-04-01 00:00:00,187.16,1,null,online,jalanõusid
1048,2023-04-01 00:00:00,229.55,1,Tartu,pood,naiste_riided
1067,2023-04-01 00:00:00,-334.46,2,null,online,laste_riided
1106,2023-04-01 00:00:00,53.19,1,null,online,laste_riided
1173,2023-04-01 00:00:00,-282.95,1,null,online,naiste_riided
1207,2023-04-01 00:00:00,114.94,1,Tallinn,pood,meeste_riided
959,2023-04-02 00:00:00,176.65,1,Tallinn,pood,aksessuaarid
1086,2023-04-02 00:00:00,222.10,1,Tartu,pood,naiste_riided
1117,2023-04-02 00:00:00,368.97,1,Tallinn,pood,jalanõusid
1128,2023-04-02 00:00:00,116.87,1,Tallinn,pood,jalanõusid
1130,2023-04-02 00:00:00,299.24,4,Tallinn,pood,aksessuaarid
1150,2023-04-02 00:00:00,520.86,3,Tallinn,pood,aksessuaarid
1206,2023-04-02 00:00:00,280.02,1,null,online,naiste_riided
1213,2023-04-02 00:00:00,1144.05,5,Pärnu,pood,jalanõusid
1225,2023-04-02 00:00:00,86.46,1,Pärnu,pood,laste_riided
887,2023-04-03 00:00:00,210.36,1,null,online,jalanõusid
962,2023-04-03 00:00:00,583.38,3,Tartu,pood,naiste_riided
964,2023-04-03 00:00:00,30.18,2,null,online,aksessuaarid
990,2023-04-03 00:00:00,272.05,1,Tartu,pood,naiste_riided
994,2023-04-03 00:00:00,35.68,1,null,online,laste_riided
1028,2023-04-03 00:00:00,1051.80,5,Tartu,pood,jalanõusid
1039,2023-04-03 00:00:00,116.20,1,Tallinn,pood,meeste_riided
1056,2023-04-03 00:00:00,896.75,5,Tallinn,pood,naiste_riided
1074,2023-04-03 00:00:00,121.51,1,Tallinn,pood,jalanõusid
1085,2023-04-03 00:00:00,131.20,2,Tartu,pood,aksessuaarid
1133,2023-04-03 00:00:00,179.35,1,Tartu,pood,naiste_riided
1167,2023-04-03 00:00:00,234.10,2,Tallinn,pood,aksessuaarid
1200,2023-04-03 00:00:00,281.28,2,Tallinn,pood,laste_riided
1205,2023-04-03 00:00:00,319.42,1,Pärnu,pood,naiste_riided
888,2023-04-04 00:00:00,265.20,1,Tartu,pood,naiste_riided
1011,2023-04-04 00:00:00,215.34,2,null,online,meeste_riided
1019,2023-04-04 00:00:00,231.13,1,Tallinn,pood,aksessuaarid
1069,2023-04-04 00:00:00,581.10,2,Tallinn,pood,naiste_riided
1144,2023-04-04 00:00:00,560.31,3,Pärnu,pood,aksessuaarid
1166,2023-04-04 00:00:00,153.30,3,Tallinn,pood,aksessuaarid
1184,2023-04-04 00:00:00,81.48,1,Tartu,pood,jalanõusid
1222,2023-04-04 00:00:00,700.38,2,Tallinn,pood,jalanõusid
973,2023-04-05 00:00:00,53.58,2,Tartu,pood,aksessuaarid
1008,2023-04-05 00:00:00,280.13,1,Pärnu,pood,jalanõusid
1049,2023-04-05 00:00:00,217.80,3,Tartu,pood,laste_riided
1121,2023-04-05 00:00:00,24.67,1,null,online,laste_riided
1153,2023-04-05 00:00:00,368.30,2,Tartu,pood,aksessuaarid
1178,2023-04-05 00:00:00,211.35,1,null,online,naiste_riided
1188,2023-04-05 00:00:00,818.20,5,Tartu,pood,jalanõusid
1192,2023-04-05 00:00:00,250.24,4,Tartu,pood,aksessuaarid
1216,2023-04-05 00:00:00,443.78,2,Tartu,pood,naiste_riided
1223,2023-04-05 00:00:00,147.80,2,Tartu,pood,laste_riided
891,2023-04-06 00:00:00,229.55,1,Tartu,pood,naiste_riided
997,2023-04-06 00:00:00,116.87,1,null,online,jalanõusid
1035,2023-04-06 00:00:00,190.81,1,null,online,jalanõusid
1051,2023-04-06 00:00:00,1733.50,5,null,online,naiste_riided
1070,2023-04-06 00:00:00,-875.16,3,Tallinn,pood,jalanõusid
1071,2023-04-06 00:00:00,208.11,1,null,online,meeste_riided
1094,2023-04-06 00:00:00,62.82,1,Tartu,pood,laste_riided
1119,2023-04-06 00:00:00,101.26,1,Tallinn,pood,laste_riided
1126,2023-04-06 00:00:00,541.38,2,Tartu,pood,jalanõusid
1146,2023-04-06 00:00:00,88.08,1,null,online,laste_riided
1155,2023-04-06 00:00:00,218.42,1,Pärnu,pood,meeste_riided
1160,2023-04-06 00:00:00,459.10,2,Tallinn,pood,naiste_riided
1179,2023-04-06 00:00:00,57.08,1,null,online,aksessuaarid
1201,2023-04-06 00:00:00,416.70,3,Tartu,pood,meeste_riided
1219,2023-04-06 00:00:00,617.67,3,Pärnu,pood,aksessuaarid
919,2023-04-07 00:00:00,123.64,1,Pärnu,pood,laste_riided
927,2023-04-07 00:00:00,91.22,1,Tallinn,pood,meeste_riided
972,2023-04-07 00:00:00,144.28,2,null,online,laste_riided
1007,2023-04-07 00:00:00,76.70,1,Tartu,pood,naiste_riided
1013,2023-04-07 00:00:00,442.84,2,Tallinn,pood,jalanõusid
1060,2023-04-07 00:00:00,316.04,1,Tallinn,pood,meeste_riided
1075,2023-04-07 00:00:00,688.65,3,null,online,naiste_riided
1076,2023-04-07 00:00:00,288.72,2,Tartu,pood,aksessuaarid
1092,2023-04-07 00:00:00,368.04,2,Tartu,pood,aksessuaarid
1113,2023-04-07 00:00:00,244.14,2,Pärnu,pood,aksessuaarid
1124,2023-04-07 00:00:00,631.08,3,Pärnu,pood,jalanõusid
1174,2023-04-07 00:00:00,737.94,2,Tallinn,pood,jalanõusid
886,2023-04-08 00:00:00,114.80,1,Tallinn,pood,laste_riided
907,2023-04-08 00:00:00,153.62,1,null,online,jalanõusid
922,2023-04-08 00:00:00,22.04,1,null,online,aksessuaarid
924,2023-04-08 00:00:00,1353.45,5,Tallinn,pood,jalanõusid
945,2023-04-08 00:00:00,388.92,2,Tallinn,pood,naiste_riided
1001,2023-04-08 00:00:00,702.66,2,Tallinn,pood,naiste_riided
1029,2023-04-08 00:00:00,121.98,1,null,online,aksessuaarid
1059,2023-04-08 00:00:00,393.82,2,Tallinn,pood,meeste_riided
1115,2023-04-08 00:00:00,442.38,2,Tallinn,pood,jalanõusid
1131,2023-04-08 00:00:00,363.36,2,Tallinn,pood,aksessuaarid
1142,2023-04-08 00:00:00,-269.88,2,null,online,aksessuaarid
1162,2023-04-08 00:00:00,57.08,1,Tallinn,pood,aksessuaarid
1180,2023-04-08 00:00:00,164.43,3,null,online,laste_riided
1195,2023-04-08 00:00:00,234.99,1,Pärnu,pood,naiste_riided
1198,2023-04-08 00:00:00,70.01,1,Tallinn,pood,meeste_riided
1210,2023-04-08 00:00:00,107.36,1,Pärnu,pood,laste_riided
991,2023-04-09 00:00:00,161.97,3,null,online,laste_riided
1031,2023-04-09 00:00:00,658.14,3,Tallinn,pood,aksessuaarid
1036,2023-04-09 00:00:00,73.62,3,Tallinn,pood,laste_riided
1137,2023-04-09 00:00:00,462.26,2,null,online,aksessuaarid
1168,2023-04-09 00:00:00,60.37,1,Tartu,pood,naiste_riided
921,2023-04-10 00:00:00,573.68,4,Tartu,pood,meeste_riided
948,2023-04-10 00:00:00,74.70,1,null,online,jalanõusid
1020,2023-04-10 00:00:00,72.58,1,Tallinn,pood,laste_riided
1046,2023-04-10 00:00:00,1093.28,4,null,online,jalanõusid
1181,2023-04-10 00:00:00,191.48,1,Tartu,pood,aksessuaarid
1199,2023-04-10 00:00:00,190.81,1,Tallinn,pood,jalanõusid
1214,2023-04-10 00:00:00,144.36,1,Tallinn,pood,aksessuaarid
1218,2023-04-10 00:00:00,552.40,2,Tallinn,pood,naiste_riided
909,2023-04-11 00:00:00,274.50,1,Tartu,pood,meeste_riided
941,2023-04-11 00:00:00,34.04,1,Tartu,pood,laste_riided
963,2023-04-11 00:00:00,124.35,1,Tartu,pood,meeste_riided
976,2023-04-11 00:00:00,84.95,1,Tallinn,pood,laste_riided
987,2023-04-11 00:00:00,110.08,2,Tartu,pood,laste_riided
1002,2023-04-11 00:00:00,104.27,1,Pärnu,pood,laste_riided
1009,2023-04-11 00:00:00,251.52,1,null,online,jalanõusid
1058,2023-04-11 00:00:00,406.78,2,Tallinn,pood,aksessuaarid
1090,2023-04-11 00:00:00,70.01,1,Tallinn,pood,meeste_riided
1101,2023-04-11 00:00:00,198.42,1,Tallinn,pood,jalanõusid
1102,2023-04-11 00:00:00,67.75,1,null,online,jalanõusid
1135,2023-04-11 00:00:00,347.16,1,null,online,meeste_riided
1140,2023-04-11 00:00:00,166.27,1,Tallinn,pood,naiste_riided
1157,2023-04-11 00:00:00,1881.65,5,Pärnu,pood,jalanõusid
1170,2023-04-11 00:00:00,327.07,1,Tallinn,pood,meeste_riided
1197,2023-04-11 00:00:00,439.66,2,Tallinn,pood,aksessuaarid
1202,2023-04-11 00:00:00,304.26,2,Tallinn,pood,meeste_riided
1209,2023-04-11 00:00:00,42.64,1,Tallinn,pood,naiste_riided
894,2023-04-12 00:00:00,70.01,1,Tallinn,pood,meeste_riided
915,2023-04-12 00:00:00,302.16,2,Tartu,pood,meeste_riided
952,2023-04-12 00:00:00,72.14,1,Pärnu,pood,laste_riided
995,2023-04-12 00:00:00,47.88,1,null,online,aksessuaarid
1021,2023-04-12 00:00:00,144.36,1,Tallinn,pood,aksessuaarid
1023,2023-04-12 00:00:00,422.70,2,Tallinn,pood,naiste_riided
1050,2023-04-12 00:00:00,163.53,1,Tartu,pood,meeste_riided
1098,2023-04-12 00:00:00,123.82,1,Pärnu,pood,meeste_riided
1103,2023-04-12 00:00:00,482.26,2,Tartu,pood,jalanõusid
1109,2023-04-12 00:00:00,227.72,2,Pärnu,pood,aksessuaarid
1110,2023-04-12 00:00:00,358.41,1,Tallinn,pood,jalanõusid
1125,2023-04-12 00:00:00,328.00,5,Tallinn,pood,aksessuaarid
1132,2023-04-12 00:00:00,1326.00,5,Pärnu,pood,naiste_riided
1141,2023-04-12 00:00:00,530.40,2,null,online,naiste_riided
1154,2023-04-12 00:00:00,1106.91,3,Tartu,pood,jalanõusid
1182,2023-04-12 00:00:00,187.16,1,Tartu,pood,jalanõusid
901,2023-04-13 00:00:00,332.55,1,null,online,meeste_riided
902,2023-04-13 00:00:00,256.88,2,null,online,laste_riided
936,2023-04-13 00:00:00,750.51,3,null,online,naiste_riided
979,2023-04-13 00:00:00,68.10,3,null,online,aksessuaarid
1043,2023-04-13 00:00:00,623.36,4,null,online,aksessuaarid
1111,2023-04-13 00:00:00,871.65,3,Tartu,pood,naiste_riided
1161,2023-04-13 00:00:00,107.67,1,Tartu,pood,meeste_riided
900,2023-04-14 00:00:00,585.22,2,null,online,jalanõusid
967,2023-04-14 00:00:00,307.83,1,Tallinn,pood,naiste_riided
1073,2023-04-14 00:00:00,109.42,1,null,online,aksessuaarid
1097,2023-04-14 00:00:00,17.97,1,Tartu,pood,aksessuaarid
1217,2023-04-14 00:00:00,84.41,1,Tartu,pood,jalanõusid
885,2023-04-15 00:00:00,186.26,2,Tartu,pood,aksessuaarid
911,2023-04-15 00:00:00,158.51,1,Tallinn,pood,naiste_riided
913,2023-04-15 00:00:00,-209.05,1,Tartu,pood,naiste_riided
926,2023-04-15 00:00:00,301.97,1,null,online,naiste_riided
957,2023-04-15 00:00:00,487.86,2,null,online,meeste_riided
988,2023-04-15 00:00:00,66.21,1,Tallinn,pood,laste_riided
1005,2023-04-15 00:00:00,172.28,2,Tartu,pood,laste_riided
1010,2023-04-15 00:00:00,125.10,2,null,online,jalanõusid
1057,2023-04-15 00:00:00,533.45,5,Tallinn,pood,meeste_riided
1079,2023-04-15 00:00:00,110.02,1,Tallinn,pood,naiste_riided
1081,2023-04-15 00:00:00,210.76,1,null,online,naiste_riided
1089,2023-04-15 00:00:00,253.62,3,Tallinn,pood,jalanõusid
1147,2023-04-15 00:00:00,128.37,1,Pärnu,pood,laste_riided
1165,2023-04-15 00:00:00,108.09,1,null,online,naiste_riided
932,2023-04-16 00:00:00,110.08,2,null,online,laste_riided
940,2023-04-16 00:00:00,67.75,1,Tallinn,pood,jalanõusid
960,2023-04-16 00:00:00,396.84,2,null,online,jalanõusid
971,2023-04-16 00:00:00,1107.88,4,Tartu,pood,jalanõusid
982,2023-04-16 00:00:00,162.86,1,null,online,naiste_riided
1052,2023-04-16 00:00:00,441.48,3,null,online,aksessuaarid
1066,2023-04-16 00:00:00,442.12,4,Tallinn,pood,meeste_riided
1072,2023-04-16 00:00:00,279.48,2,null,online,naiste_riided
1116,2023-04-16 00:00:00,314.55,3,null,online,laste_riided
1177,2023-04-16 00:00:00,215.58,1,null,online,aksessuaarid
892,2023-04-17 00:00:00,165.12,3,Pärnu,pood,laste_riided
920,2023-04-17 00:00:00,320.42,2,null,online,meeste_riided
986,2023-04-17 00:00:00,169.90,2,Pärnu,pood,laste_riided
1027,2023-04-17 00:00:00,368.97,1,Tartu,pood,jalanõusid
1078,2023-04-17 00:00:00,270.69,1,Tallinn,pood,jalanõusid
1080,2023-04-17 00:00:00,507.60,2,null,online,jalanõusid
1158,2023-04-17 00:00:00,135.63,3,null,online,aksessuaarid
1159,2023-04-17 00:00:00,332.54,2,Tallinn,pood,naiste_riided
1193,2023-04-17 00:00:00,661.50,5,Tartu,pood,jalanõusid
908,2023-04-18 00:00:00,220.04,2,Tallinn,pood,naiste_riided
943,2023-04-18 00:00:00,-191.48,1,Pärnu,pood,aksessuaarid
965,2023-04-18 00:00:00,360.51,3,Tartu,pood,jalanõusid
966,2023-04-18 00:00:00,41.63,1,Tartu,pood,naiste_riided
1004,2023-04-18 00:00:00,31.65,1,Tallinn,pood,laste_riided
1006,2023-04-18 00:00:00,210.03,3,Tallinn,pood,meeste_riided
1016,2023-04-18 00:00:00,133.76,2,null,online,aksessuaarid
1061,2023-04-18 00:00:00,229.60,2,Pärnu,pood,laste_riided
1068,2023-04-18 00:00:00,77.40,2,Tallinn,pood,laste_riided
1108,2023-04-18 00:00:00,702.66,2,null,online,naiste_riided
1143,2023-04-18 00:00:00,371.79,1,Tallinn,pood,jalanõusid
1226,2023-04-18 00:00:00,44.08,2,Tallinn,pood,aksessuaarid
904,2023-04-19 00:00:00,434.08,1,null,online,jalanõusid
951,2023-04-19 00:00:00,63.95,1,Pärnu,pood,jalanõusid
1003,2023-04-19 00:00:00,228.81,1,Tallinn,pood,jalanõusid
1026,2023-04-19 00:00:00,332.55,1,Tartu,pood,meeste_riided
1042,2023-04-19 00:00:00,235.35,5,null,online,aksessuaarid
1045,2023-04-19 00:00:00,165.12,3,null,online,laste_riided
1083,2023-04-19 00:00:00,411.78,2,null,online,aksessuaarid
1138,2023-04-19 00:00:00,549.56,2,null,online,meeste_riided
1215,2023-04-19 00:00:00,57.08,1,Pärnu,pood,aksessuaarid
884,2023-04-20 00:00:00,338.04,3,Tartu,pood,laste_riided
928,2023-04-20 00:00:00,958.26,3,null,online,naiste_riided
947,2023-04-20 00:00:00,231.13,1,null,online,aksessuaarid
983,2023-04-20 00:00:00,207.23,1,Tallinn,pood,jalanõusid
1014,2023-04-20 00:00:00,83.23,1,null,online,naiste_riided
1033,2023-04-20 00:00:00,90.80,4,Tallinn,pood,aksessuaarid
1038,2023-04-20 00:00:00,1463.05,5,Tallinn,pood,jalanõusid
1123,2023-04-20 00:00:00,121.98,1,Tallinn,pood,aksessuaarid
1145,2023-04-20 00:00:00,1016.95,5,null,online,aksessuaarid
1221,2023-04-20 00:00:00,22.04,1,null,online,aksessuaarid
899,2023-04-21 00:00:00,296.40,1,Tallinn,pood,naiste_riided
906,2023-04-21 00:00:00,414.46,2,null,online,jalanõusid
933,2023-04-21 00:00:00,96.11,1,null,online,jalanõusid
939,2023-04-21 00:00:00,106.71,1,null,online,aksessuaarid
946,2023-04-21 00:00:00,89.29,1,Pärnu,pood,meeste_riided
970,2023-04-21 00:00:00,160.78,2,Tallinn,pood,laste_riided
1091,2023-04-21 00:00:00,104.08,2,null,online,laste_riided
1093,2023-04-21 00:00:00,77.60,1,Tallinn,pood,meeste_riided
1095,2023-04-21 00:00:00,121.51,1,Tartu,pood,jalanõusid
1118,2023-04-21 00:00:00,134.58,1,null,online,meeste_riided
1122,2023-04-21 00:00:00,219.54,3,Pärnu,pood,jalanõusid
1172,2023-04-21 00:00:00,903.24,4,Tartu,pood,naiste_riided
1176,2023-04-21 00:00:00,777.69,3,Pärnu,pood,meeste_riided
1208,2023-04-21 00:00:00,358.41,1,null,online,jalanõusid
953,2023-04-22 00:00:00,160.91,1,Tallinn,pood,meeste_riided
975,2023-04-22 00:00:00,281.28,2,Pärnu,pood,laste_riided
1055,2023-04-22 00:00:00,29.42,1,Tartu,pood,aksessuaarid
1148,2023-04-22 00:00:00,205.00,1,Tallinn,pood,meeste_riided
1227,2023-04-22 00:00:00,356.57,1,null,online,meeste_riided
903,2023-04-23 00:00:00,140.64,1,Pärnu,pood,laste_riided
931,2023-04-23 00:00:00,611.44,2,Tallinn,pood,jalanõusid
938,2023-04-23 00:00:00,160.91,1,null,online,meeste_riided
968,2023-04-23 00:00:00,181.68,1,Tartu,pood,aksessuaarid
981,2023-04-23 00:00:00,204.87,1,Tallinn,pood,aksessuaarid
993,2023-04-23 00:00:00,434.08,1,null,online,jalanõusid
1022,2023-04-23 00:00:00,208.72,1,Tartu,pood,aksessuaarid
1025,2023-04-23 00:00:00,210.36,1,Tartu,pood,jalanõusid
1041,2023-04-23 00:00:00,274.78,1,Tallinn,pood,meeste_riided
1044,2023-04-23 00:00:00,376.33,1,Tartu,pood,jalanõusid
1054,2023-04-23 00:00:00,476.82,3,null,online,jalanõusid
1084,2023-04-23 00:00:00,693.40,2,Tallinn,pood,naiste_riided
1114,2023-04-23 00:00:00,50.77,1,null,online,naiste_riided
1151,2023-04-23 00:00:00,1207.86,3,Tallinn,pood,jalanõusid
1152,2023-04-23 00:00:00,704.37,3,Tallinn,pood,meeste_riided
1156,2023-04-23 00:00:00,83.23,1,null,online,naiste_riided
905,2023-04-24 00:00:00,254.48,4,Tallinn,pood,jalanõusid
956,2023-04-24 00:00:00,307.83,1,Tallinn,pood,naiste_riided
985,2023-04-24 00:00:00,351.15,3,null,online,aksessuaarid
1063,2023-04-24 00:00:00,500.34,2,null,online,naiste_riided
1104,2023-04-24 00:00:00,88.08,1,Tallinn,pood,laste_riided
1105,2023-04-24 00:00:00,128.37,1,Tallinn,pood,laste_riided
912,2023-04-25 00:00:00,50.85,1,Tartu,pood,aksessuaarid
942,2023-04-25 00:00:00,334.46,2,Tallinn,pood,laste_riided
977,2023-04-25 00:00:00,360.51,3,Tartu,pood,jalanõusid
980,2023-04-25 00:00:00,1043.52,3,null,online,meeste_riided
1047,2023-04-25 00:00:00,106.02,2,Tallinn,pood,meeste_riided
1065,2023-04-25 00:00:00,51.50,1,Tallinn,pood,laste_riided
1082,2023-04-25 00:00:00,304.14,1,Tartu,pood,naiste_riided
1107,2023-04-25 00:00:00,221.42,1,Tallinn,pood,jalanõusid
1139,2023-04-25 00:00:00,331.05,5,Pärnu,pood,laste_riided
1169,2023-04-25 00:00:00,159.18,2,null,online,meeste_riided
1220,2023-04-25 00:00:00,269.85,1,null,online,meeste_riided
896,2023-04-26 00:00:00,465.22,2,null,online,jalanõusid
937,2023-04-26 00:00:00,360.70,5,Tallinn,pood,laste_riided
950,2023-04-26 00:00:00,166.27,1,null,online,naiste_riided
958,2023-04-26 00:00:00,319.98,1,null,online,jalanõusid
961,2023-04-26 00:00:00,79.59,1,Tartu,pood,meeste_riided
1000,2023-04-26 00:00:00,491.18,2,null,online,naiste_riided
1017,2023-04-26 00:00:00,307.24,2,Tallinn,pood,jalanõusid
1064,2023-04-26 00:00:00,210.58,2,Tallinn,pood,laste_riided
1077,2023-04-26 00:00:00,108.09,1,Pärnu,pood,naiste_riided
1100,2023-04-26 00:00:00,116.20,1,null,online,meeste_riided
1112,2023-04-26 00:00:00,53.99,1,Tallinn,pood,laste_riided
1120,2023-04-26 00:00:00,81.48,1,null,online,jalanõusid
1134,2023-04-26 00:00:00,74.70,1,Pärnu,pood,jalanõusid
1189,2023-04-26 00:00:00,615.66,2,Tallinn,pood,naiste_riided
897,2023-04-27 00:00:00,471.25,5,Pärnu,pood,laste_riided
923,2023-04-27 00:00:00,319.98,1,Tartu,pood,jalanõusid
929,2023-04-27 00:00:00,541.98,2,null,online,meeste_riided
969,2023-04-27 00:00:00,1635.35,5,Tartu,pood,meeste_riided
974,2023-04-27 00:00:00,182.77,1,Tallinn,pood,naiste_riided
978,2023-04-27 00:00:00,176.16,2,Tallinn,pood,laste_riided
999,2023-04-27 00:00:00,110.02,1,Tallinn,pood,naiste_riided
1015,2023-04-27 00:00:00,182.77,1,Tallinn,pood,naiste_riided
1040,2023-04-27 00:00:00,152.31,3,Pärnu,pood,naiste_riided
1062,2023-04-27 00:00:00,210.18,2,Tallinn,pood,meeste_riided
1096,2023-04-27 00:00:00,29.48,1,Tartu,pood,aksessuaarid
1099,2023-04-27 00:00:00,88.16,4,Tartu,pood,aksessuaarid
1127,2023-04-27 00:00:00,206.34,1,null,online,jalanõusid
1149,2023-04-27 00:00:00,52.04,1,Tartu,pood,laste_riided
1194,2023-04-27 00:00:00,122.45,1,null,online,naiste_riided
1203,2023-04-27 00:00:00,304.14,1,null,online,naiste_riided
1212,2023-04-27 00:00:00,254.76,2,Tallinn,pood,meeste_riided
889,2023-04-28 00:00:00,85.68,3,Tartu,pood,aksessuaarid
890,2023-04-28 00:00:00,55.04,1,Tallinn,pood,laste_riided
916,2023-04-28 00:00:00,294.32,2,Tartu,pood,aksessuaarid
930,2023-04-28 00:00:00,30.18,2,null,online,aksessuaarid
935,2023-04-28 00:00:00,319.42,1,Tallinn,pood,naiste_riided
998,2023-04-28 00:00:00,133.76,2,null,online,aksessuaarid
1018,2023-04-28 00:00:00,146.36,2,Tartu,pood,jalanõusid
1037,2023-04-28 00:00:00,611.44,2,Tartu,pood,jalanõusid
1087,2023-04-28 00:00:00,84.41,1,null,online,jalanõusid
1136,2023-04-28 00:00:00,154.74,3,null,online,laste_riided
1163,2023-04-28 00:00:00,374.54,1,null,online,meeste_riided
1175,2023-04-28 00:00:00,169.95,1,Pärnu,pood,aksessuaarid
1183,2023-04-28 00:00:00,153.30,3,Tartu,pood,aksessuaarid
1191,2023-04-28 00:00:00,636.90,5,Tartu,pood,meeste_riided
1196,2023-04-28 00:00:00,215.58,1,Tallinn,pood,aksessuaarid
917,2023-04-29 00:00:00,151.08,1,Tallinn,pood,meeste_riided
925,2023-04-29 00:00:00,144.36,1,null,online,aksessuaarid
989,2023-04-29 00:00:00,281.19,1,null,online,meeste_riided
1012,2023-04-29 00:00:00,1373.90,5,Tartu,pood,meeste_riided
1024,2023-04-29 00:00:00,123.82,1,null,online,meeste_riided
1032,2023-04-29 00:00:00,120.59,1,Tartu,pood,meeste_riided
1034,2023-04-29 00:00:00,125.37,3,null,online,laste_riided
1088,2023-04-29 00:00:00,86.14,1,null,online,laste_riided
1129,2023-04-29 00:00:00,208.83,1,Tallinn,pood,naiste_riided
1186,2023-04-29 00:00:00,279.43,1,Tartu,pood,meeste_riided
1190,2023-04-29 00:00:00,98.68,4,Tallinn,pood,laste_riided
895,2023-04-30 00:00:00,539.70,2,Tallinn,pood,meeste_riided
918,2023-04-30 00:00:00,307.83,1,Tallinn,pood,naiste_riided
944,2023-04-30 00:00:00,325.72,2,Tartu,pood,naiste_riided
954,2023-04-30 00:00:00,149.62,2,Tallinn,pood,aksessuaarid
955,2023-04-30 00:00:00,318.63,3,null,online,laste_riided
1030,2023-04-30 00:00:00,122.07,1,null,online,aksessuaarid
1053,2023-04-30 00:00:00,531.05,5,null,online,laste_riided
1164,2023-04-30 00:00:00,250.17,1,null,online,naiste_riided
1171,2023-04-30 00:00:00,183.31,1,Tallinn,pood,aksessuaarid
1187,2023-04-30 00:00:00,83.97,1,null,online,jalanõusid
1204,2023-04-30 00:00:00,30.05,1,Tartu,pood,laste_riided
1211,2023-04-30 00:00:00,105.23,1,null,online,laste_riided
1224,2023-04-30 00:00:00,178.58,2,Tallinn,pood,meeste_riided
1231,2023-05-01 00:00:00,334.46,2,null,online,laste_riided
1249,2023-05-01 00:00:00,505.02,3,Tallinn,pood,naiste_riided
1264,2023-05-01 00:00:00,295.84,2,null,online,laste_riided
1281,2023-05-01 00:00:00,281.19,1,Tartu,pood,meeste_riided
1379,2023-05-01 00:00:00,540.42,3,null,online,naiste_riided
1426,2023-05-01 00:00:00,202.52,2,Tartu,pood,laste_riided
1447,2023-05-01 00:00:00,145.50,1,null,online,jalanõusid
1498,2023-05-01 00:00:00,457.62,2,Tallinn,pood,jalanõusid
1538,2023-05-01 00:00:00,125.64,2,Tartu,pood,laste_riided
1552,2023-05-01 00:00:00,203.39,1,null,online,aksessuaarid
1251,2023-05-02 00:00:00,-279.43,1,Pärnu,pood,meeste_riided
1305,2023-05-02 00:00:00,302.16,2,Tallinn,pood,meeste_riided
1316,2023-05-02 00:00:00,605.80,4,null,online,laste_riided
1333,2023-05-02 00:00:00,436.84,2,null,online,meeste_riided
1336,2023-05-02 00:00:00,368.14,2,null,online,meeste_riided
1358,2023-05-02 00:00:00,62.55,1,null,online,jalanõusid
1371,2023-05-02 00:00:00,247.28,2,Tallinn,pood,laste_riided
1398,2023-05-02 00:00:00,209.05,1,Pärnu,pood,naiste_riided
1404,2023-05-02 00:00:00,224.19,1,Pärnu,pood,naiste_riided
1433,2023-05-02 00:00:00,246.45,3,null,online,meeste_riided
1454,2023-05-02 00:00:00,288.72,2,Tallinn,pood,aksessuaarid
1512,2023-05-02 00:00:00,-820.00,4,null,online,meeste_riided
1528,2023-05-02 00:00:00,144.28,2,Tallinn,pood,laste_riided
1564,2023-05-02 00:00:00,430.26,3,Tallinn,pood,meeste_riided
1242,2023-05-03 00:00:00,295.84,2,null,online,laste_riided
1295,2023-05-03 00:00:00,144.36,1,Tallinn,pood,aksessuaarid
1328,2023-05-03 00:00:00,207.23,1,Tartu,pood,jalanõusid
1348,2023-05-03 00:00:00,398.28,4,null,online,laste_riided
1354,2023-05-03 00:00:00,208.83,1,null,online,naiste_riided
1394,2023-05-03 00:00:00,295.16,2,Tartu,pood,jalanõusid
1427,2023-05-03 00:00:00,274.37,1,Tartu,pood,naiste_riided
1432,2023-05-03 00:00:00,242.43,1,Tartu,pood,meeste_riided
1450,2023-05-03 00:00:00,210.36,1,Tartu,pood,jalanõusid
1463,2023-05-03 00:00:00,320.42,2,Tallinn,pood,meeste_riided
1466,2023-05-03 00:00:00,81.85,1,Tallinn,pood,meeste_riided
1475,2023-05-03 00:00:00,154.71,1,Tartu,pood,meeste_riided
1511,2023-05-03 00:00:00,526.26,2,Tartu,pood,naiste_riided
1556,2023-05-03 00:00:00,81.48,1,Tallinn,pood,jalanõusid
1565,2023-05-03 00:00:00,125.36,1,null,online,laste_riided
1267,2023-05-04 00:00:00,149.55,1,Pärnu,pood,aksessuaarid
1269,2023-05-04 00:00:00,403.72,2,null,online,meeste_riided
1272,2023-05-04 00:00:00,153.11,1,Pärnu,pood,aksessuaarid
1273,2023-05-04 00:00:00,121.51,1,Tallinn,pood,jalanõusid
1292,2023-05-04 00:00:00,107.98,2,Tartu,pood,laste_riided
1530,2023-05-04 00:00:00,228.81,1,Tartu,pood,jalanõusid
1539,2023-05-04 00:00:00,230.06,1,Pärnu,pood,meeste_riided
1551,2023-05-04 00:00:00,422.05,5,Tartu,pood,jalanõusid
1569,2023-05-04 00:00:00,45.40,2,Tartu,pood,laste_riided
1258,2023-05-05 00:00:00,68.10,3,Tallinn,pood,aksessuaarid
1260,2023-05-05 00:00:00,792.55,5,Tallinn,pood,naiste_riided
1298,2023-05-05 00:00:00,208.17,3,Tartu,pood,jalanõusid
1376,2023-05-05 00:00:00,740.91,3,Tallinn,pood,meeste_riided
1490,2023-05-05 00:00:00,153.11,1,Tallinn,pood,aksessuaarid
1503,2023-05-05 00:00:00,79.59,1,Tallinn,pood,meeste_riided
1506,2023-05-05 00:00:00,72.14,1,Tartu,pood,laste_riided
1250,2023-05-06 00:00:00,205.89,1,Tallinn,pood,aksessuaarid
1261,2023-05-06 00:00:00,242.43,1,null,online,meeste_riided
1309,2023-05-06 00:00:00,517.82,2,Tallinn,pood,meeste_riided
1381,2023-05-06 00:00:00,247.52,1,Pärnu,pood,naiste_riided
1389,2023-05-06 00:00:00,135.50,2,Tallinn,pood,jalanõusid
1464,2023-05-06 00:00:00,178.58,2,null,online,meeste_riided
1510,2023-05-06 00:00:00,294.32,2,Tallinn,pood,aksessuaarid
1531,2023-05-06 00:00:00,175.25,1,Tallinn,pood,meeste_riided
1542,2023-05-06 00:00:00,443.78,2,Tallinn,pood,naiste_riided
1553,2023-05-06 00:00:00,88.44,3,Tartu,pood,aksessuaarid
1246,2023-05-07 00:00:00,234.91,1,Pärnu,pood,jalanõusid
1276,2023-05-07 00:00:00,346.70,1,Tallinn,pood,naiste_riided
1282,2023-05-07 00:00:00,208.11,1,Tartu,pood,meeste_riided
1300,2023-05-07 00:00:00,171.33,1,Tallinn,pood,meeste_riided
1315,2023-05-07 00:00:00,65.60,1,Tallinn,pood,aksessuaarid
1323,2023-05-07 00:00:00,53.01,1,Tallinn,pood,meeste_riided
1342,2023-05-07 00:00:00,253.26,1,null,online,meeste_riided
1350,2023-05-07 00:00:00,495.62,2,null,online,meeste_riided
1391,2023-05-07 00:00:00,358.70,2,Tallinn,pood,naiste_riided
1416,2023-05-07 00:00:00,178.58,2,Tallinn,pood,meeste_riided
1444,2023-05-07 00:00:00,72.73,1,Tallinn,pood,naiste_riided
1452,2023-05-07 00:00:00,124.35,1,Pärnu,pood,meeste_riided
1496,2023-05-07 00:00:00,72.60,1,null,online,laste_riided
1497,2023-05-07 00:00:00,253.26,1,Tallinn,pood,meeste_riided
1571,2023-05-07 00:00:00,62.56,1,Tallinn,pood,aksessuaarid
1229,2023-05-08 00:00:00,100.93,1,null,online,meeste_riided
1237,2023-05-08 00:00:00,199.14,2,null,online,laste_riided
1310,2023-05-08 00:00:00,484.86,2,Tartu,pood,meeste_riided
1322,2023-05-08 00:00:00,1017.63,3,Tallinn,pood,jalanõusid
1363,2023-05-08 00:00:00,327.28,2,Tallinn,pood,jalanõusid
1373,2023-05-08 00:00:00,78.09,1,Tallinn,pood,naiste_riided
1422,2023-05-08 00:00:00,73.18,1,Pärnu,pood,jalanõusid
1476,2023-05-08 00:00:00,260.72,2,null,online,naiste_riided
1482,2023-05-08 00:00:00,308.84,1,Tartu,pood,naiste_riided
1483,2023-05-08 00:00:00,749.08,2,Tallinn,pood,meeste_riided
1522,2023-05-08 00:00:00,257.32,2,Tallinn,pood,jalanõusid
1555,2023-05-08 00:00:00,459.10,2,null,online,naiste_riided
1240,2023-05-09 00:00:00,448.65,3,Pärnu,pood,aksessuaarid
1262,2023-05-09 00:00:00,72.60,1,Tallinn,pood,laste_riided
1285,2023-05-09 00:00:00,561.48,3,null,online,jalanõusid
1304,2023-05-09 00:00:00,366.80,2,Tallinn,pood,aksessuaarid
1308,2023-05-09 00:00:00,80.37,3,null,online,aksessuaarid
1337,2023-05-09 00:00:00,41.63,1,null,online,naiste_riided
1387,2023-05-09 00:00:00,365.54,2,Tallinn,pood,naiste_riided
1388,2023-05-09 00:00:00,874.16,4,null,online,jalanõusid
1411,2023-05-09 00:00:00,73.62,3,null,online,laste_riided
1424,2023-05-09 00:00:00,126.42,1,Tartu,pood,meeste_riided
1453,2023-05-09 00:00:00,265.05,5,Tartu,pood,meeste_riided
1516,2023-05-09 00:00:00,632.08,2,null,online,meeste_riided
1536,2023-05-09 00:00:00,438.38,2,null,online,naiste_riided
1566,2023-05-09 00:00:00,218.99,1,Tallinn,pood,naiste_riided
1570,2023-05-09 00:00:00,89.39,1,null,online,meeste_riided
1312,2023-05-10 00:00:00,422.70,2,Tallinn,pood,naiste_riided
1384,2023-05-10 00:00:00,151.08,1,null,online,meeste_riided
1401,2023-05-10 00:00:00,170.20,5,Tallinn,pood,laste_riided
1443,2023-05-10 00:00:00,868.16,2,null,online,jalanõusid
1468,2023-05-10 00:00:00,164.30,2,Tallinn,pood,meeste_riided
1491,2023-05-10 00:00:00,324.27,3,Tallinn,pood,naiste_riided
1502,2023-05-10 00:00:00,329.99,1,null,online,jalanõusid
1550,2023-05-10 00:00:00,291.36,1,null,online,naiste_riided
1243,2023-05-11 00:00:00,71.04,3,Tartu,pood,laste_riided
1244,2023-05-11 00:00:00,621.69,3,null,online,jalanõusid
1367,2023-05-11 00:00:00,154.71,1,null,online,meeste_riided
1403,2023-05-11 00:00:00,366.80,2,null,online,aksessuaarid
1412,2023-05-11 00:00:00,113.86,1,Pärnu,pood,aksessuaarid
1413,2023-05-11 00:00:00,26.79,1,Tallinn,pood,aksessuaarid
1436,2023-05-11 00:00:00,208.11,1,Tallinn,pood,meeste_riided
1469,2023-05-11 00:00:00,47.38,1,null,online,laste_riided
1479,2023-05-11 00:00:00,296.58,1,Tartu,pood,meeste_riided
1499,2023-05-11 00:00:00,198.63,3,null,online,laste_riided
1540,2023-05-11 00:00:00,562.38,2,null,online,meeste_riided
1554,2023-05-11 00:00:00,318.50,2,Tallinn,pood,meeste_riided
1266,2023-05-12 00:00:00,105.23,1,Tartu,pood,laste_riided
1314,2023-05-12 00:00:00,304.14,1,Pärnu,pood,naiste_riided
1321,2023-05-12 00:00:00,32.93,1,null,online,naiste_riided
1326,2023-05-12 00:00:00,274.87,1,null,online,jalanõusid
1351,2023-05-12 00:00:00,45.21,1,Pärnu,pood,aksessuaarid
1356,2023-05-12 00:00:00,442.84,2,Pärnu,pood,jalanõusid
1365,2023-05-12 00:00:00,304.14,1,Tartu,pood,naiste_riided
1408,2023-05-12 00:00:00,54.81,1,null,online,laste_riided
1438,2023-05-12 00:00:00,128.44,1,Tallinn,pood,laste_riided
1560,2023-05-12 00:00:00,437.08,2,Pärnu,pood,jalanõusid
1320,2023-05-13 00:00:00,153.62,1,Tallinn,pood,jalanõusid
1346,2023-05-13 00:00:00,365.54,2,null,online,naiste_riided
1352,2023-05-13 00:00:00,368.14,2,null,online,meeste_riided
1366,2023-05-13 00:00:00,280.02,1,Tallinn,pood,naiste_riided
1369,2023-05-13 00:00:00,101.54,2,null,online,naiste_riided
1402,2023-05-13 00:00:00,704.73,3,Tallinn,pood,jalanõusid
1419,2023-05-13 00:00:00,198.29,1,Tallinn,pood,meeste_riided
1446,2023-05-13 00:00:00,665.10,2,null,online,meeste_riided
1456,2023-05-13 00:00:00,436.84,2,null,online,meeste_riided
1473,2023-05-13 00:00:00,94.25,1,Tallinn,pood,laste_riided
1478,2023-05-13 00:00:00,482.73,3,null,online,meeste_riided
1494,2023-05-13 00:00:00,347.24,2,Tallinn,pood,aksessuaarid
1547,2023-05-13 00:00:00,318.10,5,null,online,jalanõusid
1319,2023-05-14 00:00:00,421.52,2,Tallinn,pood,naiste_riided
1325,2023-05-14 00:00:00,63.30,2,Tallinn,pood,laste_riided
1357,2023-05-14 00:00:00,140.02,2,Tartu,pood,meeste_riided
1406,2023-05-14 00:00:00,154.74,3,Tallinn,pood,laste_riided
1441,2023-05-14 00:00:00,417.66,2,null,online,naiste_riided
1488,2023-05-14 00:00:00,-549.32,4,null,online,meeste_riided
1518,2023-05-14 00:00:00,160.71,1,null,online,meeste_riided
1521,2023-05-14 00:00:00,219.19,1,Tallinn,pood,naiste_riided
1525,2023-05-14 00:00:00,364.88,4,Tallinn,pood,meeste_riided
1567,2023-05-14 00:00:00,107.26,1,Tallinn,pood,aksessuaarid
1278,2023-05-15 00:00:00,173.62,1,Tartu,pood,aksessuaarid
1435,2023-05-15 00:00:00,49.08,2,null,online,laste_riided
1492,2023-05-15 00:00:00,142.57,1,Tallinn,pood,meeste_riided
1533,2023-05-15 00:00:00,101.26,1,null,online,laste_riided
1545,2023-05-15 00:00:00,-151.08,1,Tartu,pood,meeste_riided
1228,2023-05-16 00:00:00,123.64,1,Tartu,pood,laste_riided
1254,2023-05-16 00:00:00,600.44,4,Tallinn,pood,naiste_riided
1393,2023-05-16 00:00:00,111.26,1,null,online,naiste_riided
1407,2023-05-16 00:00:00,63.95,1,Tartu,pood,jalanõusid
1421,2023-05-16 00:00:00,713.14,2,Tartu,pood,meeste_riided
1477,2023-05-16 00:00:00,126.60,4,Tallinn,pood,laste_riided
1480,2023-05-16 00:00:00,305.72,1,Tallinn,pood,jalanõusid
1245,2023-05-17 00:00:00,1093.28,4,null,online,jalanõusid
1270,2023-05-17 00:00:00,130.36,1,null,online,naiste_riided
1277,2023-05-17 00:00:00,552.40,2,null,online,naiste_riided
1283,2023-05-17 00:00:00,1113.15,3,null,online,jalanõusid
1288,2023-05-17 00:00:00,-57.08,1,null,online,aksessuaarid
1303,2023-05-17 00:00:00,-812.07,3,null,online,jalanõusid
1317,2023-05-17 00:00:00,624.82,2,null,online,meeste_riided
1345,2023-05-17 00:00:00,142.80,5,Tallinn,pood,aksessuaarid
1359,2023-05-17 00:00:00,657.57,3,Tallinn,pood,naiste_riided
1362,2023-05-17 00:00:00,22.70,1,Tallinn,pood,aksessuaarid
1372,2023-05-17 00:00:00,434.08,1,Tartu,pood,jalanõusid
1377,2023-05-17 00:00:00,62.55,1,Tallinn,pood,jalanõusid
1385,2023-05-17 00:00:00,302.86,1,Tartu,pood,jalanõusid
1437,2023-05-17 00:00:00,581.10,2,Pärnu,pood,naiste_riided
1472,2023-05-17 00:00:00,145.20,2,null,online,laste_riided
1487,2023-05-17 00:00:00,1458.60,5,Tartu,pood,jalanõusid
1535,2023-05-17 00:00:00,51.10,1,Tallinn,pood,aksessuaarid
1562,2023-05-17 00:00:00,215.34,2,Tallinn,pood,meeste_riided
1239,2023-05-18 00:00:00,279.43,1,null,online,meeste_riided
1274,2023-05-18 00:00:00,28.56,1,Tallinn,pood,aksessuaarid
1284,2023-05-18 00:00:00,549.74,2,Pärnu,pood,jalanõusid
1287,2023-05-18 00:00:00,181.68,1,Pärnu,pood,aksessuaarid
1306,2023-05-18 00:00:00,42.64,1,Tallinn,pood,naiste_riided
1340,2023-05-18 00:00:00,407.34,2,Tallinn,pood,meeste_riided
1349,2023-05-18 00:00:00,110.53,1,Tallinn,pood,meeste_riided
1397,2023-05-18 00:00:00,1371.85,5,Tallinn,pood,naiste_riided
1458,2023-05-18 00:00:00,472.47,3,null,online,jalanõusid
1501,2023-05-18 00:00:00,245.59,1,Tallinn,pood,naiste_riided
1515,2023-05-18 00:00:00,407.34,2,null,online,meeste_riided
1548,2023-05-18 00:00:00,871.65,3,Tallinn,pood,naiste_riided
1559,2023-05-18 00:00:00,53.58,2,null,online,aksessuaarid
1233,2023-05-19 00:00:00,456.39,3,Tallinn,pood,meeste_riided
1241,2023-05-19 00:00:00,133.76,2,null,online,aksessuaarid
1247,2023-05-19 00:00:00,290.32,4,Tallinn,pood,laste_riided
1248,2023-05-19 00:00:00,234.10,2,null,online,aksessuaarid
1256,2023-05-19 00:00:00,230.06,1,Pärnu,pood,meeste_riided
1265,2023-05-19 00:00:00,130.02,1,null,online,laste_riided
1275,2023-05-19 00:00:00,45.21,1,null,online,aksessuaarid
1294,2023-05-19 00:00:00,520.86,3,null,online,aksessuaarid
1313,2023-05-19 00:00:00,411.78,2,null,online,aksessuaarid
1334,2023-05-19 00:00:00,276.97,1,Tallinn,pood,jalanõusid
1375,2023-05-19 00:00:00,549.56,2,null,online,meeste_riided
1418,2023-05-19 00:00:00,222.10,1,null,online,naiste_riided
1420,2023-05-19 00:00:00,86.14,1,Tartu,pood,laste_riided
1431,2023-05-19 00:00:00,187.65,3,null,online,jalanõusid
1442,2023-05-19 00:00:00,172.28,2,Pärnu,pood,laste_riided
1467,2023-05-19 00:00:00,322.08,3,Pärnu,pood,laste_riided
1504,2023-05-19 00:00:00,406.78,2,Tallinn,pood,aksessuaarid
1517,2023-05-19 00:00:00,736.08,4,Tallinn,pood,aksessuaarid
1537,2023-05-19 00:00:00,1114.36,4,Tallinn,pood,meeste_riided
1230,2023-05-20 00:00:00,549.74,2,Tartu,pood,jalanõusid
1232,2023-05-20 00:00:00,352.32,4,Pärnu,pood,laste_riided
1253,2023-05-20 00:00:00,98.16,4,null,online,laste_riided
1307,2023-05-20 00:00:00,920.35,5,Tallinn,pood,meeste_riided
1344,2023-05-20 00:00:00,305.72,1,Tallinn,pood,jalanõusid
1380,2023-05-20 00:00:00,332.54,2,Tallinn,pood,naiste_riided
1386,2023-05-20 00:00:00,506.52,2,Tallinn,pood,meeste_riided
1455,2023-05-20 00:00:00,55.04,1,Tallinn,pood,laste_riided
1529,2023-05-20 00:00:00,393.82,2,null,online,meeste_riided
1268,2023-05-21 00:00:00,221.40,2,Tallinn,pood,laste_riided
1291,2023-05-21 00:00:00,271.98,2,null,online,naiste_riided
1378,2023-05-21 00:00:00,84.54,1,null,online,jalanõusid
1399,2023-05-21 00:00:00,229.55,1,Tartu,pood,naiste_riided
1439,2023-05-21 00:00:00,274.87,1,null,online,jalanõusid
1514,2023-05-21 00:00:00,-264.60,2,null,online,jalanõusid
1527,2023-05-21 00:00:00,607.71,3,null,online,naiste_riided
1255,2023-05-22 00:00:00,277.80,2,null,online,meeste_riided
1257,2023-05-22 00:00:00,868.16,2,Tallinn,pood,jalanõusid
1290,2023-05-22 00:00:00,150.11,1,Pärnu,pood,naiste_riided
1374,2023-05-22 00:00:00,329.99,1,Tartu,pood,jalanõusid
1415,2023-05-22 00:00:00,959.94,3,Tallinn,pood,jalanõusid
1417,2023-05-22 00:00:00,320.46,3,null,online,laste_riided
1423,2023-05-22 00:00:00,-412.68,2,Tartu,pood,jalanõusid
1474,2023-05-22 00:00:00,78.09,1,null,online,naiste_riided
1505,2023-05-22 00:00:00,809.55,3,Tallinn,pood,meeste_riided
1513,2023-05-22 00:00:00,135.99,1,Tartu,pood,naiste_riided
1543,2023-05-22 00:00:00,241.17,3,Tartu,pood,laste_riided
1557,2023-05-22 00:00:00,300.22,2,Tallinn,pood,naiste_riided
1293,2023-05-23 00:00:00,274.78,1,Tallinn,pood,meeste_riided
1296,2023-05-23 00:00:00,655.26,3,Pärnu,pood,meeste_riided
1302,2023-05-23 00:00:00,145.74,3,null,online,laste_riided
1324,2023-05-23 00:00:00,298.94,2,Tallinn,pood,aksessuaarid
1395,2023-05-23 00:00:00,15.09,1,null,online,aksessuaarid
1481,2023-05-23 00:00:00,225.81,1,Pärnu,pood,naiste_riided
1493,2023-05-23 00:00:00,368.97,1,Tallinn,pood,jalanõusid
1519,2023-05-23 00:00:00,697.83,3,Tallinn,pood,jalanõusid
1520,2023-05-23 00:00:00,183.40,1,null,online,aksessuaarid
1524,2023-05-23 00:00:00,332.54,2,Pärnu,pood,naiste_riided
1532,2023-05-23 00:00:00,23.45,1,null,online,aksessuaarid
1236,2023-05-24 00:00:00,24.67,1,Tallinn,pood,laste_riided
1263,2023-05-24 00:00:00,127.74,2,Tartu,pood,laste_riided
1311,2023-05-24 00:00:00,251.52,1,Tallinn,pood,jalanõusid
1332,2023-05-24 00:00:00,304.14,1,null,online,naiste_riided
1341,2023-05-24 00:00:00,176.16,2,Tallinn,pood,laste_riided
1396,2023-05-24 00:00:00,419.40,4,Tallinn,pood,laste_riided
1429,2023-05-24 00:00:00,353.30,2,null,online,aksessuaarid
1449,2023-05-24 00:00:00,1386.80,4,Tallinn,pood,naiste_riided
1457,2023-05-24 00:00:00,101.26,1,Pärnu,pood,laste_riided
1462,2023-05-24 00:00:00,152.31,3,Tallinn,pood,naiste_riided
1485,2023-05-24 00:00:00,164.43,3,Tallinn,pood,laste_riided
1541,2023-05-24 00:00:00,66.88,1,Pärnu,pood,aksessuaarid
1271,2023-05-25 00:00:00,183.40,1,Tallinn,pood,aksessuaarid
1279,2023-05-25 00:00:00,329.99,1,null,online,jalanõusid
1339,2023-05-25 00:00:00,139.74,1,null,online,naiste_riided
1405,2023-05-25 00:00:00,24.54,1,Tallinn,pood,laste_riided
1409,2023-05-25 00:00:00,155.84,1,Tartu,pood,aksessuaarid
1414,2023-05-25 00:00:00,224.19,1,null,online,naiste_riided
1425,2023-05-25 00:00:00,200.77,1,Tartu,pood,naiste_riided
1434,2023-05-25 00:00:00,72.14,1,Tartu,pood,laste_riided
1451,2023-05-25 00:00:00,29.48,1,null,online,aksessuaarid
1486,2023-05-25 00:00:00,304.14,1,Pärnu,pood,naiste_riided
1549,2023-05-25 00:00:00,201.86,1,Tartu,pood,meeste_riided
1563,2023-05-25 00:00:00,675.84,3,Pärnu,pood,aksessuaarid
1259,2023-05-26 00:00:00,157.49,1,null,online,jalanõusid
1289,2023-05-26 00:00:00,203.25,3,Tallinn,pood,jalanõusid
1301,2023-05-26 00:00:00,24.54,1,Tallinn,pood,laste_riided
1329,2023-05-26 00:00:00,112.68,1,null,online,laste_riided
1330,2023-05-26 00:00:00,141.05,1,Tallinn,pood,jalanõusid
1383,2023-05-26 00:00:00,467.52,3,null,online,aksessuaarid
1400,2023-05-26 00:00:00,274.05,5,Tallinn,pood,laste_riided
1440,2023-05-26 00:00:00,787.45,5,Tallinn,pood,jalanõusid
1459,2023-05-26 00:00:00,253.80,1,Tartu,pood,jalanõusid
1484,2023-05-26 00:00:00,38.70,1,Tartu,pood,laste_riided
1489,2023-05-26 00:00:00,93.70,1,null,online,meeste_riided
1500,2023-05-26 00:00:00,203.25,3,Tallinn,pood,jalanõusid
1534,2023-05-26 00:00:00,509.85,3,Tallinn,pood,aksessuaarid
1286,2023-05-27 00:00:00,209.05,1,Tartu,pood,naiste_riided
1297,2023-05-27 00:00:00,106.71,1,null,online,aksessuaarid
1360,2023-05-27 00:00:00,208.83,1,Tallinn,pood,naiste_riided
1445,2023-05-27 00:00:00,1000.68,4,Tartu,pood,naiste_riided
1470,2023-05-27 00:00:00,53.58,2,Tallinn,pood,aksessuaarid
1471,2023-05-27 00:00:00,139.74,1,Pärnu,pood,naiste_riided
1523,2023-05-27 00:00:00,740.91,3,null,online,meeste_riided
1546,2023-05-27 00:00:00,434.08,1,null,online,jalanõusid
1561,2023-05-27 00:00:00,162.86,1,null,online,naiste_riided
1235,2023-05-28 00:00:00,1123.62,3,Tallinn,pood,meeste_riided
1280,2023-05-28 00:00:00,47.36,2,Tartu,pood,laste_riided
1370,2023-05-28 00:00:00,105.29,1,Tallinn,pood,laste_riided
1382,2023-05-28 00:00:00,375.34,1,Pärnu,pood,jalanõusid
1508,2023-05-28 00:00:00,184.02,1,Tallinn,pood,aksessuaarid
1526,2023-05-28 00:00:00,1050.57,3,null,online,jalanõusid
1238,2023-05-29 00:00:00,210.18,2,Tallinn,pood,meeste_riided
1252,2023-05-29 00:00:00,347.24,2,Tallinn,pood,aksessuaarid
1327,2023-05-29 00:00:00,298.80,4,Tallinn,pood,jalanõusid
1335,2023-05-29 00:00:00,24.67,1,Tallinn,pood,laste_riided
1353,2023-05-29 00:00:00,219.38,1,null,online,aksessuaarid
1392,2023-05-29 00:00:00,72.58,1,Tallinn,pood,laste_riided
1430,2023-05-29 00:00:00,81.48,1,null,online,jalanõusid
1448,2023-05-29 00:00:00,30.05,1,Tallinn,pood,laste_riided
1495,2023-05-29 00:00:00,30.05,1,Tartu,pood,laste_riided
1544,2023-05-29 00:00:00,504.65,5,null,online,meeste_riided
1568,2023-05-29 00:00:00,376.33,1,Tartu,pood,jalanõusid
1234,2023-05-30 00:00:00,191.48,1,Pärnu,pood,aksessuaarid
1318,2023-05-30 00:00:00,17.97,1,Tallinn,pood,aksessuaarid
1331,2023-05-30 00:00:00,274.37,1,null,online,naiste_riided
1338,2023-05-30 00:00:00,166.27,1,Tartu,pood,naiste_riided
1347,2023-05-30 00:00:00,73.90,1,null,online,laste_riided
1355,2023-05-30 00:00:00,22.70,1,Pärnu,pood,aksessuaarid
1361,2023-05-30 00:00:00,282.10,2,null,online,jalanõusid
1364,2023-05-30 00:00:00,184.02,1,Tallinn,pood,aksessuaarid
1368,2023-05-30 00:00:00,-234.10,2,Pärnu,pood,aksessuaarid
1428,2023-05-30 00:00:00,368.04,2,null,online,aksessuaarid
1465,2023-05-30 00:00:00,123.64,1,null,online,laste_riided
1507,2023-05-30 00:00:00,282.95,1,null,online,naiste_riided
1343,2023-05-31 00:00:00,433.08,3,Tartu,pood,aksessuaarid
1390,2023-05-31 00:00:00,96.50,1,Pärnu,pood,meeste_riided
1410,2023-05-31 00:00:00,160.91,1,Pärnu,pood,meeste_riided
1460,2023-05-31 00:00:00,437.16,3,null,online,aksessuaarid
1461,2023-05-31 00:00:00,72.14,1,Pärnu,pood,laste_riided
1509,2023-05-31 00:00:00,438.76,2,Tallinn,pood,aksessuaarid
1558,2023-05-31 00:00:00,192.22,2,Tallinn,pood,jalanõusid
1641,2023-06-01 00:00:00,136.30,1,null,online,laste_riided
1647,2023-06-01 00:00:00,336.68,2,null,online,naiste_riided
1655,2023-06-01 00:00:00,274.87,1,Tallinn,pood,jalanõusid
1660,2023-06-01 00:00:00,203.67,1,null,online,meeste_riided
1683,2023-06-01 00:00:00,154.71,1,Tallinn,pood,meeste_riided
1710,2023-06-01 00:00:00,258.91,1,Tallinn,pood,meeste_riided
1713,2023-06-01 00:00:00,713.14,2,Tallinn,pood,meeste_riided
1740,2023-06-01 00:00:00,183.31,1,null,online,aksessuaarid
1799,2023-06-01 00:00:00,169.95,1,Tallinn,pood,aksessuaarid
1802,2023-06-01 00:00:00,459.76,4,Pärnu,pood,meeste_riided
1900,2023-06-01 00:00:00,72.14,1,Tallinn,pood,laste_riided
1901,2023-06-01 00:00:00,110.70,1,Tallinn,pood,laste_riided
1928,2023-06-01 00:00:00,234.91,1,Pärnu,pood,jalanõusid
1971,2023-06-01 00:00:00,234.10,2,null,online,aksessuaarid
1622,2023-06-02 00:00:00,301.97,1,Tartu,pood,naiste_riided
1634,2023-06-02 00:00:00,1129.16,4,Tartu,pood,jalanõusid
1696,2023-06-02 00:00:00,296.04,3,Tallinn,pood,laste_riided
1746,2023-06-02 00:00:00,125.52,1,null,online,meeste_riided
1774,2023-06-02 00:00:00,86.14,1,Tallinn,pood,laste_riided
1791,2023-06-02 00:00:00,102.12,3,Tallinn,pood,laste_riided
1808,2023-06-02 00:00:00,183.40,1,null,online,aksessuaarid
1823,2023-06-02 00:00:00,125.10,2,null,online,jalanõusid
1860,2023-06-02 00:00:00,121.51,1,Pärnu,pood,jalanõusid
1906,2023-06-02 00:00:00,154.74,3,Tallinn,pood,laste_riided
1922,2023-06-02 00:00:00,83.97,1,null,online,jalanõusid
1950,2023-06-02 00:00:00,540.42,3,Tallinn,pood,naiste_riided
1965,2023-06-02 00:00:00,737.94,2,null,online,jalanõusid
1588,2023-06-03 00:00:00,439.66,2,Tallinn,pood,aksessuaarid
1591,2023-06-03 00:00:00,304.14,1,Tallinn,pood,naiste_riided
1595,2023-06-03 00:00:00,304.14,1,Pärnu,pood,naiste_riided
1597,2023-06-03 00:00:00,204.87,1,Tartu,pood,aksessuaarid
1600,2023-06-03 00:00:00,169.08,2,Tallinn,pood,jalanõusid
1605,2023-06-03 00:00:00,291.72,1,Tallinn,pood,jalanõusid
1623,2023-06-03 00:00:00,158.51,1,Tallinn,pood,naiste_riided
1644,2023-06-03 00:00:00,131.72,4,Tallinn,pood,naiste_riided
1723,2023-06-03 00:00:00,368.67,1,Tallinn,pood,jalanõusid
1739,2023-06-03 00:00:00,151.08,1,Tallinn,pood,meeste_riided
1872,2023-06-03 00:00:00,116.98,2,Pärnu,pood,jalanõusid
1888,2023-06-03 00:00:00,519.38,2,Tartu,pood,meeste_riided
1923,2023-06-03 00:00:00,752.66,2,Tallinn,pood,jalanõusid
1587,2023-06-04 00:00:00,210.36,1,Tallinn,pood,jalanõusid
1615,2023-06-04 00:00:00,339.21,1,Tallinn,pood,jalanõusid
1661,2023-06-04 00:00:00,260.40,3,null,online,naiste_riided
1664,2023-06-04 00:00:00,1843.35,5,null,online,jalanõusid
1700,2023-06-04 00:00:00,294.32,2,null,online,aksessuaarid
1741,2023-06-04 00:00:00,211.35,1,Tallinn,pood,naiste_riided
1768,2023-06-04 00:00:00,417.66,2,Tallinn,pood,naiste_riided
1814,2023-06-04 00:00:00,132.30,1,null,online,jalanõusid
1822,2023-06-04 00:00:00,133.10,5,Tartu,pood,laste_riided
1876,2023-06-04 00:00:00,253.80,1,Tallinn,pood,jalanõusid
1891,2023-06-04 00:00:00,308.84,1,Tartu,pood,naiste_riided
1926,2023-06-04 00:00:00,181.68,1,Tallinn,pood,aksessuaarid
1946,2023-06-04 00:00:00,373.05,3,null,online,meeste_riided
1947,2023-06-04 00:00:00,164.30,2,Tartu,pood,meeste_riided
1575,2023-06-05 00:00:00,959.94,3,Tartu,pood,jalanõusid
1582,2023-06-05 00:00:00,765.55,5,null,online,aksessuaarid
1584,2023-06-05 00:00:00,274.50,1,Tartu,pood,meeste_riided
1685,2023-06-05 00:00:00,317.02,2,Tallinn,pood,naiste_riided
1798,2023-06-05 00:00:00,388.92,2,Pärnu,pood,naiste_riided
1807,2023-06-05 00:00:00,194.57,1,Tartu,pood,aksessuaarid
1859,2023-06-05 00:00:00,368.67,1,Tallinn,pood,jalanõusid
1861,2023-06-05 00:00:00,252.33,1,null,online,naiste_riided
1863,2023-06-05 00:00:00,603.94,2,Tallinn,pood,naiste_riided
1938,2023-06-05 00:00:00,607.71,3,null,online,naiste_riided
1940,2023-06-05 00:00:00,401.54,2,Tallinn,pood,naiste_riided
1982,2023-06-05 00:00:00,108.09,1,Tallinn,pood,naiste_riided
1611,2023-06-06 00:00:00,51.58,1,Tallinn,pood,laste_riided
1621,2023-06-06 00:00:00,373.54,2,Tallinn,pood,aksessuaarid
1658,2023-06-06 00:00:00,678.42,2,null,online,jalanõusid
1675,2023-06-06 00:00:00,128.66,1,Pärnu,pood,jalanõusid
1679,2023-06-06 00:00:00,123.64,1,Tartu,pood,laste_riided
1702,2023-06-06 00:00:00,183.31,1,Tallinn,pood,aksessuaarid
1716,2023-06-06 00:00:00,302.16,2,Pärnu,pood,meeste_riided
1750,2023-06-06 00:00:00,104.27,1,Tallinn,pood,laste_riided
1794,2023-06-06 00:00:00,149.47,1,Tartu,pood,aksessuaarid
1831,2023-06-06 00:00:00,921.81,3,Tallinn,pood,jalanõusid
1837,2023-06-06 00:00:00,243.93,1,Pärnu,pood,meeste_riided
1845,2023-06-06 00:00:00,53.24,2,Tallinn,pood,laste_riided
1886,2023-06-06 00:00:00,130.02,1,Pärnu,pood,laste_riided
1896,2023-06-06 00:00:00,588.64,4,Tallinn,pood,aksessuaarid
1913,2023-06-06 00:00:00,849.75,5,Tallinn,pood,aksessuaarid
1960,2023-06-06 00:00:00,120.59,1,null,online,meeste_riided
1967,2023-06-06 00:00:00,41.79,1,null,online,laste_riided
1975,2023-06-06 00:00:00,98.68,1,Pärnu,pood,laste_riided
1981,2023-06-06 00:00:00,17.97,1,Tallinn,pood,aksessuaarid
1593,2023-06-07 00:00:00,305.70,2,Tartu,pood,laste_riided
1601,2023-06-07 00:00:00,197.36,2,Tartu,pood,laste_riided
1620,2023-06-07 00:00:00,17.97,1,Tallinn,pood,aksessuaarid
1633,2023-06-07 00:00:00,279.43,1,null,online,meeste_riided
1654,2023-06-07 00:00:00,779.07,3,Pärnu,pood,meeste_riided
1689,2023-06-07 00:00:00,149.40,2,Tartu,pood,jalanõusid
1699,2023-06-07 00:00:00,202.52,2,null,online,laste_riided
1707,2023-06-07 00:00:00,53.58,2,Tallinn,pood,aksessuaarid
1721,2023-06-07 00:00:00,258.91,1,Tartu,pood,meeste_riided
1737,2023-06-07 00:00:00,162.86,1,Tallinn,pood,naiste_riided
1788,2023-06-07 00:00:00,307.27,1,null,online,jalanõusid
1846,2023-06-07 00:00:00,246.97,1,null,online,meeste_riided
1875,2023-06-07 00:00:00,221.89,1,Pärnu,pood,naiste_riided
1880,2023-06-07 00:00:00,155.45,1,Tallinn,pood,aksessuaarid
1898,2023-06-07 00:00:00,371.79,1,Pärnu,pood,jalanõusid
1930,2023-06-07 00:00:00,250.17,1,Pärnu,pood,naiste_riided
1972,2023-06-07 00:00:00,812.07,3,Tallinn,pood,jalanõusid
1996,2023-06-07 00:00:00,74.70,1,Tartu,pood,jalanõusid
1637,2023-06-08 00:00:00,501.69,3,Tallinn,pood,laste_riided
1642,2023-06-08 00:00:00,304.14,1,null,online,naiste_riided
1678,2023-06-08 00:00:00,327.28,2,Tallinn,pood,jalanõusid
1684,2023-06-08 00:00:00,184.07,1,null,online,meeste_riided
1690,2023-06-08 00:00:00,255.50,5,Tartu,pood,aksessuaarid
1719,2023-06-08 00:00:00,45.40,2,null,online,laste_riided
1725,2023-06-08 00:00:00,125.52,1,Tallinn,pood,meeste_riided
1753,2023-06-08 00:00:00,51.10,1,Tallinn,pood,aksessuaarid
1758,2023-06-08 00:00:00,274.78,1,Tartu,pood,meeste_riided
1765,2023-06-08 00:00:00,225.81,1,Tallinn,pood,naiste_riided
1784,2023-06-08 00:00:00,210.18,2,null,online,meeste_riided
1801,2023-06-08 00:00:00,337.64,4,Tartu,pood,jalanõusid
1803,2023-06-08 00:00:00,241.13,1,Tallinn,pood,jalanõusid
1806,2023-06-08 00:00:00,58.49,1,Tallinn,pood,jalanõusid
1883,2023-06-08 00:00:00,145.20,2,Tartu,pood,laste_riided
1911,2023-06-08 00:00:00,94.65,1,Tartu,pood,laste_riided
1933,2023-06-08 00:00:00,159.57,3,Tallinn,pood,laste_riided
1939,2023-06-08 00:00:00,542.70,2,null,online,jalanõusid
1995,2023-06-08 00:00:00,432.36,4,null,online,naiste_riided
1602,2023-06-09 00:00:00,158.25,5,Tartu,pood,laste_riided
1629,2023-06-09 00:00:00,431.16,2,Tartu,pood,aksessuaarid
1649,2023-06-09 00:00:00,332.55,1,Tallinn,pood,meeste_riided
1682,2023-06-09 00:00:00,416.22,2,null,online,meeste_riided
1686,2023-06-09 00:00:00,396.58,2,Tallinn,pood,meeste_riided
1730,2023-06-09 00:00:00,546.12,2,null,online,jalanõusid
1771,2023-06-09 00:00:00,77.60,1,Tallinn,pood,meeste_riided
1790,2023-06-09 00:00:00,158.51,1,null,online,naiste_riided
1887,2023-06-09 00:00:00,482.73,3,null,online,meeste_riided
1890,2023-06-09 00:00:00,52.04,1,Tartu,pood,laste_riided
1951,2023-06-09 00:00:00,363.36,2,Tallinn,pood,aksessuaarid
1594,2023-06-10 00:00:00,95.76,2,Tallinn,pood,aksessuaarid
1697,2023-06-10 00:00:00,257.39,1,Tallinn,pood,naiste_riided
1711,2023-06-10 00:00:00,371.79,1,null,online,jalanõusid
1751,2023-06-10 00:00:00,381.62,2,Tartu,pood,jalanõusid
1757,2023-06-10 00:00:00,98.79,3,Tallinn,pood,naiste_riided
1811,2023-06-10 00:00:00,150.11,1,Tallinn,pood,naiste_riided
1855,2023-06-10 00:00:00,676.86,2,Tallinn,pood,meeste_riided
1862,2023-06-10 00:00:00,145.46,2,Tallinn,pood,naiste_riided
1879,2023-06-10 00:00:00,26.79,1,Tartu,pood,aksessuaarid
1919,2023-06-10 00:00:00,74.81,1,null,online,aksessuaarid
1964,2023-06-10 00:00:00,102.20,2,Tallinn,pood,aksessuaarid
1980,2023-06-10 00:00:00,889.20,3,Tartu,pood,naiste_riided
1610,2023-06-11 00:00:00,1544.20,5,Tartu,pood,naiste_riided
1625,2023-06-11 00:00:00,469.98,2,Tallinn,pood,naiste_riided
1631,2023-06-11 00:00:00,393.82,2,null,online,meeste_riided
1651,2023-06-11 00:00:00,83.58,2,Pärnu,pood,laste_riided
1671,2023-06-11 00:00:00,155.45,1,Tartu,pood,aksessuaarid
1727,2023-06-11 00:00:00,60.80,1,null,online,laste_riided
1742,2023-06-11 00:00:00,282.29,1,Tartu,pood,jalanõusid
1766,2023-06-11 00:00:00,1207.86,3,Tallinn,pood,jalanõusid
1841,2023-06-11 00:00:00,302.86,1,Tartu,pood,jalanõusid
1915,2023-06-11 00:00:00,421.74,2,Tartu,pood,meeste_riided
1921,2023-06-11 00:00:00,438.76,2,null,online,aksessuaarid
1927,2023-06-11 00:00:00,184.02,1,Tartu,pood,aksessuaarid
1934,2023-06-11 00:00:00,337.64,2,Pärnu,pood,laste_riided
1966,2023-06-11 00:00:00,411.78,2,null,online,aksessuaarid
1988,2023-06-11 00:00:00,614.48,4,Tallinn,pood,jalanõusid
1596,2023-06-12 00:00:00,58.84,2,null,online,aksessuaarid
1667,2023-06-12 00:00:00,149.40,2,null,online,jalanõusid
1693,2023-06-12 00:00:00,106.21,1,Tallinn,pood,laste_riided
1698,2023-06-12 00:00:00,32.74,2,null,online,aksessuaarid
1714,2023-06-12 00:00:00,460.12,2,Pärnu,pood,meeste_riided
1722,2023-06-12 00:00:00,213.42,2,Pärnu,pood,aksessuaarid
1744,2023-06-12 00:00:00,450.33,3,null,online,naiste_riided
1829,2023-06-12 00:00:00,130.00,2,Tallinn,pood,jalanõusid
1853,2023-06-12 00:00:00,219.24,4,Tallinn,pood,laste_riided
1889,2023-06-12 00:00:00,141.21,3,Tartu,pood,aksessuaarid
1892,2023-06-12 00:00:00,116.10,3,null,online,laste_riided
1907,2023-06-12 00:00:00,257.39,1,Tallinn,pood,naiste_riided
1910,2023-06-12 00:00:00,167.23,1,Tallinn,pood,laste_riided
1944,2023-06-12 00:00:00,697.83,3,Tallinn,pood,jalanõusid
1952,2023-06-12 00:00:00,482.26,2,Tartu,pood,jalanõusid
1953,2023-06-12 00:00:00,215.58,1,Pärnu,pood,aksessuaarid
1573,2023-06-13 00:00:00,127.38,1,Tallinn,pood,meeste_riided
1574,2023-06-13 00:00:00,116.20,1,Tallinn,pood,meeste_riided
1616,2023-06-13 00:00:00,210.18,2,null,online,meeste_riided
1636,2023-06-13 00:00:00,272.05,1,Tartu,pood,naiste_riided
1706,2023-06-13 00:00:00,276.20,1,Tallinn,pood,naiste_riided
1718,2023-06-13 00:00:00,60.37,1,Tallinn,pood,naiste_riided
1764,2023-06-13 00:00:00,123.82,1,Tallinn,pood,meeste_riided
1797,2023-06-13 00:00:00,160.78,2,Tartu,pood,laste_riided
1805,2023-06-13 00:00:00,150.11,1,Tallinn,pood,naiste_riided
1809,2023-06-13 00:00:00,124.89,3,Tallinn,pood,naiste_riided
1842,2023-06-13 00:00:00,121.60,2,null,online,laste_riided
1847,2023-06-13 00:00:00,159.25,1,Pärnu,pood,meeste_riided
1871,2023-06-13 00:00:00,50.85,1,Pärnu,pood,aksessuaarid
1936,2023-06-13 00:00:00,371.05,1,Tallinn,pood,jalanõusid
1957,2023-06-13 00:00:00,16.37,1,Tartu,pood,aksessuaarid
1592,2023-06-14 00:00:00,317.02,2,Tallinn,pood,naiste_riided
1604,2023-06-14 00:00:00,159.25,1,null,online,meeste_riided
1617,2023-06-14 00:00:00,209.70,2,null,online,laste_riided
1630,2023-06-14 00:00:00,145.46,2,null,online,naiste_riided
1663,2023-06-14 00:00:00,572.43,3,null,online,jalanõusid
1728,2023-06-14 00:00:00,560.26,2,Tartu,pood,jalanõusid
1789,2023-06-14 00:00:00,208.54,2,Tallinn,pood,laste_riided
1796,2023-06-14 00:00:00,100.93,1,null,online,meeste_riided
1816,2023-06-14 00:00:00,130.73,1,null,online,laste_riided
1827,2023-06-14 00:00:00,704.97,3,Tartu,pood,naiste_riided
1828,2023-06-14 00:00:00,328.86,3,Tallinn,pood,naiste_riided
1833,2023-06-14 00:00:00,62.55,1,Tallinn,pood,jalanõusid
1959,2023-06-14 00:00:00,276.20,1,null,online,naiste_riided
1968,2023-06-14 00:00:00,702.66,2,Tallinn,pood,naiste_riided
1632,2023-06-15 00:00:00,-116.98,2,null,online,jalanõusid
1640,2023-06-15 00:00:00,128.66,1,Tallinn,pood,jalanõusid
1656,2023-06-15 00:00:00,127.74,2,null,online,laste_riided
1701,2023-06-15 00:00:00,339.90,2,Tallinn,pood,aksessuaarid
1745,2023-06-15 00:00:00,-187.16,1,Tallinn,pood,jalanõusid
1760,2023-06-15 00:00:00,290.55,1,Tallinn,pood,naiste_riided
1779,2023-06-15 00:00:00,160.71,1,Tartu,pood,meeste_riided
1836,2023-06-15 00:00:00,98.68,1,Tallinn,pood,laste_riided
1843,2023-06-15 00:00:00,83.97,1,Tartu,pood,jalanõusid
1852,2023-06-15 00:00:00,742.56,3,Tallinn,pood,naiste_riided
1897,2023-06-15 00:00:00,273.32,1,Pärnu,pood,jalanõusid
1902,2023-06-15 00:00:00,283.95,3,Tallinn,pood,laste_riided
1994,2023-06-15 00:00:00,697.83,3,Tallinn,pood,jalanõusid
1579,2023-06-16 00:00:00,346.70,1,Pärnu,pood,naiste_riided
1626,2023-06-16 00:00:00,47.07,1,Tallinn,pood,aksessuaarid
1652,2023-06-16 00:00:00,325.72,2,Tallinn,pood,naiste_riided
1665,2023-06-16 00:00:00,121.51,1,Tallinn,pood,jalanõusid
1724,2023-06-16 00:00:00,272.05,1,Tallinn,pood,naiste_riided
1734,2023-06-16 00:00:00,162.86,1,Pärnu,pood,naiste_riided
1735,2023-06-16 00:00:00,495.62,2,Tartu,pood,meeste_riided
1777,2023-06-16 00:00:00,228.81,1,Tallinn,pood,jalanõusid
1792,2023-06-16 00:00:00,488.58,3,Tallinn,pood,naiste_riided
1818,2023-06-16 00:00:00,99.57,1,Tartu,pood,laste_riided
1834,2023-06-16 00:00:00,608.28,2,Tallinn,pood,naiste_riided
1838,2023-06-16 00:00:00,298.80,4,Tallinn,pood,jalanõusid
1881,2023-06-16 00:00:00,65.00,1,Tallinn,pood,jalanõusid
1943,2023-06-16 00:00:00,737.94,2,null,online,jalanõusid
1580,2023-06-17 00:00:00,305.70,2,Tallinn,pood,laste_riided
1598,2023-06-17 00:00:00,237.71,1,Tartu,pood,naiste_riided
1645,2023-06-17 00:00:00,661.50,5,Tartu,pood,jalanõusid
1736,2023-06-17 00:00:00,154.71,1,null,online,meeste_riided
1786,2023-06-17 00:00:00,750.68,2,Pärnu,pood,jalanõusid
1810,2023-06-17 00:00:00,339.90,2,Pärnu,pood,aksessuaarid
1628,2023-06-18 00:00:00,52.04,1,Pärnu,pood,laste_riided
1657,2023-06-18 00:00:00,89.29,1,Tallinn,pood,meeste_riided
1680,2023-06-18 00:00:00,421.74,2,Tallinn,pood,meeste_riided
1748,2023-06-18 00:00:00,215.34,2,Tallinn,pood,meeste_riided
1756,2023-06-18 00:00:00,805.24,2,null,online,jalanõusid
1776,2023-06-18 00:00:00,338.75,5,Tartu,pood,jalanõusid
1778,2023-06-18 00:00:00,217.80,3,null,online,laste_riided
1856,2023-06-18 00:00:00,307.83,1,Tartu,pood,naiste_riided
1864,2023-06-18 00:00:00,503.04,2,Tallinn,pood,jalanõusid
1867,2023-06-18 00:00:00,74.70,1,Tartu,pood,jalanõusid
1868,2023-06-18 00:00:00,933.85,5,null,online,aksessuaarid
1920,2023-06-18 00:00:00,184.02,1,Tallinn,pood,aksessuaarid
1962,2023-06-18 00:00:00,210.46,2,Tartu,pood,laste_riided
1963,2023-06-18 00:00:00,42.64,1,Tartu,pood,naiste_riided
1977,2023-06-18 00:00:00,152.31,3,Tartu,pood,naiste_riided
1583,2023-06-19 00:00:00,-145.46,2,Tallinn,pood,naiste_riided
1585,2023-06-19 00:00:00,679.95,5,Pärnu,pood,naiste_riided
1606,2023-06-19 00:00:00,84.54,1,Tallinn,pood,jalanõusid
1608,2023-06-19 00:00:00,549.74,2,Tallinn,pood,jalanõusid
1613,2023-06-19 00:00:00,139.74,1,Tallinn,pood,naiste_riided
1619,2023-06-19 00:00:00,247.81,1,null,online,meeste_riided
1638,2023-06-19 00:00:00,252.84,2,Tallinn,pood,meeste_riided
1648,2023-06-19 00:00:00,416.22,2,Tallinn,pood,meeste_riided
1670,2023-06-19 00:00:00,224.19,1,Tartu,pood,naiste_riided
1672,2023-06-19 00:00:00,363.36,2,null,online,aksessuaarid
1692,2023-06-19 00:00:00,95.87,1,Tallinn,pood,laste_riided
1715,2023-06-19 00:00:00,393.82,2,Tallinn,pood,meeste_riided
1720,2023-06-19 00:00:00,407.40,5,Tallinn,pood,jalanõusid
1782,2023-06-19 00:00:00,403.72,2,null,online,meeste_riided
1793,2023-06-19 00:00:00,158.51,1,null,online,naiste_riided
1839,2023-06-19 00:00:00,208.11,1,Tallinn,pood,meeste_riided
1849,2023-06-19 00:00:00,316.04,1,null,online,meeste_riided
1851,2023-06-19 00:00:00,603.94,2,null,online,naiste_riided
1877,2023-06-19 00:00:00,256.74,2,Tallinn,pood,laste_riided
1942,2023-06-19 00:00:00,302.79,3,Tallinn,pood,meeste_riided
1985,2023-06-19 00:00:00,301.97,1,null,online,naiste_riided
1992,2023-06-19 00:00:00,146.36,2,Tartu,pood,jalanõusid
1572,2023-06-20 00:00:00,1231.32,4,null,online,naiste_riided
1577,2023-06-20 00:00:00,63.62,1,Tartu,pood,jalanõusid
1612,2023-06-20 00:00:00,421.74,2,Tallinn,pood,meeste_riided
1624,2023-06-20 00:00:00,121.51,1,Pärnu,pood,jalanõusid
1650,2023-06-20 00:00:00,206.52,1,Tallinn,pood,naiste_riided
1653,2023-06-20 00:00:00,171.33,1,null,online,meeste_riided
1659,2023-06-20 00:00:00,1013.04,4,null,online,meeste_riided
1688,2023-06-20 00:00:00,122.07,1,null,online,aksessuaarid
1781,2023-06-20 00:00:00,1088.20,4,Tartu,pood,naiste_riided
1804,2023-06-20 00:00:00,-375.34,1,Tartu,pood,jalanõusid
1813,2023-06-20 00:00:00,232.61,1,Tallinn,pood,jalanõusid
1819,2023-06-20 00:00:00,58.49,1,null,online,jalanõusid
1882,2023-06-20 00:00:00,44.08,2,Tallinn,pood,aksessuaarid
1918,2023-06-20 00:00:00,321.42,2,Pärnu,pood,meeste_riided
1983,2023-06-20 00:00:00,114.16,2,Tallinn,pood,aksessuaarid
1639,2023-06-21 00:00:00,295.84,2,Tallinn,pood,laste_riided
1662,2023-06-21 00:00:00,504.66,2,Tallinn,pood,naiste_riided
1732,2023-06-21 00:00:00,125.10,2,null,online,jalanõusid
1738,2023-06-21 00:00:00,358.70,2,Tallinn,pood,naiste_riided
1755,2023-06-21 00:00:00,172.28,2,Tartu,pood,laste_riided
1775,2023-06-21 00:00:00,259.69,1,null,online,meeste_riided
1785,2023-06-21 00:00:00,166.46,2,null,online,naiste_riided
1815,2023-06-21 00:00:00,105.09,1,Tallinn,pood,meeste_riided
1840,2023-06-21 00:00:00,250.17,1,null,online,naiste_riided
1893,2023-06-21 00:00:00,30.18,2,Tartu,pood,aksessuaarid
1932,2023-06-21 00:00:00,632.61,3,null,online,meeste_riided
1969,2023-06-21 00:00:00,505.02,3,Pärnu,pood,naiste_riided
1978,2023-06-21 00:00:00,194.57,1,null,online,aksessuaarid
1979,2023-06-21 00:00:00,396.84,2,null,online,jalanõusid
1984,2023-06-21 00:00:00,42.64,1,Pärnu,pood,naiste_riided
1993,2023-06-21 00:00:00,610.17,3,Tallinn,pood,aksessuaarid
1586,2023-06-22 00:00:00,211.35,1,Tallinn,pood,naiste_riided
1676,2023-06-22 00:00:00,156.18,2,null,online,naiste_riided
1704,2023-06-22 00:00:00,94.76,2,null,online,laste_riided
1783,2023-06-22 00:00:00,104.08,2,Tartu,pood,laste_riided
1800,2023-06-22 00:00:00,-66.48,4,Tallinn,pood,aksessuaarid
1830,2023-06-22 00:00:00,69.39,1,Pärnu,pood,jalanõusid
1878,2023-06-22 00:00:00,107.26,1,null,online,aksessuaarid
1884,2023-06-22 00:00:00,105.23,1,Tallinn,pood,laste_riided
1885,2023-06-22 00:00:00,621.80,4,null,online,aksessuaarid
1905,2023-06-22 00:00:00,270.99,1,null,online,meeste_riided
1924,2023-06-22 00:00:00,631.08,3,null,online,jalanõusid
1954,2023-06-22 00:00:00,270.69,1,null,online,jalanõusid
1958,2023-06-22 00:00:00,374.54,1,null,online,meeste_riided
1986,2023-06-22 00:00:00,110.08,2,Tallinn,pood,laste_riided
1578,2023-06-23 00:00:00,1124.76,4,Pärnu,pood,meeste_riided
1677,2023-06-23 00:00:00,279.48,2,Tallinn,pood,naiste_riided
1687,2023-06-23 00:00:00,120.20,4,Tallinn,pood,laste_riided
1695,2023-06-23 00:00:00,442.38,2,null,online,jalanõusid
1712,2023-06-23 00:00:00,79.86,3,Pärnu,pood,laste_riided
1731,2023-06-23 00:00:00,224.19,1,null,online,naiste_riided
1733,2023-06-23 00:00:00,504.66,2,Tallinn,pood,naiste_riided
1747,2023-06-23 00:00:00,120.59,1,Tallinn,pood,meeste_riided
1749,2023-06-23 00:00:00,308.84,1,Pärnu,pood,naiste_riided
1763,2023-06-23 00:00:00,53.01,1,Tallinn,pood,meeste_riided
1780,2023-06-23 00:00:00,742.10,2,Tartu,pood,jalanõusid
1832,2023-06-23 00:00:00,549.00,2,Tallinn,pood,meeste_riided
1908,2023-06-23 00:00:00,583.44,2,Tallinn,pood,jalanõusid
1914,2023-06-23 00:00:00,250.17,1,Tartu,pood,naiste_riided
1961,2023-06-23 00:00:00,274.66,2,Tartu,pood,meeste_riided
1603,2023-06-24 00:00:00,84.54,1,null,online,jalanõusid
1614,2023-06-24 00:00:00,305.72,1,Tartu,pood,jalanõusid
1754,2023-06-24 00:00:00,-374.32,2,Tallinn,pood,jalanõusid
1767,2023-06-24 00:00:00,31.65,1,Tartu,pood,laste_riided
1817,2023-06-24 00:00:00,186.77,1,null,online,aksessuaarid
1854,2023-06-24 00:00:00,140.02,2,Tallinn,pood,meeste_riided
1874,2023-06-24 00:00:00,299.10,2,null,online,aksessuaarid
1895,2023-06-24 00:00:00,332.10,3,null,online,laste_riided
1904,2023-06-24 00:00:00,50.77,1,Tartu,pood,naiste_riided
1929,2023-06-24 00:00:00,292.72,4,Tallinn,pood,jalanõusid
1931,2023-06-24 00:00:00,278.59,1,null,online,meeste_riided
1974,2023-06-24 00:00:00,16.62,1,Tallinn,pood,aksessuaarid
1618,2023-06-25 00:00:00,404.82,3,Tallinn,pood,aksessuaarid
1691,2023-06-25 00:00:00,85.28,2,Tallinn,pood,naiste_riided
1717,2023-06-25 00:00:00,104.27,1,null,online,laste_riided
1752,2023-06-25 00:00:00,269.16,2,Tartu,pood,meeste_riided
1812,2023-06-25 00:00:00,49.86,3,null,online,aksessuaarid
1821,2023-06-25 00:00:00,109.90,2,Tartu,pood,laste_riided
1909,2023-06-25 00:00:00,73.18,1,Pärnu,pood,jalanõusid
1599,2023-06-26 00:00:00,144.36,1,null,online,aksessuaarid
1607,2023-06-26 00:00:00,612.25,5,Tartu,pood,naiste_riided
1609,2023-06-26 00:00:00,248.70,2,null,online,meeste_riided
1674,2023-06-26 00:00:00,49.86,3,Tartu,pood,aksessuaarid
1681,2023-06-26 00:00:00,60.10,2,null,online,laste_riided
1759,2023-06-26 00:00:00,-159.18,2,Tartu,pood,meeste_riided
1761,2023-06-26 00:00:00,141.05,1,null,online,jalanõusid
1820,2023-06-26 00:00:00,160.78,2,Tallinn,pood,laste_riided
1824,2023-06-26 00:00:00,208.83,1,Tallinn,pood,naiste_riided
1826,2023-06-26 00:00:00,203.39,1,Tallinn,pood,aksessuaarid
1844,2023-06-26 00:00:00,295.84,2,Tallinn,pood,laste_riided
1857,2023-06-26 00:00:00,329.99,1,Pärnu,pood,jalanõusid
1865,2023-06-26 00:00:00,209.05,1,Tartu,pood,naiste_riided
1866,2023-06-26 00:00:00,135.99,1,null,online,naiste_riided
1870,2023-06-26 00:00:00,270.69,1,Pärnu,pood,jalanõusid
1899,2023-06-26 00:00:00,211.35,1,Tallinn,pood,naiste_riided
1903,2023-06-26 00:00:00,184.02,1,Tartu,pood,aksessuaarid
1917,2023-06-26 00:00:00,697.83,3,Tallinn,pood,jalanõusid
1941,2023-06-26 00:00:00,210.87,1,null,online,meeste_riided
1973,2023-06-26 00:00:00,291.44,2,Tartu,pood,aksessuaarid
1976,2023-06-26 00:00:00,-121.98,1,Pärnu,pood,aksessuaarid
1991,2023-06-26 00:00:00,108.09,1,Tartu,pood,naiste_riided
1590,2023-06-27 00:00:00,187.65,3,null,online,jalanõusid
1646,2023-06-27 00:00:00,200.77,1,null,online,naiste_riided
1709,2023-06-27 00:00:00,168.82,2,Tallinn,pood,jalanõusid
1762,2023-06-27 00:00:00,169.95,1,null,online,aksessuaarid
1773,2023-06-27 00:00:00,702.66,2,Tartu,pood,naiste_riided
1795,2023-06-27 00:00:00,465.22,2,Pärnu,pood,jalanõusid
1912,2023-06-27 00:00:00,125.36,1,Tallinn,pood,laste_riided
1987,2023-06-27 00:00:00,57.08,1,Tallinn,pood,aksessuaarid
1576,2023-06-28 00:00:00,831.35,5,Pärnu,pood,naiste_riided
1581,2023-06-28 00:00:00,51.10,1,Tallinn,pood,aksessuaarid
1669,2023-06-28 00:00:00,376.33,1,null,online,jalanõusid
1726,2023-06-28 00:00:00,434.08,1,null,online,jalanõusid
1743,2023-06-28 00:00:00,98.68,1,Tallinn,pood,laste_riided
1769,2023-06-28 00:00:00,107.36,1,Tallinn,pood,laste_riided
1787,2023-06-28 00:00:00,844.10,5,Tallinn,pood,laste_riided
1894,2023-06-28 00:00:00,154.50,3,null,online,laste_riided
1925,2023-06-28 00:00:00,1858.95,5,null,online,jalanõusid
1955,2023-06-28 00:00:00,848.85,3,Tallinn,pood,naiste_riided
1956,2023-06-28 00:00:00,210.18,2,Pärnu,pood,meeste_riided
1989,2023-06-28 00:00:00,24.54,1,Tartu,pood,laste_riided
1990,2023-06-28 00:00:00,1212.15,5,Tartu,pood,meeste_riided
1627,2023-06-29 00:00:00,194.46,1,Tallinn,pood,naiste_riided
1643,2023-06-29 00:00:00,1302.24,3,Tallinn,pood,jalanõusid
1673,2023-06-29 00:00:00,63.95,1,Tallinn,pood,jalanõusid
1694,2023-06-29 00:00:00,733.24,4,Tallinn,pood,aksessuaarid
1772,2023-06-29 00:00:00,270.69,1,Pärnu,pood,jalanõusid
1848,2023-06-29 00:00:00,166.27,1,Tartu,pood,naiste_riided
1850,2023-06-29 00:00:00,507.60,2,Tallinn,pood,jalanõusid
1873,2023-06-29 00:00:00,53.24,2,Tallinn,pood,laste_riided
1916,2023-06-29 00:00:00,246.97,1,Tallinn,pood,meeste_riided
1935,2023-06-29 00:00:00,66.88,1,null,online,aksessuaarid
1945,2023-06-29 00:00:00,65.60,1,Tallinn,pood,aksessuaarid
1948,2023-06-29 00:00:00,141.05,1,null,online,jalanõusid
1589,2023-06-30 00:00:00,595.26,3,Tallinn,pood,jalanõusid
1666,2023-06-30 00:00:00,144.20,1,Tallinn,pood,meeste_riided
1668,2023-06-30 00:00:00,74.70,1,Tallinn,pood,jalanõusid
1703,2023-06-30 00:00:00,243.93,1,Tallinn,pood,meeste_riided
1708,2023-06-30 00:00:00,171.33,1,Pärnu,pood,meeste_riided
1729,2023-06-30 00:00:00,665.10,2,Tallinn,pood,meeste_riided
1770,2023-06-30 00:00:00,-166.27,1,Tallinn,pood,naiste_riided
1825,2023-06-30 00:00:00,346.70,1,null,online,naiste_riided
1835,2023-06-30 00:00:00,111.26,1,null,online,naiste_riided
1858,2023-06-30 00:00:00,442.38,2,Tallinn,pood,jalanõusid
1869,2023-06-30 00:00:00,147.16,1,Tallinn,pood,aksessuaarid
1937,2023-06-30 00:00:00,1029.56,4,Tartu,pood,naiste_riided
1949,2023-06-30 00:00:00,480.63,3,null,online,meeste_riided
1970,2023-06-30 00:00:00,48.85,1,Tallinn,pood,meeste_riided
1997,2023-06-30 00:00:00,1544.20,5,Tartu,pood,naiste_riided
2058,2023-07-01 00:00:00,72.60,1,Tallinn,pood,laste_riided
2074,2023-07-01 00:00:00,69.39,1,Tallinn,pood,jalanõusid
2085,2023-07-01 00:00:00,1129.05,5,null,online,naiste_riided
2236,2023-07-01 00:00:00,58.49,1,Tallinn,pood,jalanõusid
2318,2023-07-01 00:00:00,328.86,3,Tallinn,pood,naiste_riided
2332,2023-07-01 00:00:00,291.44,2,null,online,aksessuaarid
2352,2023-07-01 00:00:00,319.98,1,Tartu,pood,jalanõusid
2357,2023-07-01 00:00:00,89.39,1,Tallinn,pood,meeste_riided
2053,2023-07-02 00:00:00,273.06,1,Pärnu,pood,jalanõusid
2055,2023-07-02 00:00:00,772.17,3,null,online,naiste_riided
2078,2023-07-02 00:00:00,1053.99,3,Tartu,pood,naiste_riided
2079,2023-07-02 00:00:00,460.12,2,Pärnu,pood,meeste_riided
2095,2023-07-02 00:00:00,437.08,2,null,online,jalanõusid
2115,2023-07-02 00:00:00,55.04,1,null,online,laste_riided
2151,2023-07-02 00:00:00,638.84,2,Tartu,pood,naiste_riided
2208,2023-07-02 00:00:00,332.55,1,Tallinn,pood,meeste_riided
2225,2023-07-02 00:00:00,145.46,2,Tallinn,pood,naiste_riided
2250,2023-07-02 00:00:00,148.82,2,Tallinn,pood,jalanõusid
2253,2023-07-02 00:00:00,94.25,1,Tallinn,pood,laste_riided
2385,2023-07-02 00:00:00,440.08,4,Tallinn,pood,naiste_riided
2414,2023-07-02 00:00:00,72.73,1,Tallinn,pood,naiste_riided
2418,2023-07-02 00:00:00,243.96,2,Tallinn,pood,aksessuaarid
2034,2023-07-03 00:00:00,186.26,2,Tartu,pood,aksessuaarid
2044,2023-07-03 00:00:00,385.32,3,Tallinn,pood,laste_riided
2060,2023-07-03 00:00:00,242.43,1,Tallinn,pood,meeste_riided
2091,2023-07-03 00:00:00,221.70,3,Tallinn,pood,laste_riided
2109,2023-07-03 00:00:00,179.35,1,null,online,naiste_riided
2121,2023-07-03 00:00:00,374.54,1,null,online,meeste_riided
2125,2023-07-03 00:00:00,371.79,1,null,online,jalanõusid
2135,2023-07-03 00:00:00,140.64,1,Tallinn,pood,laste_riided
2167,2023-07-03 00:00:00,453.24,3,Tallinn,pood,meeste_riided
2175,2023-07-03 00:00:00,653.65,5,null,online,laste_riided
2197,2023-07-03 00:00:00,126.60,4,null,online,laste_riided
2305,2023-07-03 00:00:00,84.54,1,Tartu,pood,jalanõusid
2311,2023-07-03 00:00:00,1106.01,3,Tallinn,pood,jalanõusid
2375,2023-07-03 00:00:00,222.10,1,Tartu,pood,naiste_riided
2380,2023-07-03 00:00:00,873.68,4,Tallinn,pood,meeste_riided
2006,2023-07-04 00:00:00,22.70,1,Tallinn,pood,laste_riided
2018,2023-07-04 00:00:00,183.31,1,Tallinn,pood,aksessuaarid
2039,2023-07-04 00:00:00,219.19,1,Tallinn,pood,naiste_riided
2051,2023-07-04 00:00:00,63.62,1,Tartu,pood,jalanõusid
2113,2023-07-04 00:00:00,271.00,4,Pärnu,pood,jalanõusid
2231,2023-07-04 00:00:00,160.91,1,Pärnu,pood,meeste_riided
2266,2023-07-04 00:00:00,382.96,2,Tallinn,pood,aksessuaarid
2286,2023-07-04 00:00:00,99.57,1,null,online,laste_riided
2313,2023-07-04 00:00:00,465.22,2,null,online,jalanõusid
2330,2023-07-04 00:00:00,208.83,1,Tallinn,pood,naiste_riided
2028,2023-07-05 00:00:00,234.79,1,null,online,meeste_riided
2069,2023-07-05 00:00:00,105.23,1,Tallinn,pood,laste_riided
2089,2023-07-05 00:00:00,280.02,1,Tallinn,pood,naiste_riided
2102,2023-07-05 00:00:00,417.66,2,Tallinn,pood,naiste_riided
2240,2023-07-05 00:00:00,253.80,1,Tallinn,pood,jalanõusid
2326,2023-07-05 00:00:00,282.29,1,Pärnu,pood,jalanõusid
2331,2023-07-05 00:00:00,300.22,2,Tallinn,pood,naiste_riided
2403,2023-07-05 00:00:00,742.56,3,Pärnu,pood,naiste_riided
2025,2023-07-06 00:00:00,88.08,1,Tallinn,pood,laste_riided
2088,2023-07-06 00:00:00,347.16,1,Tallinn,pood,meeste_riided
2134,2023-07-06 00:00:00,269.88,2,Tallinn,pood,aksessuaarid
2211,2023-07-06 00:00:00,210.87,1,Tallinn,pood,meeste_riided
2243,2023-07-06 00:00:00,143.64,3,Pärnu,pood,aksessuaarid
2247,2023-07-06 00:00:00,110.70,1,Tallinn,pood,laste_riided
2262,2023-07-06 00:00:00,327.07,1,Tartu,pood,meeste_riided
2345,2023-07-06 00:00:00,531.05,5,null,online,laste_riided
2366,2023-07-06 00:00:00,265.05,5,null,online,meeste_riided
2372,2023-07-06 00:00:00,62.55,1,Tallinn,pood,jalanõusid
2383,2023-07-06 00:00:00,83.23,1,Tallinn,pood,naiste_riided
2422,2023-07-06 00:00:00,250.72,2,Tartu,pood,laste_riided
2023,2023-07-07 00:00:00,418.10,2,Tallinn,pood,naiste_riided
2037,2023-07-07 00:00:00,256.74,2,Tallinn,pood,laste_riided
2075,2023-07-07 00:00:00,905.91,3,Tartu,pood,naiste_riided
2169,2023-07-07 00:00:00,126.42,1,Tartu,pood,meeste_riided
2174,2023-07-07 00:00:00,154.71,1,Tartu,pood,meeste_riided
2199,2023-07-07 00:00:00,107.67,1,Tallinn,pood,meeste_riided
2223,2023-07-07 00:00:00,321.78,3,Tallinn,pood,aksessuaarid
2234,2023-07-07 00:00:00,634.05,3,Tallinn,pood,naiste_riided
2239,2023-07-07 00:00:00,77.60,1,Pärnu,pood,meeste_riided
2336,2023-07-07 00:00:00,169.08,2,Tallinn,pood,jalanõusid
2360,2023-07-07 00:00:00,-685.32,4,Tartu,pood,meeste_riided
2017,2023-07-08 00:00:00,218.19,3,Pärnu,pood,naiste_riided
2064,2023-07-08 00:00:00,86.14,1,Tallinn,pood,laste_riided
2138,2023-07-08 00:00:00,110.53,1,null,online,meeste_riided
2282,2023-07-08 00:00:00,204.87,1,Tallinn,pood,aksessuaarid
2368,2023-07-08 00:00:00,212.42,2,Tallinn,pood,laste_riided
2407,2023-07-08 00:00:00,2170.40,5,null,online,jalanõusid
2003,2023-07-09 00:00:00,219.19,1,Tartu,pood,naiste_riided
2072,2023-07-09 00:00:00,28.56,1,Tallinn,pood,aksessuaarid
2077,2023-07-09 00:00:00,246.97,1,Tallinn,pood,meeste_riided
2136,2023-07-09 00:00:00,466.35,3,Tallinn,pood,aksessuaarid
2171,2023-07-09 00:00:00,171.33,1,Tallinn,pood,meeste_riided
2179,2023-07-09 00:00:00,361.77,3,Tartu,pood,meeste_riided
2180,2023-07-09 00:00:00,24.67,1,null,online,laste_riided
2216,2023-07-09 00:00:00,302.86,1,Tallinn,pood,jalanõusid
2221,2023-07-09 00:00:00,155.45,1,Tallinn,pood,aksessuaarid
2241,2023-07-09 00:00:00,432.60,3,null,online,meeste_riided
2255,2023-07-09 00:00:00,99.57,1,Tallinn,pood,laste_riided
2302,2023-07-09 00:00:00,229.55,1,Tallinn,pood,naiste_riided
2312,2023-07-09 00:00:00,830.91,3,null,online,jalanõusid
2349,2023-07-09 00:00:00,105.23,1,Tallinn,pood,laste_riided
2355,2023-07-09 00:00:00,454.35,3,Tallinn,pood,laste_riided
2369,2023-07-09 00:00:00,204.40,4,Pärnu,pood,aksessuaarid
2024,2023-07-10 00:00:00,495.28,4,null,online,meeste_riided
2036,2023-07-10 00:00:00,24.67,1,Tallinn,pood,laste_riided
2052,2023-07-10 00:00:00,592.80,2,Tallinn,pood,naiste_riided
2068,2023-07-10 00:00:00,122.07,1,null,online,aksessuaarid
2076,2023-07-10 00:00:00,1000.68,4,Tallinn,pood,naiste_riided
2152,2023-07-10 00:00:00,582.72,2,null,online,naiste_riided
2163,2023-07-10 00:00:00,215.34,2,Tartu,pood,meeste_riided
2185,2023-07-10 00:00:00,257.39,1,Tallinn,pood,naiste_riided
2215,2023-07-10 00:00:00,253.26,1,null,online,meeste_riided
2284,2023-07-10 00:00:00,98.79,3,Pärnu,pood,naiste_riided
2296,2023-07-10 00:00:00,106.21,1,null,online,laste_riided
2304,2023-07-10 00:00:00,125.52,1,Pärnu,pood,meeste_riided
2306,2023-07-10 00:00:00,643.64,4,Pärnu,pood,meeste_riided
2346,2023-07-10 00:00:00,62.56,1,Tallinn,pood,aksessuaarid
2351,2023-07-10 00:00:00,147.92,1,Tallinn,pood,laste_riided
2394,2023-07-10 00:00:00,634.05,3,Tartu,pood,naiste_riided
2401,2023-07-10 00:00:00,1107.10,5,Tartu,pood,jalanõusid
2061,2023-07-11 00:00:00,151.08,1,null,online,meeste_riided
2315,2023-07-11 00:00:00,80.39,1,Tallinn,pood,laste_riided
2335,2023-07-11 00:00:00,306.22,2,null,online,aksessuaarid
2344,2023-07-11 00:00:00,368.04,2,null,online,aksessuaarid
2371,2023-07-11 00:00:00,172.92,2,Tallinn,pood,laste_riided
2409,2023-07-11 00:00:00,53.91,3,Tallinn,pood,aksessuaarid
2046,2023-07-12 00:00:00,274.87,1,Tallinn,pood,jalanõusid
2086,2023-07-12 00:00:00,250.17,1,null,online,naiste_riided
2097,2023-07-12 00:00:00,232.40,2,Tallinn,pood,meeste_riided
2147,2023-07-12 00:00:00,351.62,1,Tallinn,pood,meeste_riided
2189,2023-07-12 00:00:00,166.27,1,Tallinn,pood,naiste_riided
2249,2023-07-12 00:00:00,292.61,1,Tartu,pood,jalanõusid
2267,2023-07-12 00:00:00,597.88,4,Pärnu,pood,aksessuaarid
2291,2023-07-12 00:00:00,290.92,4,Tallinn,pood,naiste_riided
2294,2023-07-12 00:00:00,484.86,2,null,online,meeste_riided
2334,2023-07-12 00:00:00,73.90,1,Tallinn,pood,laste_riided
2392,2023-07-12 00:00:00,23.45,1,Tartu,pood,aksessuaarid
2002,2023-07-13 00:00:00,53.01,1,Pärnu,pood,meeste_riided
2104,2023-07-13 00:00:00,317.02,2,Pärnu,pood,naiste_riided
2130,2023-07-13 00:00:00,70.01,1,null,online,meeste_riided
2166,2023-07-13 00:00:00,72.58,1,Tartu,pood,laste_riided
2212,2023-07-13 00:00:00,128.44,1,null,online,laste_riided
2279,2023-07-13 00:00:00,247.52,1,Tallinn,pood,naiste_riided
2301,2023-07-13 00:00:00,814.05,3,Tallinn,pood,jalanõusid
2374,2023-07-13 00:00:00,123.64,1,null,online,laste_riided
2384,2023-07-13 00:00:00,1356.84,4,Pärnu,pood,jalanõusid
2014,2023-07-14 00:00:00,26.62,1,Tartu,pood,laste_riided
2019,2023-07-14 00:00:00,639.96,2,null,online,jalanõusid
2057,2023-07-14 00:00:00,234.79,1,null,online,meeste_riided
2099,2023-07-14 00:00:00,276.26,2,Tallinn,pood,laste_riided
2118,2023-07-14 00:00:00,296.58,1,Pärnu,pood,meeste_riided
2122,2023-07-14 00:00:00,83.58,2,null,online,laste_riided
2153,2023-07-14 00:00:00,163.70,2,Tallinn,pood,meeste_riided
2158,2023-07-14 00:00:00,229.55,1,Tartu,pood,naiste_riided
2162,2023-07-14 00:00:00,263.13,1,null,online,naiste_riided
2201,2023-07-14 00:00:00,302.90,2,null,online,laste_riided
2263,2023-07-14 00:00:00,270.69,1,Tallinn,pood,jalanõusid
2265,2023-07-14 00:00:00,105.09,1,Pärnu,pood,meeste_riided
2272,2023-07-14 00:00:00,209.05,1,null,online,naiste_riided
2290,2023-07-14 00:00:00,509.52,4,Tallinn,pood,meeste_riided
2321,2023-07-14 00:00:00,165.12,3,Tallinn,pood,laste_riided
2361,2023-07-14 00:00:00,469.58,2,Tallinn,pood,meeste_riided
2391,2023-07-14 00:00:00,221.89,1,null,online,naiste_riided
2398,2023-07-14 00:00:00,337.64,2,Tallinn,pood,laste_riided
2093,2023-07-15 00:00:00,196.56,3,Tallinn,pood,jalanõusid
2106,2023-07-15 00:00:00,218.99,1,Tallinn,pood,naiste_riided
2111,2023-07-15 00:00:00,94.65,1,Tallinn,pood,laste_riided
2274,2023-07-15 00:00:00,71.36,2,null,online,laste_riided
2292,2023-07-15 00:00:00,29.48,1,null,online,aksessuaarid
2299,2023-07-15 00:00:00,198.29,1,null,online,meeste_riided
2328,2023-07-15 00:00:00,752.66,2,null,online,jalanõusid
2338,2023-07-15 00:00:00,60.80,1,Pärnu,pood,laste_riided
2343,2023-07-15 00:00:00,548.31,3,null,online,naiste_riided
2365,2023-07-15 00:00:00,149.40,2,Tallinn,pood,jalanõusid
2382,2023-07-15 00:00:00,301.97,1,Pärnu,pood,naiste_riided
2410,2023-07-15 00:00:00,421.74,2,Tallinn,pood,meeste_riided
2413,2023-07-15 00:00:00,208.11,1,Tallinn,pood,meeste_riided
2029,2023-07-16 00:00:00,198.42,1,Tartu,pood,jalanõusid
2048,2023-07-16 00:00:00,154.71,1,null,online,meeste_riided
2049,2023-07-16 00:00:00,617.68,2,Tallinn,pood,naiste_riided
2070,2023-07-16 00:00:00,583.71,3,null,online,aksessuaarid
2073,2023-07-16 00:00:00,113.86,1,Tartu,pood,aksessuaarid
2081,2023-07-16 00:00:00,-89.39,1,null,online,meeste_riided
2083,2023-07-16 00:00:00,448.38,2,Tallinn,pood,naiste_riided
2101,2023-07-16 00:00:00,614.54,2,null,online,jalanõusid
2129,2023-07-16 00:00:00,26.62,1,null,online,laste_riided
2140,2023-07-16 00:00:00,108.09,1,null,online,naiste_riided
2145,2023-07-16 00:00:00,690.18,3,Tallinn,pood,meeste_riided
2176,2023-07-16 00:00:00,68.08,2,Pärnu,pood,laste_riided
2194,2023-07-16 00:00:00,1315.65,5,Tartu,pood,naiste_riided
2248,2023-07-16 00:00:00,442.38,2,null,online,jalanõusid
2251,2023-07-16 00:00:00,389.14,2,Tallinn,pood,aksessuaarid
2276,2023-07-16 00:00:00,307.83,1,null,online,naiste_riided
2278,2023-07-16 00:00:00,276.26,2,null,online,laste_riided
2287,2023-07-16 00:00:00,276.97,1,Tallinn,pood,jalanõusid
2293,2023-07-16 00:00:00,282.95,1,Tallinn,pood,naiste_riided
2307,2023-07-16 00:00:00,144.28,2,null,online,laste_riided
2327,2023-07-16 00:00:00,467.48,4,Tartu,pood,jalanõusid
2339,2023-07-16 00:00:00,302.16,2,Tartu,pood,meeste_riided
2379,2023-07-16 00:00:00,311.12,4,Tartu,pood,laste_riided
2390,2023-07-16 00:00:00,127.74,2,Tallinn,pood,laste_riided
2400,2023-07-16 00:00:00,823.50,3,Tartu,pood,meeste_riided
2009,2023-07-17 00:00:00,290.55,1,null,online,naiste_riided
2016,2023-07-17 00:00:00,321.78,3,Tallinn,pood,aksessuaarid
2020,2023-07-17 00:00:00,504.66,2,Tallinn,pood,naiste_riided
2144,2023-07-17 00:00:00,123.64,1,null,online,laste_riided
2154,2023-07-17 00:00:00,58.96,2,null,online,aksessuaarid
2159,2023-07-17 00:00:00,643.30,5,null,online,jalanõusid
2164,2023-07-17 00:00:00,272.05,1,null,online,naiste_riided
2198,2023-07-17 00:00:00,182.44,2,Tartu,pood,meeste_riided
2206,2023-07-17 00:00:00,581.10,2,Tallinn,pood,naiste_riided
2246,2023-07-17 00:00:00,100.57,1,Tallinn,pood,laste_riided
2268,2023-07-17 00:00:00,45.21,1,null,online,aksessuaarid
2275,2023-07-17 00:00:00,75.45,5,null,online,aksessuaarid
2297,2023-07-17 00:00:00,299.10,2,Tallinn,pood,aksessuaarid
2333,2023-07-17 00:00:00,437.16,3,Pärnu,pood,aksessuaarid
2386,2023-07-17 00:00:00,299.10,2,null,online,aksessuaarid
2415,2023-07-17 00:00:00,546.12,2,null,online,jalanõusid
2420,2023-07-17 00:00:00,81.48,1,null,online,jalanõusid
1998,2023-07-18 00:00:00,188.50,2,null,online,laste_riided
2035,2023-07-18 00:00:00,285.14,2,Tallinn,pood,meeste_riided
2054,2023-07-18 00:00:00,302.90,2,Pärnu,pood,laste_riided
2087,2023-07-18 00:00:00,83.10,1,Tallinn,pood,meeste_riided
2142,2023-07-18 00:00:00,84.54,1,Tallinn,pood,jalanõusid
2173,2023-07-18 00:00:00,163.53,1,null,online,meeste_riided
2181,2023-07-18 00:00:00,53.58,2,Tallinn,pood,aksessuaarid
2227,2023-07-18 00:00:00,799.20,4,Tartu,pood,aksessuaarid
2256,2023-07-18 00:00:00,529.95,3,null,online,aksessuaarid
2269,2023-07-18 00:00:00,389.14,2,Tallinn,pood,aksessuaarid
2396,2023-07-18 00:00:00,234.99,1,Tallinn,pood,naiste_riided
2007,2023-07-19 00:00:00,366.80,2,Tallinn,pood,aksessuaarid
2021,2023-07-19 00:00:00,777.84,4,null,online,naiste_riided
2027,2023-07-19 00:00:00,65.00,1,null,online,jalanõusid
2067,2023-07-19 00:00:00,1050.57,3,Tallinn,pood,jalanõusid
2090,2023-07-19 00:00:00,605.72,2,Tartu,pood,jalanõusid
2107,2023-07-19 00:00:00,66.88,1,Tallinn,pood,aksessuaarid
2261,2023-07-19 00:00:00,94.25,1,Tallinn,pood,laste_riided
2280,2023-07-19 00:00:00,459.10,2,null,online,naiste_riided
2310,2023-07-19 00:00:00,73.18,1,Tartu,pood,jalanõusid
2314,2023-07-19 00:00:00,295.84,2,Tartu,pood,laste_riided
2317,2023-07-19 00:00:00,319.42,1,null,online,naiste_riided
2340,2023-07-19 00:00:00,973.14,3,Tallinn,pood,jalanõusid
2356,2023-07-19 00:00:00,122.45,1,null,online,naiste_riided
2387,2023-07-19 00:00:00,208.72,1,Pärnu,pood,aksessuaarid
2388,2023-07-19 00:00:00,332.54,2,null,online,naiste_riided
2416,2023-07-19 00:00:00,437.98,2,Tallinn,pood,naiste_riided
2001,2023-07-20 00:00:00,541.98,2,null,online,meeste_riided
2010,2023-07-20 00:00:00,216.18,2,Pärnu,pood,naiste_riided
2038,2023-07-20 00:00:00,74.81,1,null,online,aksessuaarid
2062,2023-07-20 00:00:00,437.08,2,null,online,jalanõusid
2065,2023-07-20 00:00:00,317.02,2,Pärnu,pood,naiste_riided
2092,2023-07-20 00:00:00,219.38,1,Tartu,pood,aksessuaarid
2133,2023-07-20 00:00:00,130.36,1,null,online,naiste_riided
2143,2023-07-20 00:00:00,101.26,1,Pärnu,pood,laste_riided
2146,2023-07-20 00:00:00,22.04,1,Tallinn,pood,aksessuaarid
2170,2023-07-20 00:00:00,54.81,1,Tallinn,pood,laste_riided
2195,2023-07-20 00:00:00,201.86,1,Tallinn,pood,meeste_riided
2204,2023-07-20 00:00:00,57.08,1,null,online,aksessuaarid
2322,2023-07-20 00:00:00,350.19,1,null,online,jalanõusid
2373,2023-07-20 00:00:00,100.93,1,Tallinn,pood,meeste_riided
2404,2023-07-20 00:00:00,214.52,2,null,online,aksessuaarid
2005,2023-07-21 00:00:00,168.82,1,Tartu,pood,laste_riided
2026,2023-07-21 00:00:00,81.48,1,Pärnu,pood,jalanõusid
2031,2023-07-21 00:00:00,155.56,2,null,online,laste_riided
2103,2023-07-21 00:00:00,53.24,2,null,online,laste_riided
2193,2023-07-21 00:00:00,376.33,1,null,online,jalanõusid
2200,2023-07-21 00:00:00,89.29,1,null,online,meeste_riided
2210,2023-07-21 00:00:00,127.24,2,null,online,jalanõusid
2252,2023-07-21 00:00:00,241.18,2,Tallinn,pood,meeste_riided
2254,2023-07-21 00:00:00,65.00,1,null,online,jalanõusid
2260,2023-07-21 00:00:00,664.26,3,Tartu,pood,jalanõusid
2273,2023-07-21 00:00:00,695.68,2,Tallinn,pood,meeste_riided
2277,2023-07-21 00:00:00,664.26,3,null,online,jalanõusid
2281,2023-07-21 00:00:00,16.62,1,Tartu,pood,aksessuaarid
2295,2023-07-21 00:00:00,35.68,1,Tallinn,pood,laste_riided
2319,2023-07-21 00:00:00,198.42,1,null,online,jalanõusid
2329,2023-07-21 00:00:00,252.10,1,null,online,jalanõusid
2348,2023-07-21 00:00:00,35.94,2,Tallinn,pood,aksessuaarid
2367,2023-07-21 00:00:00,279.48,2,Tallinn,pood,naiste_riided
2402,2023-07-21 00:00:00,109.90,2,Tallinn,pood,laste_riided
2045,2023-07-22 00:00:00,101.54,2,Tartu,pood,naiste_riided
2071,2023-07-22 00:00:00,172.92,2,null,online,laste_riided
2094,2023-07-22 00:00:00,243.96,2,Tartu,pood,aksessuaarid
2124,2023-07-22 00:00:00,-184.15,1,Tallinn,pood,aksessuaarid
2137,2023-07-22 00:00:00,374.32,2,Tallinn,pood,jalanõusid
2139,2023-07-22 00:00:00,28.56,1,Tallinn,pood,aksessuaarid
2156,2023-07-22 00:00:00,210.18,2,null,online,meeste_riided
2184,2023-07-22 00:00:00,-42.64,1,null,online,naiste_riided
2207,2023-07-22 00:00:00,138.90,1,Tartu,pood,meeste_riided
2217,2023-07-22 00:00:00,80.39,1,Tallinn,pood,laste_riided
2218,2023-07-22 00:00:00,296.40,1,Tallinn,pood,naiste_riided
2232,2023-07-22 00:00:00,22.70,1,Tallinn,pood,laste_riided
2309,2023-07-22 00:00:00,390.06,3,Tallinn,pood,laste_riided
2359,2023-07-22 00:00:00,245.59,1,null,online,naiste_riided
2389,2023-07-22 00:00:00,1126.02,3,Pärnu,pood,jalanõusid
2395,2023-07-22 00:00:00,42.64,1,null,online,naiste_riided
2119,2023-07-23 00:00:00,182.77,1,Pärnu,pood,naiste_riided
2126,2023-07-23 00:00:00,234.10,2,Tallinn,pood,aksessuaarid
2141,2023-07-23 00:00:00,410.00,2,Tallinn,pood,meeste_riided
2155,2023-07-23 00:00:00,210.87,1,Pärnu,pood,meeste_riided
2168,2023-07-23 00:00:00,97.16,2,Tallinn,pood,laste_riided
2172,2023-07-23 00:00:00,327.07,1,null,online,meeste_riided
2191,2023-07-23 00:00:00,208.11,1,null,online,meeste_riided
2214,2023-07-23 00:00:00,431.16,2,Tallinn,pood,aksessuaarid
2219,2023-07-23 00:00:00,347.16,1,null,online,meeste_riided
2220,2023-07-23 00:00:00,280.02,1,null,online,naiste_riided
2226,2023-07-23 00:00:00,53.24,2,Tallinn,pood,laste_riided
2235,2023-07-23 00:00:00,312.41,1,Tallinn,pood,meeste_riided
2257,2023-07-23 00:00:00,1029.45,5,Pärnu,pood,aksessuaarid
2264,2023-07-23 00:00:00,498.81,3,Tallinn,pood,naiste_riided
2270,2023-07-23 00:00:00,82.15,1,Tallinn,pood,meeste_riided
2288,2023-07-23 00:00:00,171.33,1,null,online,meeste_riided
2324,2023-07-23 00:00:00,921.81,3,Tallinn,pood,jalanõusid
2376,2023-07-23 00:00:00,434.08,1,null,online,jalanõusid
2032,2023-07-24 00:00:00,260.40,3,Tartu,pood,naiste_riided
2033,2023-07-24 00:00:00,127.24,2,Tartu,pood,jalanõusid
2080,2023-07-24 00:00:00,26.62,1,Tallinn,pood,laste_riided
2120,2023-07-24 00:00:00,319.42,1,Tallinn,pood,naiste_riided
2149,2023-07-24 00:00:00,54.95,1,Tallinn,pood,laste_riided
2224,2023-07-24 00:00:00,171.33,1,Tallinn,pood,meeste_riided
2233,2023-07-24 00:00:00,467.52,3,null,online,aksessuaarid
2258,2023-07-24 00:00:00,81.48,1,Tallinn,pood,jalanõusid
2300,2023-07-24 00:00:00,213.38,2,Pärnu,pood,meeste_riided
2316,2023-07-24 00:00:00,506.46,3,Tallinn,pood,laste_riided
2325,2023-07-24 00:00:00,333.78,3,Tallinn,pood,naiste_riided
2353,2023-07-24 00:00:00,307.27,1,Tallinn,pood,jalanõusid
2004,2023-07-25 00:00:00,70.01,1,Tallinn,pood,meeste_riided
2041,2023-07-25 00:00:00,437.98,2,Tartu,pood,naiste_riided
2042,2023-07-25 00:00:00,259.69,1,Tallinn,pood,meeste_riided
2063,2023-07-25 00:00:00,120.74,2,Tallinn,pood,naiste_riided
2096,2023-07-25 00:00:00,182.77,1,Pärnu,pood,naiste_riided
2116,2023-07-25 00:00:00,152.13,1,null,online,meeste_riided
2127,2023-07-25 00:00:00,219.38,1,Tallinn,pood,aksessuaarid
2150,2023-07-25 00:00:00,86.80,1,null,online,naiste_riided
2161,2023-07-25 00:00:00,120.74,2,null,online,naiste_riided
2203,2023-07-25 00:00:00,57.12,2,Pärnu,pood,aksessuaarid
2213,2023-07-25 00:00:00,250.72,2,Tallinn,pood,laste_riided
2229,2023-07-25 00:00:00,716.82,2,Tallinn,pood,jalanõusid
2285,2023-07-25 00:00:00,65.52,1,Tallinn,pood,jalanõusid
2298,2023-07-25 00:00:00,71.04,3,Tallinn,pood,laste_riided
2303,2023-07-25 00:00:00,97.16,2,Pärnu,pood,laste_riided
2323,2023-07-25 00:00:00,659.98,2,Tallinn,pood,jalanõusid
2347,2023-07-25 00:00:00,131.20,2,null,online,aksessuaarid
2399,2023-07-25 00:00:00,329.99,1,Tallinn,pood,jalanõusid
2408,2023-07-25 00:00:00,500.34,2,Tallinn,pood,naiste_riided
2419,2023-07-25 00:00:00,229.55,1,Tallinn,pood,naiste_riided
2043,2023-07-26 00:00:00,219.38,1,Tallinn,pood,aksessuaarid
2050,2023-07-26 00:00:00,289.50,3,null,online,meeste_riided
2059,2023-07-26 00:00:00,1128.99,3,Tallinn,pood,jalanõusid
2082,2023-07-26 00:00:00,431.16,2,null,online,aksessuaarid
2084,2023-07-26 00:00:00,460.86,3,Tallinn,pood,jalanõusid
2160,2023-07-26 00:00:00,26.79,1,null,online,aksessuaarid
2183,2023-07-26 00:00:00,409.74,2,null,online,aksessuaarid
2202,2023-07-26 00:00:00,95.87,1,Pärnu,pood,laste_riided
2205,2023-07-26 00:00:00,163.53,1,Tallinn,pood,meeste_riided
2228,2023-07-26 00:00:00,69.39,1,null,online,jalanõusid
2283,2023-07-26 00:00:00,254.85,3,Tartu,pood,laste_riided
2362,2023-07-26 00:00:00,759.78,3,null,online,meeste_riided
2405,2023-07-26 00:00:00,31.65,1,Tallinn,pood,laste_riided
2000,2023-07-27 00:00:00,72.14,1,null,online,laste_riided
2011,2023-07-27 00:00:00,191.85,3,Tallinn,pood,jalanõusid
2098,2023-07-27 00:00:00,183.31,1,null,online,aksessuaarid
2100,2023-07-27 00:00:00,109.42,1,Pärnu,pood,aksessuaarid
2108,2023-07-27 00:00:00,49.08,2,Tallinn,pood,laste_riided
2117,2023-07-27 00:00:00,434.08,1,Tallinn,pood,jalanõusid
2165,2023-07-27 00:00:00,144.20,1,Tallinn,pood,meeste_riided
2186,2023-07-27 00:00:00,149.47,1,Tallinn,pood,aksessuaarid
2187,2023-07-27 00:00:00,796.25,5,Tallinn,pood,meeste_riided
2188,2023-07-27 00:00:00,50.85,1,Tartu,pood,aksessuaarid
2245,2023-07-27 00:00:00,110.70,1,Tallinn,pood,laste_riided
2320,2023-07-27 00:00:00,68.10,3,Tallinn,pood,laste_riided
2354,2023-07-27 00:00:00,149.47,1,Pärnu,pood,aksessuaarid
2358,2023-07-27 00:00:00,156.18,2,Tartu,pood,naiste_riided
2363,2023-07-27 00:00:00,368.97,1,Tallinn,pood,jalanõusid
2015,2023-07-28 00:00:00,182.77,1,Tartu,pood,naiste_riided
2110,2023-07-28 00:00:00,102.12,3,Pärnu,pood,laste_riided
2112,2023-07-28 00:00:00,49.08,2,Pärnu,pood,laste_riided
2182,2023-07-28 00:00:00,466.35,3,Tallinn,pood,aksessuaarid
2209,2023-07-28 00:00:00,635.76,4,null,online,jalanõusid
2242,2023-07-28 00:00:00,86.46,1,Tartu,pood,laste_riided
2244,2023-07-28 00:00:00,167.94,2,Tallinn,pood,jalanõusid
2308,2023-07-28 00:00:00,62.56,1,Tartu,pood,aksessuaarid
2337,2023-07-28 00:00:00,111.26,1,null,online,naiste_riided
2350,2023-07-28 00:00:00,339.21,1,null,online,jalanõusid
2364,2023-07-28 00:00:00,259.23,1,Tallinn,pood,meeste_riided
2377,2023-07-28 00:00:00,203.67,1,Tallinn,pood,meeste_riided
2378,2023-07-28 00:00:00,106.71,1,Tallinn,pood,aksessuaarid
2381,2023-07-28 00:00:00,251.96,2,Tallinn,pood,naiste_riided
2421,2023-07-28 00:00:00,368.30,2,Tallinn,pood,aksessuaarid
2008,2023-07-29 00:00:00,110.53,1,Tallinn,pood,meeste_riided
2022,2023-07-29 00:00:00,32.93,1,Tallinn,pood,naiste_riided
2030,2023-07-29 00:00:00,487.86,2,Tallinn,pood,meeste_riided
2040,2023-07-29 00:00:00,608.52,4,Tallinn,pood,meeste_riided
2056,2023-07-29 00:00:00,103.00,2,Pärnu,pood,laste_riided
2066,2023-07-29 00:00:00,53.99,1,Tallinn,pood,laste_riided
2123,2023-07-29 00:00:00,1392.95,5,null,online,meeste_riided
2131,2023-07-29 00:00:00,388.92,2,Tallinn,pood,naiste_riided
2148,2023-07-29 00:00:00,84.95,1,Tartu,pood,laste_riided
2177,2023-07-29 00:00:00,265.20,1,Pärnu,pood,naiste_riided
2178,2023-07-29 00:00:00,60.80,1,null,online,laste_riided
2192,2023-07-29 00:00:00,219.83,1,Tallinn,pood,aksessuaarid
2259,2023-07-29 00:00:00,153.11,1,Tallinn,pood,aksessuaarid
2271,2023-07-29 00:00:00,234.91,1,Tartu,pood,jalanõusid
2341,2023-07-29 00:00:00,336.68,2,null,online,naiste_riided
2397,2023-07-29 00:00:00,201.86,2,null,online,meeste_riided
2406,2023-07-29 00:00:00,29.42,1,Tartu,pood,aksessuaarid
2412,2023-07-29 00:00:00,212.42,2,Tallinn,pood,laste_riided
2012,2023-07-30 00:00:00,210.76,1,Tartu,pood,naiste_riided
2047,2023-07-30 00:00:00,327.07,1,Tallinn,pood,meeste_riided
2128,2023-07-30 00:00:00,274.78,1,Tallinn,pood,meeste_riided
2132,2023-07-30 00:00:00,123.64,1,Pärnu,pood,laste_riided
2157,2023-07-30 00:00:00,368.14,2,Tartu,pood,meeste_riided
2196,2023-07-30 00:00:00,251.91,3,Tallinn,pood,jalanõusid
2222,2023-07-30 00:00:00,265.20,1,Tartu,pood,naiste_riided
2237,2023-07-30 00:00:00,110.53,1,null,online,meeste_riided
2289,2023-07-30 00:00:00,130.73,1,Tallinn,pood,laste_riided
2342,2023-07-30 00:00:00,414.46,2,Tallinn,pood,jalanõusid
2393,2023-07-30 00:00:00,180.14,1,Pärnu,pood,naiste_riided
2417,2023-07-30 00:00:00,163.53,1,Pärnu,pood,meeste_riided
2423,2023-07-30 00:00:00,1297.52,4,Tartu,pood,jalanõusid
1999,2023-07-31 00:00:00,216.18,2,Tartu,pood,naiste_riided
2013,2023-07-31 00:00:00,125.10,2,null,online,jalanõusid
2105,2023-07-31 00:00:00,424.84,4,Pärnu,pood,laste_riided
2190,2023-07-31 00:00:00,518.46,2,Tartu,pood,meeste_riided
2230,2023-07-31 00:00:00,77.78,1,null,online,laste_riided
2238,2023-07-31 00:00:00,590.73,3,Tallinn,pood,meeste_riided
2370,2023-07-31 00:00:00,114.80,1,null,online,laste_riided
2411,2023-07-31 00:00:00,826.08,4,null,online,naiste_riided
2439,2023-08-01 00:00:00,74.41,1,Tallinn,pood,jalanõusid
2479,2023-08-01 00:00:00,96.50,1,Tallinn,pood,meeste_riided
2545,2023-08-01 00:00:00,139.74,1,Pärnu,pood,naiste_riided
2561,2023-08-01 00:00:00,142.57,1,Tartu,pood,meeste_riided
2592,2023-08-01 00:00:00,73.18,1,Tartu,pood,jalanõusid
2631,2023-08-01 00:00:00,158.51,1,null,online,naiste_riided
2636,2023-08-01 00:00:00,47.07,1,null,online,aksessuaarid
2645,2023-08-01 00:00:00,104.27,1,Tallinn,pood,laste_riided
2701,2023-08-01 00:00:00,187.68,3,null,online,aksessuaarid
2704,2023-08-01 00:00:00,244.90,2,null,online,naiste_riided
2707,2023-08-01 00:00:00,138.90,1,Tallinn,pood,meeste_riided
2745,2023-08-01 00:00:00,438.76,2,Tallinn,pood,aksessuaarid
2761,2023-08-01 00:00:00,319.42,1,Pärnu,pood,naiste_riided
2764,2023-08-01 00:00:00,31.65,1,Tallinn,pood,laste_riided
2480,2023-08-02 00:00:00,382.96,2,null,online,aksessuaarid
2488,2023-08-02 00:00:00,147.16,1,null,online,aksessuaarid
2490,2023-08-02 00:00:00,600.44,4,Tartu,pood,naiste_riided
2496,2023-08-02 00:00:00,231.13,1,Tallinn,pood,aksessuaarid
2510,2023-08-02 00:00:00,45.40,2,Tartu,pood,laste_riided
2595,2023-08-02 00:00:00,45.21,1,null,online,aksessuaarid
2598,2023-08-02 00:00:00,151.45,1,null,online,laste_riided
2637,2023-08-02 00:00:00,160.91,1,Tallinn,pood,meeste_riided
2644,2023-08-02 00:00:00,58.84,2,Tartu,pood,aksessuaarid
2678,2023-08-02 00:00:00,742.10,2,Tallinn,pood,jalanõusid
2700,2023-08-02 00:00:00,607.71,3,Tartu,pood,naiste_riided
2800,2023-08-02 00:00:00,96.11,1,null,online,jalanõusid
2489,2023-08-03 00:00:00,93.13,1,null,online,aksessuaarid
2511,2023-08-03 00:00:00,-542.70,2,Tartu,pood,jalanõusid
2536,2023-08-03 00:00:00,84.41,1,Tallinn,pood,jalanõusid
2537,2023-08-03 00:00:00,160.78,2,Tallinn,pood,laste_riided
2538,2023-08-03 00:00:00,252.10,1,Tartu,pood,jalanõusid
2588,2023-08-03 00:00:00,1013.04,4,Tartu,pood,meeste_riided
2601,2023-08-03 00:00:00,303.78,3,null,online,laste_riided
2621,2023-08-03 00:00:00,731.79,3,Tallinn,pood,meeste_riided
2624,2023-08-03 00:00:00,1353.45,5,Pärnu,pood,jalanõusid
2655,2023-08-03 00:00:00,402.62,1,Tallinn,pood,jalanõusid
2669,2023-08-03 00:00:00,257.39,1,Tallinn,pood,naiste_riided
2708,2023-08-03 00:00:00,33.24,2,null,online,aksessuaarid
2808,2023-08-03 00:00:00,402.28,4,Tartu,pood,laste_riided
2817,2023-08-03 00:00:00,253.26,1,Tallinn,pood,meeste_riided
2832,2023-08-03 00:00:00,125.37,3,null,online,laste_riided
2847,2023-08-03 00:00:00,229.55,1,null,online,naiste_riided
2437,2023-08-04 00:00:00,158.94,1,Tallinn,pood,jalanõusid
2498,2023-08-04 00:00:00,300.22,2,Tallinn,pood,naiste_riided
2546,2023-08-04 00:00:00,275.20,5,Tallinn,pood,laste_riided
2635,2023-08-04 00:00:00,26.62,1,Pärnu,pood,laste_riided
2668,2023-08-04 00:00:00,45.40,2,null,online,laste_riided
2719,2023-08-04 00:00:00,128.66,1,null,online,jalanõusid
2784,2023-08-04 00:00:00,48.58,1,Tallinn,pood,laste_riided
2816,2023-08-04 00:00:00,234.91,1,null,online,jalanõusid
2839,2023-08-04 00:00:00,309.42,2,Tallinn,pood,meeste_riided
2845,2023-08-04 00:00:00,327.07,1,null,online,meeste_riided
2451,2023-08-05 00:00:00,233.74,2,Tallinn,pood,jalanõusid
2482,2023-08-05 00:00:00,71.36,2,null,online,laste_riided
2526,2023-08-05 00:00:00,416.22,2,Tallinn,pood,meeste_riided
2551,2023-08-05 00:00:00,300.22,2,Tallinn,pood,naiste_riided
2569,2023-08-05 00:00:00,459.10,2,Tallinn,pood,naiste_riided
2672,2023-08-05 00:00:00,221.89,1,Tartu,pood,naiste_riided
2712,2023-08-05 00:00:00,112.68,1,Tartu,pood,laste_riided
2749,2023-08-05 00:00:00,480.63,3,Tallinn,pood,meeste_riided
2755,2023-08-05 00:00:00,122.45,1,null,online,naiste_riided
2814,2023-08-05 00:00:00,252.84,2,Tallinn,pood,meeste_riided
2818,2023-08-05 00:00:00,58.96,2,Tallinn,pood,aksessuaarid
2824,2023-08-05 00:00:00,219.38,1,Tallinn,pood,aksessuaarid
2424,2023-08-06 00:00:00,401.54,2,Tartu,pood,naiste_riided
2428,2023-08-06 00:00:00,458.02,2,Tallinn,pood,meeste_riided
2430,2023-08-06 00:00:00,451.62,2,Pärnu,pood,naiste_riided
2475,2023-08-06 00:00:00,631.08,3,Tallinn,pood,jalanõusid
2502,2023-08-06 00:00:00,83.23,1,Tallinn,pood,naiste_riided
2542,2023-08-06 00:00:00,646.74,3,Pärnu,pood,aksessuaarid
2599,2023-08-06 00:00:00,302.16,2,Tartu,pood,meeste_riided
2750,2023-08-06 00:00:00,302.86,1,Tallinn,pood,jalanõusid
2754,2023-08-06 00:00:00,168.34,1,null,online,naiste_riided
2769,2023-08-06 00:00:00,626.49,3,Tallinn,pood,naiste_riided
2774,2023-08-06 00:00:00,205.00,1,Tallinn,pood,meeste_riided
2849,2023-08-06 00:00:00,110.70,1,null,online,laste_riided
2486,2023-08-07 00:00:00,167.23,1,null,online,laste_riided
2543,2023-08-07 00:00:00,737.34,2,Tallinn,pood,jalanõusid
2557,2023-08-07 00:00:00,209.05,1,null,online,naiste_riided
2572,2023-08-07 00:00:00,530.40,2,Tallinn,pood,naiste_riided
2600,2023-08-07 00:00:00,138.13,1,null,online,laste_riided
2608,2023-08-07 00:00:00,286.84,2,Tartu,pood,meeste_riided
2614,2023-08-07 00:00:00,229.88,2,null,online,meeste_riided
2656,2023-08-07 00:00:00,106.71,1,Tartu,pood,aksessuaarid
2711,2023-08-07 00:00:00,462.26,2,Tallinn,pood,aksessuaarid
2717,2023-08-07 00:00:00,246.45,3,null,online,meeste_riided
2743,2023-08-07 00:00:00,705.25,5,null,online,jalanõusid
2804,2023-08-07 00:00:00,337.64,2,Tallinn,pood,laste_riided
2838,2023-08-07 00:00:00,368.67,1,null,online,jalanõusid
2846,2023-08-07 00:00:00,22.70,1,null,online,laste_riided
2433,2023-08-08 00:00:00,540.42,3,null,online,naiste_riided
2438,2023-08-08 00:00:00,314.55,3,null,online,laste_riided
2477,2023-08-08 00:00:00,110.53,1,Tartu,pood,meeste_riided
2508,2023-08-08 00:00:00,71.36,2,Tallinn,pood,laste_riided
2516,2023-08-08 00:00:00,332.55,1,Tartu,pood,meeste_riided
2584,2023-08-08 00:00:00,273.32,1,Tallinn,pood,jalanõusid
2628,2023-08-08 00:00:00,130.73,1,null,online,laste_riided
2654,2023-08-08 00:00:00,152.85,1,Tallinn,pood,laste_riided
2680,2023-08-08 00:00:00,207.23,1,Tartu,pood,jalanõusid
2706,2023-08-08 00:00:00,1013.04,4,Pärnu,pood,meeste_riided
2794,2023-08-08 00:00:00,286.17,3,null,online,aksessuaarid
2809,2023-08-08 00:00:00,107.67,1,Tartu,pood,meeste_riided
2844,2023-08-08 00:00:00,-125.98,1,null,online,naiste_riided
2432,2023-08-09 00:00:00,550.20,3,Tartu,pood,aksessuaarid
2434,2023-08-09 00:00:00,215.34,2,Tallinn,pood,meeste_riided
2445,2023-08-09 00:00:00,104.85,1,null,online,laste_riided
2549,2023-08-09 00:00:00,305.72,1,Tallinn,pood,jalanõusid
2554,2023-08-09 00:00:00,315.27,3,Tallinn,pood,meeste_riided
2594,2023-08-09 00:00:00,184.07,1,Tallinn,pood,meeste_riided
2597,2023-08-09 00:00:00,143.42,1,Tallinn,pood,meeste_riided
2638,2023-08-09 00:00:00,329.99,1,Tallinn,pood,jalanõusid
2660,2023-08-09 00:00:00,234.79,1,Pärnu,pood,meeste_riided
2718,2023-08-09 00:00:00,85.28,2,null,online,naiste_riided
2740,2023-08-09 00:00:00,429.44,4,Tallinn,pood,laste_riided
2793,2023-08-09 00:00:00,135.99,1,null,online,naiste_riided
2811,2023-08-09 00:00:00,457.62,2,Tartu,pood,jalanõusid
2467,2023-08-10 00:00:00,583.44,2,Tallinn,pood,jalanõusid
2507,2023-08-10 00:00:00,371.05,1,Tallinn,pood,jalanõusid
2550,2023-08-10 00:00:00,125.37,3,Tallinn,pood,laste_riided
2559,2023-08-10 00:00:00,332.55,1,Pärnu,pood,meeste_riided
2602,2023-08-10 00:00:00,162.86,1,Tallinn,pood,naiste_riided
2685,2023-08-10 00:00:00,145.20,2,null,online,laste_riided
2709,2023-08-10 00:00:00,274.50,1,Tallinn,pood,meeste_riided
2768,2023-08-10 00:00:00,45.27,3,Tallinn,pood,aksessuaarid
2783,2023-08-10 00:00:00,86.14,1,null,online,laste_riided
2834,2023-08-10 00:00:00,53.01,1,Pärnu,pood,meeste_riided
2429,2023-08-11 00:00:00,96.50,1,null,online,meeste_riided
2471,2023-08-11 00:00:00,286.84,2,Tartu,pood,meeste_riided
2481,2023-08-11 00:00:00,29.48,1,Pärnu,pood,aksessuaarid
2553,2023-08-11 00:00:00,76.70,1,null,online,naiste_riided
2570,2023-08-11 00:00:00,317.02,2,Pärnu,pood,naiste_riided
2648,2023-08-11 00:00:00,38.70,1,null,online,laste_riided
2677,2023-08-11 00:00:00,-350.50,2,Tallinn,pood,meeste_riided
2710,2023-08-11 00:00:00,832.44,4,null,online,meeste_riided
2790,2023-08-11 00:00:00,31.65,1,Pärnu,pood,laste_riided
2798,2023-08-11 00:00:00,541.38,2,Tallinn,pood,jalanõusid
2819,2023-08-11 00:00:00,67.75,1,Tartu,pood,jalanõusid
2454,2023-08-12 00:00:00,117.68,4,Tallinn,pood,aksessuaarid
2455,2023-08-12 00:00:00,700.38,2,null,online,jalanõusid
2476,2023-08-12 00:00:00,74.81,1,Tartu,pood,aksessuaarid
2512,2023-08-12 00:00:00,302.90,2,Tallinn,pood,laste_riided
2513,2023-08-12 00:00:00,127.24,2,Tartu,pood,jalanõusid
2533,2023-08-12 00:00:00,290.55,1,Tartu,pood,naiste_riided
2575,2023-08-12 00:00:00,265.20,1,Tallinn,pood,naiste_riided
2586,2023-08-12 00:00:00,339.21,1,Tartu,pood,jalanõusid
2652,2023-08-12 00:00:00,506.46,3,null,online,laste_riided
2653,2023-08-12 00:00:00,66.12,3,Tallinn,pood,aksessuaarid
2731,2023-08-12 00:00:00,80.39,1,null,online,laste_riided
2735,2023-08-12 00:00:00,55.04,1,Tallinn,pood,laste_riided
2737,2023-08-12 00:00:00,291.36,1,null,online,naiste_riided
2788,2023-08-12 00:00:00,210.03,3,null,online,meeste_riided
2799,2023-08-12 00:00:00,132.42,2,null,online,laste_riided
2813,2023-08-12 00:00:00,29.48,1,Tartu,pood,aksessuaarid
2830,2023-08-12 00:00:00,308.84,1,Pärnu,pood,naiste_riided
2448,2023-08-13 00:00:00,73.90,1,null,online,laste_riided
2497,2023-08-13 00:00:00,178.58,2,null,online,meeste_riided
2582,2023-08-13 00:00:00,518.46,2,null,online,meeste_riided
2590,2023-08-13 00:00:00,218.42,1,Tartu,pood,meeste_riided
2609,2023-08-13 00:00:00,283.24,2,null,online,laste_riided
2620,2023-08-13 00:00:00,430.70,5,Tallinn,pood,laste_riided
2666,2023-08-13 00:00:00,116.98,2,Tartu,pood,jalanõusid
2684,2023-08-13 00:00:00,55.04,1,Tartu,pood,laste_riided
2697,2023-08-13 00:00:00,188.91,1,null,online,aksessuaarid
2716,2023-08-13 00:00:00,282.29,1,Tallinn,pood,jalanõusid
2728,2023-08-13 00:00:00,271.98,2,null,online,naiste_riided
2738,2023-08-13 00:00:00,47.07,1,Tallinn,pood,aksessuaarid
2772,2023-08-13 00:00:00,95.50,1,Tallinn,pood,naiste_riided
2787,2023-08-13 00:00:00,316.04,1,Tallinn,pood,meeste_riided
2812,2023-08-13 00:00:00,194.57,1,Tallinn,pood,aksessuaarid
2828,2023-08-13 00:00:00,189.30,2,Tallinn,pood,laste_riided
2453,2023-08-14 00:00:00,201.14,2,Tartu,pood,laste_riided
2464,2023-08-14 00:00:00,84.95,1,Tallinn,pood,laste_riided
2517,2023-08-14 00:00:00,181.68,1,Pärnu,pood,aksessuaarid
2565,2023-08-14 00:00:00,162.96,2,null,online,jalanõusid
2593,2023-08-14 00:00:00,291.44,2,Tartu,pood,aksessuaarid
2604,2023-08-14 00:00:00,297.64,4,Tallinn,pood,jalanõusid
2615,2023-08-14 00:00:00,418.10,2,Tartu,pood,naiste_riided
2616,2023-08-14 00:00:00,127.90,2,Tallinn,pood,jalanõusid
2676,2023-08-14 00:00:00,143.64,3,null,online,aksessuaarid
2730,2023-08-14 00:00:00,417.08,4,Tartu,pood,laste_riided
2802,2023-08-14 00:00:00,565.90,2,Tartu,pood,naiste_riided
2815,2023-08-14 00:00:00,632.08,2,Tartu,pood,meeste_riided
2821,2023-08-14 00:00:00,665.10,2,null,online,meeste_riided
2840,2023-08-14 00:00:00,84.54,1,Tallinn,pood,jalanõusid
2841,2023-08-14 00:00:00,564.58,2,Pärnu,pood,jalanõusid
2431,2023-08-15 00:00:00,737.34,2,Pärnu,pood,jalanõusid
2443,2023-08-15 00:00:00,100.40,1,Tallinn,pood,laste_riided
2457,2023-08-15 00:00:00,442.84,2,null,online,jalanõusid
2469,2023-08-15 00:00:00,96.50,1,Tallinn,pood,meeste_riided
2509,2023-08-15 00:00:00,-243.96,2,Pärnu,pood,aksessuaarid
2568,2023-08-15 00:00:00,57.12,2,Tallinn,pood,aksessuaarid
2641,2023-08-15 00:00:00,305.70,2,Tartu,pood,laste_riided
2658,2023-08-15 00:00:00,234.99,1,Tallinn,pood,naiste_riided
2671,2023-08-15 00:00:00,825.36,4,null,online,jalanõusid
2693,2023-08-15 00:00:00,321.82,2,Tartu,pood,meeste_riided
2703,2023-08-15 00:00:00,381.56,4,Tallinn,pood,aksessuaarid
2722,2023-08-15 00:00:00,83.10,1,Tallinn,pood,meeste_riided
2751,2023-08-15 00:00:00,160.21,1,null,online,meeste_riided
2763,2023-08-15 00:00:00,53.01,1,null,online,meeste_riided
2773,2023-08-15 00:00:00,593.16,2,Tartu,pood,meeste_riided
2777,2023-08-15 00:00:00,67.75,1,Tallinn,pood,jalanõusid
2791,2023-08-15 00:00:00,257.50,5,null,online,laste_riided
2827,2023-08-15 00:00:00,84.54,1,null,online,jalanõusid
2440,2023-08-16 00:00:00,388.90,5,Tartu,pood,laste_riided
2446,2023-08-16 00:00:00,232.61,1,Tartu,pood,jalanõusid
2447,2023-08-16 00:00:00,514.78,2,Tallinn,pood,naiste_riided
2466,2023-08-16 00:00:00,694.32,2,Pärnu,pood,meeste_riided
2484,2023-08-16 00:00:00,259.69,1,Pärnu,pood,meeste_riided
2524,2023-08-16 00:00:00,159.18,2,null,online,meeste_riided
2613,2023-08-16 00:00:00,184.07,1,Tallinn,pood,meeste_riided
2640,2023-08-16 00:00:00,219.83,1,null,online,aksessuaarid
2651,2023-08-16 00:00:00,550.20,3,null,online,aksessuaarid
2679,2023-08-16 00:00:00,360.28,2,Tallinn,pood,naiste_riided
2692,2023-08-16 00:00:00,201.86,2,Tallinn,pood,meeste_riided
2720,2023-08-16 00:00:00,187.65,3,null,online,jalanõusid
2746,2023-08-16 00:00:00,276.26,2,Tartu,pood,laste_riided
2757,2023-08-16 00:00:00,1166.88,4,Tallinn,pood,jalanõusid
2505,2023-08-17 00:00:00,144.20,1,Pärnu,pood,meeste_riided
2532,2023-08-17 00:00:00,158.51,1,Pärnu,pood,naiste_riided
2534,2023-08-17 00:00:00,563.40,5,Tallinn,pood,laste_riided
2558,2023-08-17 00:00:00,109.42,1,Tartu,pood,aksessuaarid
2564,2023-08-17 00:00:00,315.27,3,null,online,meeste_riided
2617,2023-08-17 00:00:00,163.64,1,Tallinn,pood,jalanõusid
2667,2023-08-17 00:00:00,210.76,1,Tartu,pood,naiste_riided
2760,2023-08-17 00:00:00,183.31,1,Tallinn,pood,aksessuaarid
2776,2023-08-17 00:00:00,156.13,1,Tallinn,pood,aksessuaarid
2806,2023-08-17 00:00:00,726.72,4,Tallinn,pood,aksessuaarid
2833,2023-08-17 00:00:00,296.40,1,Tallinn,pood,naiste_riided
2449,2023-08-18 00:00:00,22.04,1,null,online,aksessuaarid
2462,2023-08-18 00:00:00,169.90,2,Tallinn,pood,laste_riided
2473,2023-08-18 00:00:00,432.36,4,Tartu,pood,naiste_riided
2487,2023-08-18 00:00:00,193.00,2,Tallinn,pood,meeste_riided
2491,2023-08-18 00:00:00,117.68,4,null,online,aksessuaarid
2556,2023-08-18 00:00:00,546.64,2,Pärnu,pood,jalanõusid
2560,2023-08-18 00:00:00,347.84,1,Tallinn,pood,meeste_riided
2562,2023-08-18 00:00:00,191.74,2,Tallinn,pood,laste_riided
2578,2023-08-18 00:00:00,84.41,1,Tartu,pood,jalanõusid
2627,2023-08-18 00:00:00,-191.48,1,null,online,aksessuaarid
2659,2023-08-18 00:00:00,225.28,1,Tartu,pood,aksessuaarid
2741,2023-08-18 00:00:00,1286.95,5,Tallinn,pood,naiste_riided
2829,2023-08-18 00:00:00,160.91,1,null,online,meeste_riided
2425,2023-08-19 00:00:00,269.16,2,null,online,meeste_riided
2435,2023-08-19 00:00:00,155.20,2,null,online,meeste_riided
2452,2023-08-19 00:00:00,145.16,2,Tallinn,pood,laste_riided
2458,2023-08-19 00:00:00,439.66,2,Tartu,pood,aksessuaarid
2472,2023-08-19 00:00:00,188.91,1,Pärnu,pood,aksessuaarid
2485,2023-08-19 00:00:00,228.81,1,null,online,jalanõusid
2514,2023-08-19 00:00:00,733.60,4,Tallinn,pood,aksessuaarid
2522,2023-08-19 00:00:00,504.20,2,Tartu,pood,jalanõusid
2581,2023-08-19 00:00:00,1277.68,4,Pärnu,pood,naiste_riided
2605,2023-08-19 00:00:00,120.17,1,Tallinn,pood,jalanõusid
2633,2023-08-19 00:00:00,308.84,1,null,online,naiste_riided
2634,2023-08-19 00:00:00,26.62,1,Tartu,pood,laste_riided
2689,2023-08-19 00:00:00,147.58,1,null,online,jalanõusid
2702,2023-08-19 00:00:00,65.52,1,null,online,jalanõusid
2729,2023-08-19 00:00:00,62.55,1,Tallinn,pood,jalanõusid
2795,2023-08-19 00:00:00,221.42,1,null,online,jalanõusid
2426,2023-08-20 00:00:00,273.06,1,Pärnu,pood,jalanõusid
2456,2023-08-20 00:00:00,407.34,2,Tallinn,pood,meeste_riided
2492,2023-08-20 00:00:00,417.44,2,Tallinn,pood,aksessuaarid
2500,2023-08-20 00:00:00,315.69,3,Tallinn,pood,laste_riided
2501,2023-08-20 00:00:00,23.45,1,null,online,aksessuaarid
2519,2023-08-20 00:00:00,209.05,1,Tallinn,pood,naiste_riided
2585,2023-08-20 00:00:00,495.04,2,null,online,naiste_riided
2646,2023-08-20 00:00:00,138.90,1,null,online,meeste_riided
2782,2023-08-20 00:00:00,146.55,3,Tallinn,pood,meeste_riided
2786,2023-08-20 00:00:00,210.76,1,null,online,naiste_riided
2822,2023-08-20 00:00:00,1487.16,4,Tallinn,pood,jalanõusid
2843,2023-08-20 00:00:00,222.10,1,Tallinn,pood,naiste_riided
2436,2023-08-21 00:00:00,80.39,1,Tallinn,pood,laste_riided
2460,2023-08-21 00:00:00,743.58,2,Tallinn,pood,jalanõusid
2515,2023-08-21 00:00:00,291.72,1,null,online,jalanõusid
2579,2023-08-21 00:00:00,107.26,1,Tartu,pood,aksessuaarid
2583,2023-08-21 00:00:00,339.21,1,Pärnu,pood,jalanõusid
2603,2023-08-21 00:00:00,53.01,1,Pärnu,pood,meeste_riided
2622,2023-08-21 00:00:00,375.34,1,Pärnu,pood,jalanõusid
2630,2023-08-21 00:00:00,73.18,1,Tallinn,pood,jalanõusid
2663,2023-08-21 00:00:00,659.49,3,Tallinn,pood,aksessuaarid
2742,2023-08-21 00:00:00,274.37,1,null,online,naiste_riided
2759,2023-08-21 00:00:00,545.04,3,Tallinn,pood,aksessuaarid
2459,2023-08-22 00:00:00,203.67,1,Tartu,pood,meeste_riided
2461,2023-08-22 00:00:00,53.58,2,Tallinn,pood,aksessuaarid
2541,2023-08-22 00:00:00,336.68,2,Tallinn,pood,naiste_riided
2548,2023-08-22 00:00:00,80.39,1,Tallinn,pood,laste_riided
2670,2023-08-22 00:00:00,549.00,2,Tartu,pood,meeste_riided
2688,2023-08-22 00:00:00,305.72,1,Pärnu,pood,jalanõusid
2699,2023-08-22 00:00:00,327.28,2,Tartu,pood,jalanõusid
2775,2023-08-22 00:00:00,269.85,1,Pärnu,pood,meeste_riided
2780,2023-08-22 00:00:00,614.54,2,Tartu,pood,jalanõusid
2441,2023-08-23 00:00:00,259.69,1,Tallinn,pood,meeste_riided
2442,2023-08-23 00:00:00,120.59,1,Tallinn,pood,meeste_riided
2450,2023-08-23 00:00:00,35.68,1,null,online,laste_riided
2468,2023-08-23 00:00:00,353.30,2,null,online,aksessuaarid
2494,2023-08-23 00:00:00,294.32,2,null,online,aksessuaarid
2504,2023-08-23 00:00:00,175.25,1,null,online,meeste_riided
2506,2023-08-23 00:00:00,81.85,1,Tartu,pood,meeste_riided
2518,2023-08-23 00:00:00,150.11,1,null,online,naiste_riided
2547,2023-08-23 00:00:00,160.91,1,Tartu,pood,meeste_riided
2573,2023-08-23 00:00:00,106.38,2,Tallinn,pood,laste_riided
2574,2023-08-23 00:00:00,632.10,5,Tallinn,pood,meeste_riided
2589,2023-08-23 00:00:00,302.16,2,Tartu,pood,meeste_riided
2612,2023-08-23 00:00:00,356.57,1,null,online,meeste_riided
2643,2023-08-23 00:00:00,155.45,1,Tallinn,pood,aksessuaarid
2657,2023-08-23 00:00:00,83.97,1,Tallinn,pood,jalanõusid
2674,2023-08-23 00:00:00,143.42,1,Tartu,pood,meeste_riided
2739,2023-08-23 00:00:00,812.97,3,Tallinn,pood,meeste_riided
2747,2023-08-23 00:00:00,169.95,1,Pärnu,pood,aksessuaarid
2527,2023-08-24 00:00:00,107.26,1,null,online,aksessuaarid
2539,2023-08-24 00:00:00,200.80,2,Tallinn,pood,laste_riided
2563,2023-08-24 00:00:00,143.42,1,Pärnu,pood,meeste_riided
2566,2023-08-24 00:00:00,546.12,2,Tallinn,pood,jalanõusid
2580,2023-08-24 00:00:00,106.02,2,null,online,meeste_riided
2591,2023-08-24 00:00:00,128.66,1,null,online,jalanõusid
2618,2023-08-24 00:00:00,159.57,3,Tallinn,pood,laste_riided
2639,2023-08-24 00:00:00,65.60,1,null,online,aksessuaarid
2726,2023-08-24 00:00:00,46.90,2,null,online,aksessuaarid
2744,2023-08-24 00:00:00,65.86,2,Pärnu,pood,naiste_riided
2771,2023-08-24 00:00:00,412.68,2,Tallinn,pood,jalanõusid
2781,2023-08-24 00:00:00,52.04,1,Pärnu,pood,laste_riided
2835,2023-08-24 00:00:00,358.41,1,Tartu,pood,jalanõusid
2470,2023-08-25 00:00:00,63.87,1,null,online,laste_riided
2529,2023-08-25 00:00:00,201.14,2,Pärnu,pood,laste_riided
2607,2023-08-25 00:00:00,364.88,4,null,online,meeste_riided
2629,2023-08-25 00:00:00,205.00,1,null,online,meeste_riided
2682,2023-08-25 00:00:00,-166.27,1,Tallinn,pood,naiste_riided
2714,2023-08-25 00:00:00,45.40,2,Tallinn,pood,aksessuaarid
2753,2023-08-25 00:00:00,212.42,2,null,online,laste_riided
2765,2023-08-25 00:00:00,16.62,1,Pärnu,pood,aksessuaarid
2789,2023-08-25 00:00:00,256.74,2,Tallinn,pood,laste_riided
2805,2023-08-25 00:00:00,240.34,2,null,online,jalanõusid
2842,2023-08-25 00:00:00,247.52,1,Pärnu,pood,naiste_riided
2444,2023-08-26 00:00:00,595.26,3,Tallinn,pood,jalanõusid
2463,2023-08-26 00:00:00,443.78,2,null,online,naiste_riided
2474,2023-08-26 00:00:00,15.09,1,null,online,aksessuaarid
2520,2023-08-26 00:00:00,542.70,2,null,online,jalanõusid
2544,2023-08-26 00:00:00,416.22,2,Tallinn,pood,meeste_riided
2571,2023-08-26 00:00:00,260.04,2,null,online,laste_riided
2625,2023-08-26 00:00:00,659.98,2,Tartu,pood,jalanõusid
2665,2023-08-26 00:00:00,53.24,2,Tartu,pood,laste_riided
2695,2023-08-26 00:00:00,263.13,1,Tallinn,pood,naiste_riided
2734,2023-08-26 00:00:00,83.10,1,Tallinn,pood,meeste_riided
2736,2023-08-26 00:00:00,417.66,2,Tallinn,pood,naiste_riided
2748,2023-08-26 00:00:00,251.91,3,Pärnu,pood,jalanõusid
2758,2023-08-26 00:00:00,144.20,1,Tallinn,pood,meeste_riided
2792,2023-08-26 00:00:00,254.48,4,null,online,jalanõusid
2803,2023-08-26 00:00:00,1562.05,5,Tartu,pood,meeste_riided
2826,2023-08-26 00:00:00,50.85,1,Tartu,pood,aksessuaarid
2836,2023-08-26 00:00:00,1374.35,5,null,online,jalanõusid
2848,2023-08-26 00:00:00,221.89,1,Pärnu,pood,naiste_riided
2495,2023-08-27 00:00:00,106.38,2,null,online,laste_riided
2499,2023-08-27 00:00:00,247.28,2,Pärnu,pood,laste_riided
2503,2023-08-27 00:00:00,1610.48,4,Tallinn,pood,jalanõusid
2530,2023-08-27 00:00:00,296.40,1,Tallinn,pood,naiste_riided
2567,2023-08-27 00:00:00,520.08,4,Tallinn,pood,laste_riided
2623,2023-08-27 00:00:00,100.57,1,Pärnu,pood,laste_riided
2675,2023-08-27 00:00:00,1106.01,3,Tartu,pood,jalanõusid
2727,2023-08-27 00:00:00,197.36,2,Tartu,pood,laste_riided
2732,2023-08-27 00:00:00,495.04,2,null,online,naiste_riided
2770,2023-08-27 00:00:00,232.61,1,Tartu,pood,jalanõusid
2810,2023-08-27 00:00:00,93.13,1,null,online,aksessuaarid
2427,2023-08-28 00:00:00,299.10,2,Pärnu,pood,aksessuaarid
2478,2023-08-28 00:00:00,109.62,2,Tallinn,pood,laste_riided
2531,2023-08-28 00:00:00,232.40,2,null,online,meeste_riided
2540,2023-08-28 00:00:00,151.45,1,Tartu,pood,laste_riided
2577,2023-08-28 00:00:00,72.60,1,Tartu,pood,laste_riided
2587,2023-08-28 00:00:00,248.70,2,Tallinn,pood,meeste_riided
2642,2023-08-28 00:00:00,327.07,1,null,online,meeste_riided
2647,2023-08-28 00:00:00,363.36,2,Tartu,pood,aksessuaarid
2673,2023-08-28 00:00:00,72.14,1,null,online,laste_riided
2721,2023-08-28 00:00:00,123.64,1,null,online,laste_riided
2725,2023-08-28 00:00:00,147.92,1,Tallinn,pood,laste_riided
2752,2023-08-28 00:00:00,347.84,1,null,online,meeste_riided
2796,2023-08-28 00:00:00,259.23,1,Pärnu,pood,meeste_riided
2801,2023-08-28 00:00:00,665.10,2,null,online,meeste_riided
2807,2023-08-28 00:00:00,95.50,1,Tallinn,pood,naiste_riided
2823,2023-08-28 00:00:00,164.85,3,Tallinn,pood,laste_riided
2825,2023-08-28 00:00:00,776.73,3,Tartu,pood,meeste_riided
2837,2023-08-28 00:00:00,48.85,1,null,online,meeste_riided
2493,2023-08-29 00:00:00,193.00,2,Pärnu,pood,meeste_riided
2535,2023-08-29 00:00:00,98.68,4,null,online,laste_riided
2610,2023-08-29 00:00:00,123.64,1,Tallinn,pood,laste_riided
2611,2023-08-29 00:00:00,151.45,1,Tartu,pood,laste_riided
2619,2023-08-29 00:00:00,678.42,2,Tallinn,pood,jalanõusid
2626,2023-08-29 00:00:00,178.78,2,Tallinn,pood,meeste_riided
2649,2023-08-29 00:00:00,731.79,3,null,online,meeste_riided
2650,2023-08-29 00:00:00,434.08,1,Tartu,pood,jalanõusid
2681,2023-08-29 00:00:00,518.46,2,Tallinn,pood,meeste_riided
2687,2023-08-29 00:00:00,217.74,3,Tartu,pood,laste_riided
2694,2023-08-29 00:00:00,338.43,1,Tallinn,pood,meeste_riided
2696,2023-08-29 00:00:00,582.72,2,Tallinn,pood,naiste_riided
2698,2023-08-29 00:00:00,495.04,2,Tallinn,pood,naiste_riided
2756,2023-08-29 00:00:00,427.71,3,Tallinn,pood,meeste_riided
2766,2023-08-29 00:00:00,243.96,2,null,online,aksessuaarid
2767,2023-08-29 00:00:00,215.34,2,Tartu,pood,meeste_riided
2778,2023-08-29 00:00:00,1053.99,3,Pärnu,pood,naiste_riided
2779,2023-08-29 00:00:00,139.74,1,Tartu,pood,naiste_riided
2465,2023-08-30 00:00:00,164.30,2,Tallinn,pood,meeste_riided
2525,2023-08-30 00:00:00,88.08,1,Pärnu,pood,laste_riided
2552,2023-08-30 00:00:00,321.56,4,null,online,laste_riided
2555,2023-08-30 00:00:00,381.62,2,Tallinn,pood,jalanõusid
2576,2023-08-30 00:00:00,564.58,2,Tartu,pood,jalanõusid
2606,2023-08-30 00:00:00,301.97,1,null,online,naiste_riided
2632,2023-08-30 00:00:00,100.40,1,Tallinn,pood,laste_riided
2683,2023-08-30 00:00:00,464.13,3,null,online,meeste_riided
2690,2023-08-30 00:00:00,-65.00,1,Tallinn,pood,jalanõusid
2762,2023-08-30 00:00:00,830.91,3,null,online,jalanõusid
2785,2023-08-30 00:00:00,358.41,1,Pärnu,pood,jalanõusid
2797,2023-08-30 00:00:00,106.69,1,Tallinn,pood,meeste_riided
2820,2023-08-30 00:00:00,312.41,1,null,online,meeste_riided
2831,2023-08-30 00:00:00,520.86,3,Tallinn,pood,aksessuaarid
2483,2023-08-31 00:00:00,157.49,1,Tartu,pood,jalanõusid
2521,2023-08-31 00:00:00,307.27,1,Tartu,pood,jalanõusid
2528,2023-08-31 00:00:00,98.68,1,null,online,laste_riided
2596,2023-08-31 00:00:00,254.76,2,null,online,meeste_riided
2661,2023-08-31 00:00:00,371.79,1,Tallinn,pood,jalanõusid
2662,2023-08-31 00:00:00,234.10,2,Tartu,pood,aksessuaarid
2664,2023-08-31 00:00:00,145.16,2,Tallinn,pood,laste_riided
2686,2023-08-31 00:00:00,505.02,3,Tallinn,pood,naiste_riided
2691,2023-08-31 00:00:00,50.85,1,Tallinn,pood,aksessuaarid
2705,2023-08-31 00:00:00,201.86,1,Tartu,pood,meeste_riided
2713,2023-08-31 00:00:00,70.01,1,Pärnu,pood,meeste_riided
2715,2023-08-31 00:00:00,173.60,2,Tallinn,pood,naiste_riided
2723,2023-08-31 00:00:00,336.68,2,null,online,naiste_riided
2724,2023-08-31 00:00:00,583.44,2,Tallinn,pood,jalanõusid
2733,2023-08-31 00:00:00,260.72,2,null,online,naiste_riided
2861,2023-09-01 00:00:00,282.75,3,Pärnu,pood,laste_riided
2862,2023-09-01 00:00:00,72.58,1,null,online,laste_riided
2907,2023-09-01 00:00:00,16.37,1,Pärnu,pood,aksessuaarid
2928,2023-09-01 00:00:00,274.50,1,Tallinn,pood,meeste_riided
2944,2023-09-01 00:00:00,60.80,1,Tallinn,pood,laste_riided
2946,2023-09-01 00:00:00,241.13,1,null,online,jalanõusid
2991,2023-09-01 00:00:00,615.66,2,Tallinn,pood,naiste_riided
3011,2023-09-01 00:00:00,421.74,2,Pärnu,pood,meeste_riided
3055,2023-09-01 00:00:00,208.11,1,null,online,meeste_riided
3107,2023-09-01 00:00:00,125.64,2,null,online,laste_riided
3116,2023-09-01 00:00:00,131.20,2,null,online,aksessuaarid
3123,2023-09-01 00:00:00,51.50,1,Tallinn,pood,laste_riided
3127,2023-09-01 00:00:00,437.08,2,null,online,jalanõusid
3136,2023-09-01 00:00:00,162.86,1,Tartu,pood,naiste_riided
3151,2023-09-01 00:00:00,541.98,2,Tallinn,pood,meeste_riided
3164,2023-09-01 00:00:00,653.65,5,null,online,laste_riided
3169,2023-09-01 00:00:00,247.64,2,Tallinn,pood,meeste_riided
2984,2023-09-02 00:00:00,276.20,1,Tallinn,pood,naiste_riided
2992,2023-09-02 00:00:00,337.64,4,null,online,jalanõusid
3001,2023-09-02 00:00:00,246.97,1,Tallinn,pood,meeste_riided
3070,2023-09-02 00:00:00,217.80,3,null,online,laste_riided
3086,2023-09-02 00:00:00,58.96,2,Tallinn,pood,aksessuaarid
3109,2023-09-02 00:00:00,67.75,1,null,online,jalanõusid
3171,2023-09-02 00:00:00,226.05,5,null,online,aksessuaarid
3173,2023-09-02 00:00:00,346.70,1,Pärnu,pood,naiste_riided
2857,2023-09-03 00:00:00,1035.64,4,null,online,meeste_riided
2864,2023-09-03 00:00:00,294.32,2,Tallinn,pood,aksessuaarid
2867,2023-09-03 00:00:00,686.43,3,Tallinn,pood,jalanõusid
2888,2023-09-03 00:00:00,30.05,1,Pärnu,pood,laste_riided
2937,2023-09-03 00:00:00,243.02,2,null,online,jalanõusid
2968,2023-09-03 00:00:00,98.68,1,Tallinn,pood,laste_riided
2983,2023-09-03 00:00:00,302.90,2,null,online,laste_riided
3022,2023-09-03 00:00:00,23.45,1,Tallinn,pood,aksessuaarid
3069,2023-09-03 00:00:00,128.37,1,Tallinn,pood,laste_riided
3133,2023-09-03 00:00:00,155.45,1,Tallinn,pood,aksessuaarid
2874,2023-09-04 00:00:00,181.68,1,Tallinn,pood,aksessuaarid
2889,2023-09-04 00:00:00,154.50,3,Tallinn,pood,laste_riided
2926,2023-09-04 00:00:00,151.45,1,Pärnu,pood,laste_riided
2936,2023-09-04 00:00:00,242.43,1,Tallinn,pood,meeste_riided
2938,2023-09-04 00:00:00,290.55,1,Tallinn,pood,naiste_riided
3014,2023-09-04 00:00:00,252.33,1,Tallinn,pood,naiste_riided
3142,2023-09-04 00:00:00,219.24,2,null,online,naiste_riided
3143,2023-09-04 00:00:00,52.04,1,Tallinn,pood,laste_riided
3168,2023-09-04 00:00:00,184.02,1,null,online,aksessuaarid
2852,2023-09-05 00:00:00,100.40,1,null,online,laste_riided
2853,2023-09-05 00:00:00,53.01,1,Pärnu,pood,meeste_riided
2872,2023-09-05 00:00:00,678.42,2,null,online,jalanõusid
2877,2023-09-05 00:00:00,104.27,1,Tartu,pood,laste_riided
2900,2023-09-05 00:00:00,525.75,3,Tallinn,pood,meeste_riided
2929,2023-09-05 00:00:00,301.97,1,Pärnu,pood,naiste_riided
2961,2023-09-05 00:00:00,1013.04,4,Tartu,pood,meeste_riided
2967,2023-09-05 00:00:00,566.73,3,null,online,aksessuaarid
2998,2023-09-05 00:00:00,109.42,1,null,online,aksessuaarid
3008,2023-09-05 00:00:00,125.36,1,Tallinn,pood,laste_riided
3056,2023-09-05 00:00:00,377.82,2,null,online,aksessuaarid
3076,2023-09-05 00:00:00,65.60,1,Tallinn,pood,aksessuaarid
3096,2023-09-05 00:00:00,167.94,2,null,online,jalanõusid
3114,2023-09-05 00:00:00,145.50,1,null,online,jalanõusid
3119,2023-09-05 00:00:00,84.41,1,Tallinn,pood,jalanõusid
3120,2023-09-05 00:00:00,693.40,2,Tartu,pood,naiste_riided
3131,2023-09-05 00:00:00,252.33,1,null,online,naiste_riided
3135,2023-09-05 00:00:00,271.35,1,null,online,jalanõusid
3154,2023-09-05 00:00:00,136.30,1,Tartu,pood,laste_riided
3166,2023-09-05 00:00:00,72.73,1,null,online,naiste_riided
3170,2023-09-05 00:00:00,54.95,1,null,online,laste_riided
2856,2023-09-06 00:00:00,73.18,1,Tartu,pood,jalanõusid
2865,2023-09-06 00:00:00,208.95,5,Tallinn,pood,laste_riided
2897,2023-09-06 00:00:00,347.16,1,null,online,meeste_riided
2902,2023-09-06 00:00:00,665.08,4,null,online,naiste_riided
2977,2023-09-06 00:00:00,-60.10,2,Tallinn,pood,laste_riided
2979,2023-09-06 00:00:00,156.13,1,Pärnu,pood,aksessuaarid
3025,2023-09-06 00:00:00,232.40,2,Tallinn,pood,meeste_riided
3031,2023-09-06 00:00:00,398.28,4,Pärnu,pood,laste_riided
3064,2023-09-06 00:00:00,215.58,1,null,online,aksessuaarid
3159,2023-09-06 00:00:00,130.73,1,Tallinn,pood,laste_riided
3172,2023-09-06 00:00:00,399.60,2,Tallinn,pood,aksessuaarid
3174,2023-09-06 00:00:00,53.24,2,Tallinn,pood,laste_riided
2884,2023-09-07 00:00:00,182.44,2,null,online,meeste_riided
2901,2023-09-07 00:00:00,448.38,2,Tartu,pood,naiste_riided
2915,2023-09-07 00:00:00,106.21,1,null,online,laste_riided
2940,2023-09-07 00:00:00,831.35,5,null,online,naiste_riided
2941,2023-09-07 00:00:00,-72.58,1,null,online,laste_riided
2953,2023-09-07 00:00:00,590.73,3,Tartu,pood,meeste_riided
3016,2023-09-07 00:00:00,381.56,4,Pärnu,pood,aksessuaarid
3060,2023-09-07 00:00:00,421.52,2,Tartu,pood,naiste_riided
3105,2023-09-07 00:00:00,1106.91,3,Tallinn,pood,jalanõusid
3113,2023-09-07 00:00:00,599.40,3,null,online,aksessuaarid
3139,2023-09-07 00:00:00,251.28,4,Tallinn,pood,laste_riided
3147,2023-09-07 00:00:00,110.08,2,null,online,laste_riided
3161,2023-09-07 00:00:00,830.91,3,Tallinn,pood,jalanõusid
2892,2023-09-08 00:00:00,-422.70,2,Tallinn,pood,naiste_riided
2932,2023-09-08 00:00:00,916.04,4,null,online,meeste_riided
2951,2023-09-08 00:00:00,81.85,1,Tartu,pood,meeste_riided
2952,2023-09-08 00:00:00,544.10,2,null,online,naiste_riided
2971,2023-09-08 00:00:00,546.64,2,Pärnu,pood,jalanõusid
2973,2023-09-08 00:00:00,52.04,1,Tallinn,pood,laste_riided
3004,2023-09-08 00:00:00,750.51,3,Tallinn,pood,naiste_riided
3033,2023-09-08 00:00:00,76.70,1,Tartu,pood,naiste_riided
3034,2023-09-08 00:00:00,208.83,1,null,online,naiste_riided
3059,2023-09-08 00:00:00,-248.70,2,Pärnu,pood,meeste_riided
3104,2023-09-08 00:00:00,53.01,1,Tallinn,pood,meeste_riided
3167,2023-09-08 00:00:00,321.42,2,Tartu,pood,meeste_riided
2922,2023-09-09 00:00:00,459.33,3,Tartu,pood,aksessuaarid
2964,2023-09-09 00:00:00,94.25,1,null,online,laste_riided
3007,2023-09-09 00:00:00,65.52,1,Tallinn,pood,jalanõusid
3037,2023-09-09 00:00:00,32.93,1,Tallinn,pood,naiste_riided
3048,2023-09-09 00:00:00,24.54,1,Tartu,pood,laste_riided
3063,2023-09-09 00:00:00,50.85,1,Tartu,pood,aksessuaarid
3082,2023-09-09 00:00:00,218.42,1,Tartu,pood,meeste_riided
3093,2023-09-09 00:00:00,63.95,1,Tallinn,pood,jalanõusid
3099,2023-09-09 00:00:00,151.08,1,null,online,meeste_riided
3150,2023-09-09 00:00:00,184.15,1,Tallinn,pood,aksessuaarid
3157,2023-09-09 00:00:00,305.70,2,null,online,laste_riided
2871,2023-09-10 00:00:00,106.69,1,null,online,meeste_riided
2879,2023-09-10 00:00:00,24.54,1,Tallinn,pood,laste_riided
2942,2023-09-10 00:00:00,160.71,1,Pärnu,pood,meeste_riided
2958,2023-09-10 00:00:00,100.57,1,Tartu,pood,laste_riided
2989,2023-09-10 00:00:00,312.81,3,Pärnu,pood,laste_riided
3126,2023-09-10 00:00:00,84.41,1,Tallinn,pood,jalanõusid
3153,2023-09-10 00:00:00,173.62,1,Tallinn,pood,aksessuaarid
3165,2023-09-10 00:00:00,972.30,5,null,online,naiste_riided
2919,2023-09-11 00:00:00,184.02,1,Tartu,pood,aksessuaarid
2960,2023-09-11 00:00:00,553.94,2,Pärnu,pood,jalanõusid
2962,2023-09-11 00:00:00,1384.85,5,null,online,jalanõusid
3036,2023-09-11 00:00:00,167.94,2,null,online,jalanõusid
3091,2023-09-11 00:00:00,324.38,1,Pärnu,pood,jalanõusid
3097,2023-09-11 00:00:00,368.97,1,Tallinn,pood,jalanõusid
2905,2023-09-12 00:00:00,276.26,2,Tartu,pood,laste_riided
2908,2023-09-12 00:00:00,819.96,3,Tartu,pood,jalanõusid
2921,2023-09-12 00:00:00,93.13,1,Tallinn,pood,aksessuaarid
2943,2023-09-12 00:00:00,158.51,1,Tallinn,pood,naiste_riided
2949,2023-09-12 00:00:00,82.15,1,Tallinn,pood,meeste_riided
2982,2023-09-12 00:00:00,274.78,1,null,online,meeste_riided
3005,2023-09-12 00:00:00,-22.70,1,Tallinn,pood,laste_riided
3043,2023-09-12 00:00:00,324.38,1,Tallinn,pood,jalanõusid
3049,2023-09-12 00:00:00,1094.95,5,Tartu,pood,naiste_riided
3130,2023-09-12 00:00:00,323.01,3,Tartu,pood,meeste_riided
3138,2023-09-12 00:00:00,151.08,1,null,online,meeste_riided
2878,2023-09-13 00:00:00,48.58,1,null,online,laste_riided
2903,2023-09-13 00:00:00,371.05,1,Tallinn,pood,jalanõusid
3009,2023-09-13 00:00:00,401.54,2,null,online,naiste_riided
3010,2023-09-13 00:00:00,160.78,2,Tallinn,pood,laste_riided
3019,2023-09-13 00:00:00,307.83,1,null,online,naiste_riided
3021,2023-09-13 00:00:00,371.05,1,null,online,jalanõusid
3061,2023-09-13 00:00:00,84.95,1,Tallinn,pood,laste_riided
3073,2023-09-13 00:00:00,224.19,1,Tallinn,pood,naiste_riided
3156,2023-09-13 00:00:00,549.00,2,null,online,meeste_riided
3162,2023-09-13 00:00:00,181.68,1,Tallinn,pood,aksessuaarid
2850,2023-09-14 00:00:00,102.12,3,Tallinn,pood,laste_riided
2875,2023-09-14 00:00:00,97.16,2,Tartu,pood,laste_riided
2893,2023-09-14 00:00:00,322.08,3,Tartu,pood,laste_riided
2914,2023-09-14 00:00:00,290.55,1,null,online,naiste_riided
2920,2023-09-14 00:00:00,163.53,1,Tartu,pood,meeste_riided
2930,2023-09-14 00:00:00,368.67,1,null,online,jalanõusid
2945,2023-09-14 00:00:00,172.92,2,Tallinn,pood,laste_riided
2985,2023-09-14 00:00:00,364.88,4,Tallinn,pood,meeste_riided
2999,2023-09-14 00:00:00,167.23,1,Tartu,pood,laste_riided
3006,2023-09-14 00:00:00,624.82,2,Tartu,pood,meeste_riided
3067,2023-09-14 00:00:00,146.55,3,Tallinn,pood,meeste_riided
3072,2023-09-14 00:00:00,222.52,2,Pärnu,pood,naiste_riided
3115,2023-09-14 00:00:00,244.14,2,Tallinn,pood,aksessuaarid
3145,2023-09-14 00:00:00,105.23,1,Pärnu,pood,laste_riided
2870,2023-09-15 00:00:00,368.30,2,Pärnu,pood,aksessuaarid
2890,2023-09-15 00:00:00,135.99,1,Tallinn,pood,naiste_riided
2965,2023-09-15 00:00:00,868.16,2,Tartu,pood,jalanõusid
2972,2023-09-15 00:00:00,252.33,1,null,online,naiste_riided
2981,2023-09-15 00:00:00,372.52,4,null,online,aksessuaarid
3144,2023-09-15 00:00:00,280.13,1,Tallinn,pood,jalanõusid
2883,2023-09-16 00:00:00,283.24,2,Tallinn,pood,laste_riided
2891,2023-09-16 00:00:00,218.99,1,Tartu,pood,naiste_riided
2913,2023-09-16 00:00:00,203.67,1,Pärnu,pood,meeste_riided
2935,2023-09-16 00:00:00,311.68,2,Tallinn,pood,aksessuaarid
2974,2023-09-16 00:00:00,410.00,2,Tallinn,pood,meeste_riided
3002,2023-09-16 00:00:00,122.45,1,null,online,naiste_riided
3024,2023-09-16 00:00:00,135.99,1,Tartu,pood,naiste_riided
3058,2023-09-16 00:00:00,348.60,3,null,online,meeste_riided
3062,2023-09-16 00:00:00,260.04,2,Tallinn,pood,laste_riided
3081,2023-09-16 00:00:00,638.84,2,Tallinn,pood,naiste_riided
3095,2023-09-16 00:00:00,327.06,2,null,online,meeste_riided
3108,2023-09-16 00:00:00,160.91,1,null,online,meeste_riided
3176,2023-09-16 00:00:00,789.39,3,null,online,naiste_riided
2880,2023-09-17 00:00:00,376.33,1,null,online,jalanõusid
2924,2023-09-17 00:00:00,180.14,1,Tartu,pood,naiste_riided
2934,2023-09-17 00:00:00,130.73,1,Tartu,pood,laste_riided
2993,2023-09-17 00:00:00,121.98,1,null,online,aksessuaarid
3040,2023-09-17 00:00:00,199.14,2,null,online,laste_riided
3054,2023-09-17 00:00:00,327.06,2,Tallinn,pood,meeste_riided
3066,2023-09-17 00:00:00,876.25,5,Tartu,pood,meeste_riided
3068,2023-09-17 00:00:00,53.99,1,null,online,laste_riided
3084,2023-09-17 00:00:00,329.99,1,null,online,jalanõusid
3098,2023-09-17 00:00:00,34.04,1,Tallinn,pood,laste_riided
3128,2023-09-17 00:00:00,51.50,1,null,online,laste_riided
3140,2023-09-17 00:00:00,363.36,2,Tallinn,pood,aksessuaarid
3146,2023-09-17 00:00:00,799.20,4,null,online,aksessuaarid
3163,2023-09-17 00:00:00,520.86,3,Tartu,pood,aksessuaarid
2906,2023-09-18 00:00:00,546.12,2,Tallinn,pood,jalanõusid
3026,2023-09-18 00:00:00,1173.95,5,Tallinn,pood,meeste_riided
3027,2023-09-18 00:00:00,51.10,1,null,online,aksessuaarid
3039,2023-09-18 00:00:00,182.44,2,Tallinn,pood,meeste_riided
3045,2023-09-18 00:00:00,221.89,1,Tallinn,pood,naiste_riided
3046,2023-09-18 00:00:00,198.42,1,null,online,jalanõusid
3051,2023-09-18 00:00:00,125.52,1,Tallinn,pood,meeste_riided
3075,2023-09-18 00:00:00,658.14,3,Tallinn,pood,aksessuaarid
3080,2023-09-18 00:00:00,539.70,2,Tallinn,pood,meeste_riided
3112,2023-09-18 00:00:00,638.84,2,null,online,naiste_riided
3141,2023-09-18 00:00:00,101.26,1,null,online,laste_riided
2860,2023-09-19 00:00:00,149.47,1,null,online,aksessuaarid
2912,2023-09-19 00:00:00,22.04,1,Tallinn,pood,aksessuaarid
2918,2023-09-19 00:00:00,556.30,5,Tallinn,pood,naiste_riided
2980,2023-09-19 00:00:00,88.08,1,null,online,laste_riided
2996,2023-09-19 00:00:00,222.10,1,null,online,naiste_riided
3101,2023-09-19 00:00:00,175.25,1,Tartu,pood,meeste_riided
3132,2023-09-19 00:00:00,269.85,1,Tallinn,pood,meeste_riided
2863,2023-09-20 00:00:00,221.70,3,Tartu,pood,laste_riided
2939,2023-09-20 00:00:00,542.70,2,Tallinn,pood,jalanõusid
2994,2023-09-20 00:00:00,565.90,2,Tallinn,pood,naiste_riided
3023,2023-09-20 00:00:00,106.82,1,Tartu,pood,laste_riided
3032,2023-09-20 00:00:00,476.82,3,Tallinn,pood,jalanõusid
3038,2023-09-20 00:00:00,26.79,1,null,online,aksessuaarid
3042,2023-09-20 00:00:00,1222.88,4,Pärnu,pood,jalanõusid
3052,2023-09-20 00:00:00,819.96,3,Tallinn,pood,jalanõusid
3078,2023-09-20 00:00:00,1406.48,4,Pärnu,pood,meeste_riided
3092,2023-09-20 00:00:00,421.74,2,null,online,meeste_riided
3103,2023-09-20 00:00:00,210.87,1,Tallinn,pood,meeste_riided
3110,2023-09-20 00:00:00,982.36,4,null,online,naiste_riided
3111,2023-09-20 00:00:00,42.64,1,Tallinn,pood,naiste_riided
3158,2023-09-20 00:00:00,610.17,3,Tallinn,pood,aksessuaarid
3160,2023-09-20 00:00:00,101.54,2,null,online,naiste_riided
3175,2023-09-20 00:00:00,35.68,1,Tallinn,pood,laste_riided
2854,2023-09-21 00:00:00,74.81,1,Tartu,pood,aksessuaarid
2855,2023-09-21 00:00:00,368.30,2,Pärnu,pood,aksessuaarid
2885,2023-09-21 00:00:00,127.90,2,Tallinn,pood,jalanõusid
2925,2023-09-21 00:00:00,271.35,1,Tartu,pood,jalanõusid
2933,2023-09-21 00:00:00,1235.36,4,Pärnu,pood,naiste_riided
2978,2023-09-21 00:00:00,51.50,1,Tallinn,pood,laste_riided
3017,2023-09-21 00:00:00,135.50,2,Tallinn,pood,jalanõusid
3041,2023-09-21 00:00:00,206.34,1,Tallinn,pood,jalanõusid
3050,2023-09-21 00:00:00,188.28,4,Tartu,pood,aksessuaarid
3057,2023-09-21 00:00:00,507.60,2,null,online,jalanõusid
3118,2023-09-21 00:00:00,357.16,4,Pärnu,pood,meeste_riided
2859,2023-09-22 00:00:00,260.40,3,Tallinn,pood,naiste_riided
2873,2023-09-22 00:00:00,86.46,1,Pärnu,pood,laste_riided
2876,2023-09-22 00:00:00,82.15,1,null,online,meeste_riided
2895,2023-09-22 00:00:00,147.58,1,null,online,jalanõusid
2923,2023-09-22 00:00:00,160.91,1,Tallinn,pood,meeste_riided
2997,2023-09-22 00:00:00,218.54,1,Tallinn,pood,jalanõusid
3083,2023-09-22 00:00:00,127.74,2,null,online,laste_riided
3088,2023-09-22 00:00:00,282.75,3,Tallinn,pood,laste_riided
3134,2023-09-22 00:00:00,417.66,2,Pärnu,pood,naiste_riided
2881,2023-09-23 00:00:00,208.11,1,Tartu,pood,meeste_riided
2899,2023-09-23 00:00:00,98.68,1,Pärnu,pood,laste_riided
2948,2023-09-23 00:00:00,78.09,1,null,online,naiste_riided
2950,2023-09-23 00:00:00,399.60,2,null,online,aksessuaarid
2976,2023-09-23 00:00:00,321.56,4,Tallinn,pood,laste_riided
2988,2023-09-23 00:00:00,104.27,1,null,online,laste_riided
3012,2023-09-23 00:00:00,514.78,2,null,online,naiste_riided
3085,2023-09-23 00:00:00,162.86,1,Tartu,pood,naiste_riided
3089,2023-09-23 00:00:00,212.76,4,Tartu,pood,laste_riided
3094,2023-09-23 00:00:00,286.17,3,null,online,aksessuaarid
3121,2023-09-23 00:00:00,514.78,2,Tallinn,pood,naiste_riided
3122,2023-09-23 00:00:00,1234.85,5,null,online,meeste_riided
3125,2023-09-23 00:00:00,58.49,1,Tallinn,pood,jalanõusid
2898,2023-09-24 00:00:00,38.70,1,Pärnu,pood,laste_riided
2916,2023-09-24 00:00:00,112.68,1,null,online,laste_riided
2966,2023-09-24 00:00:00,338.04,3,Pärnu,pood,laste_riided
2995,2023-09-24 00:00:00,62.82,1,null,online,laste_riided
3044,2023-09-24 00:00:00,85.28,2,null,online,naiste_riided
3053,2023-09-24 00:00:00,77.60,1,Pärnu,pood,meeste_riided
3074,2023-09-24 00:00:00,234.99,1,null,online,naiste_riided
3148,2023-09-24 00:00:00,307.27,1,Tallinn,pood,jalanõusid
3015,2023-09-25 00:00:00,-329.99,1,Tallinn,pood,jalanõusid
3020,2023-09-25 00:00:00,234.79,1,Tartu,pood,meeste_riided
3029,2023-09-25 00:00:00,296.40,1,Pärnu,pood,naiste_riided
3035,2023-09-25 00:00:00,183.31,1,Tartu,pood,aksessuaarid
3149,2023-09-25 00:00:00,116.87,1,Tallinn,pood,jalanõusid
2868,2023-09-26 00:00:00,199.14,2,Tallinn,pood,laste_riided
2882,2023-09-26 00:00:00,498.81,3,null,online,naiste_riided
2909,2023-09-26 00:00:00,347.16,1,Tallinn,pood,meeste_riided
2927,2023-09-26 00:00:00,874.08,3,null,online,naiste_riided
2931,2023-09-26 00:00:00,94.72,4,Tartu,pood,laste_riided
2963,2023-09-26 00:00:00,173.62,1,Tartu,pood,aksessuaarid
2986,2023-09-26 00:00:00,175.47,3,Pärnu,pood,jalanõusid
2987,2023-09-26 00:00:00,1106.01,3,Tartu,pood,jalanõusid
3000,2023-09-26 00:00:00,564.58,2,Tallinn,pood,jalanõusid
3003,2023-09-26 00:00:00,351.62,1,null,online,meeste_riided
3124,2023-09-26 00:00:00,-657.57,3,Tallinn,pood,naiste_riided
2851,2023-09-27 00:00:00,116.20,1,null,online,meeste_riided
2869,2023-09-27 00:00:00,152.31,3,null,online,naiste_riided
2896,2023-09-27 00:00:00,292.61,1,Tallinn,pood,jalanõusid
2970,2023-09-27 00:00:00,495.62,2,Tallinn,pood,meeste_riided
2975,2023-09-27 00:00:00,79.59,1,Tallinn,pood,meeste_riided
3030,2023-09-27 00:00:00,-245.55,3,null,online,meeste_riided
3065,2023-09-27 00:00:00,244.90,2,null,online,naiste_riided
3071,2023-09-27 00:00:00,147.16,1,Tallinn,pood,aksessuaarid
3102,2023-09-27 00:00:00,127.38,1,Tallinn,pood,meeste_riided
3129,2023-09-27 00:00:00,469.98,2,Tallinn,pood,naiste_riided
3152,2023-09-27 00:00:00,194.46,1,null,online,naiste_riided
2858,2023-09-28 00:00:00,160.71,1,null,online,meeste_riided
2910,2023-09-28 00:00:00,58.49,1,null,online,jalanõusid
2917,2023-09-28 00:00:00,132.42,2,Pärnu,pood,laste_riided
2990,2023-09-28 00:00:00,278.59,1,Tallinn,pood,meeste_riided
3047,2023-09-28 00:00:00,270.69,1,null,online,jalanõusid
3079,2023-09-28 00:00:00,1054.86,3,null,online,meeste_riided
3087,2023-09-28 00:00:00,1006.08,4,Tallinn,pood,jalanõusid
3090,2023-09-28 00:00:00,388.92,2,Tallinn,pood,naiste_riided
3100,2023-09-28 00:00:00,487.86,2,null,online,meeste_riided
3137,2023-09-28 00:00:00,371.79,1,Tallinn,pood,jalanõusid
2866,2023-09-29 00:00:00,264.84,4,Tallinn,pood,laste_riided
2904,2023-09-29 00:00:00,186.26,2,null,online,aksessuaarid
2947,2023-09-29 00:00:00,89.29,1,Tartu,pood,meeste_riided
2954,2023-09-29 00:00:00,32.74,2,Tartu,pood,aksessuaarid
2955,2023-09-29 00:00:00,437.16,3,null,online,aksessuaarid
2956,2023-09-29 00:00:00,436.84,2,Tallinn,pood,meeste_riided
2957,2023-09-29 00:00:00,517.82,2,Tallinn,pood,meeste_riided
2959,2023-09-29 00:00:00,209.05,1,null,online,naiste_riided
2969,2023-09-29 00:00:00,65.52,1,null,online,jalanõusid
3013,2023-09-29 00:00:00,147.16,1,null,online,aksessuaarid
3018,2023-09-29 00:00:00,693.40,2,Tartu,pood,naiste_riided
3106,2023-09-29 00:00:00,218.42,1,Tallinn,pood,meeste_riided
3117,2023-09-29 00:00:00,76.70,1,Pärnu,pood,naiste_riided
2886,2023-09-30 00:00:00,124.35,1,Tallinn,pood,meeste_riided
2887,2023-09-30 00:00:00,241.13,1,Tallinn,pood,jalanõusid
2894,2023-09-30 00:00:00,830.91,3,null,online,jalanõusid
2911,2023-09-30 00:00:00,47.88,1,Pärnu,pood,aksessuaarid
3028,2023-09-30 00:00:00,199.80,1,Tartu,pood,aksessuaarid
3077,2023-09-30 00:00:00,332.54,2,null,online,naiste_riided
3155,2023-09-30 00:00:00,166.27,1,Pärnu,pood,naiste_riided
3177,2023-09-30 00:00:00,549.56,2,Tartu,pood,meeste_riided
3243,2023-10-01 00:00:00,530.40,2,null,online,naiste_riided
3267,2023-10-01 00:00:00,225.28,1,null,online,aksessuaarid
3285,2023-10-01 00:00:00,271.00,4,Pärnu,pood,jalanõusid
3336,2023-10-01 00:00:00,241.13,1,Tartu,pood,jalanõusid
3344,2023-10-01 00:00:00,276.20,1,Tallinn,pood,naiste_riided
3474,2023-10-01 00:00:00,53.99,1,null,online,laste_riided
3178,2023-10-02 00:00:00,42.64,1,Tallinn,pood,naiste_riided
3184,2023-10-02 00:00:00,166.27,1,null,online,naiste_riided
3186,2023-10-02 00:00:00,106.69,1,Pärnu,pood,meeste_riided
3196,2023-10-02 00:00:00,149.47,1,Tallinn,pood,aksessuaarid
3218,2023-10-02 00:00:00,282.95,1,null,online,naiste_riided
3301,2023-10-02 00:00:00,158.51,1,Tallinn,pood,naiste_riided
3356,2023-10-02 00:00:00,302.16,2,null,online,meeste_riided
3366,2023-10-02 00:00:00,642.20,5,null,online,laste_riided
3401,2023-10-02 00:00:00,247.28,2,Tallinn,pood,laste_riided
3462,2023-10-02 00:00:00,371.79,1,Tallinn,pood,jalanõusid
3468,2023-10-02 00:00:00,280.02,1,Tallinn,pood,naiste_riided
3495,2023-10-02 00:00:00,450.56,2,Tallinn,pood,aksessuaarid
3499,2023-10-02 00:00:00,167.23,1,Tartu,pood,laste_riided
3181,2023-10-03 00:00:00,168.82,2,Tallinn,pood,jalanõusid
3183,2023-10-03 00:00:00,17.97,1,null,online,aksessuaarid
3198,2023-10-03 00:00:00,113.86,1,null,online,aksessuaarid
3215,2023-10-03 00:00:00,700.38,2,Tartu,pood,jalanõusid
3216,2023-10-03 00:00:00,214.72,2,Tartu,pood,laste_riided
3256,2023-10-03 00:00:00,339.21,1,Tallinn,pood,jalanõusid
3269,2023-10-03 00:00:00,144.36,1,Tartu,pood,aksessuaarid
3278,2023-10-03 00:00:00,254.25,5,Tallinn,pood,aksessuaarid
3293,2023-10-03 00:00:00,169.90,2,null,online,laste_riided
3378,2023-10-03 00:00:00,138.90,1,null,online,meeste_riided
3400,2023-10-03 00:00:00,60.80,1,Tallinn,pood,laste_riided
3441,2023-10-03 00:00:00,1858.95,5,Tallinn,pood,jalanõusid
3446,2023-10-03 00:00:00,347.24,2,null,online,aksessuaarid
3498,2023-10-03 00:00:00,208.72,1,Tallinn,pood,aksessuaarid
3188,2023-10-04 00:00:00,141.62,1,null,online,laste_riided
3260,2023-10-04 00:00:00,347.84,1,null,online,meeste_riided
3268,2023-10-04 00:00:00,149.47,1,Tallinn,pood,aksessuaarid
3291,2023-10-04 00:00:00,217.74,3,null,online,laste_riided
3319,2023-10-04 00:00:00,86.80,1,Tallinn,pood,naiste_riided
3331,2023-10-04 00:00:00,194.46,1,null,online,naiste_riided
3346,2023-10-04 00:00:00,104.27,1,null,online,laste_riided
3349,2023-10-04 00:00:00,436.84,2,Tallinn,pood,meeste_riided
3422,2023-10-04 00:00:00,150.11,1,Tartu,pood,naiste_riided
3467,2023-10-04 00:00:00,171.33,1,null,online,meeste_riided
3224,2023-10-05 00:00:00,484.86,2,Pärnu,pood,meeste_riided
3274,2023-10-05 00:00:00,140.64,1,Tartu,pood,laste_riided
3380,2023-10-05 00:00:00,167.23,1,Tartu,pood,laste_riided
3386,2023-10-05 00:00:00,225.36,2,Tallinn,pood,laste_riided
3395,2023-10-05 00:00:00,54.95,1,Tallinn,pood,laste_riided
3438,2023-10-05 00:00:00,603.94,2,Tallinn,pood,naiste_riided
3470,2023-10-05 00:00:00,231.13,1,Tallinn,pood,aksessuaarid
3187,2023-10-06 00:00:00,214.52,2,null,online,aksessuaarid
3219,2023-10-06 00:00:00,84.54,1,Pärnu,pood,jalanõusid
3244,2023-10-06 00:00:00,228.81,1,Tallinn,pood,jalanõusid
3316,2023-10-06 00:00:00,140.64,1,Pärnu,pood,laste_riided
3332,2023-10-06 00:00:00,202.57,1,null,online,naiste_riided
3339,2023-10-06 00:00:00,1621.90,5,null,online,jalanõusid
3357,2023-10-06 00:00:00,191.74,2,Tallinn,pood,laste_riided
3382,2023-10-06 00:00:00,374.54,1,Tartu,pood,meeste_riided
3390,2023-10-06 00:00:00,411.78,2,Tallinn,pood,aksessuaarid
3394,2023-10-06 00:00:00,731.08,4,Tallinn,pood,naiste_riided
3445,2023-10-06 00:00:00,190.78,2,Tallinn,pood,aksessuaarid
3459,2023-10-06 00:00:00,434.08,1,null,online,jalanõusid
3460,2023-10-06 00:00:00,125.10,2,null,online,jalanõusid
3497,2023-10-06 00:00:00,518.46,2,null,online,meeste_riided
3190,2023-10-07 00:00:00,459.10,2,Tartu,pood,naiste_riided
3197,2023-10-07 00:00:00,-541.98,2,Tallinn,pood,meeste_riided
3202,2023-10-07 00:00:00,412.68,2,Tartu,pood,jalanõusid
3231,2023-10-07 00:00:00,72.73,1,Tallinn,pood,naiste_riided
3275,2023-10-07 00:00:00,153.62,1,Tallinn,pood,jalanõusid
3299,2023-10-07 00:00:00,147.58,1,null,online,jalanõusid
3303,2023-10-07 00:00:00,375.34,1,Tartu,pood,jalanõusid
3318,2023-10-07 00:00:00,296.58,1,Tartu,pood,meeste_riided
3328,2023-10-07 00:00:00,413.04,2,null,online,naiste_riided
3338,2023-10-07 00:00:00,222.10,1,Tartu,pood,naiste_riided
3340,2023-10-07 00:00:00,643.64,4,null,online,meeste_riided
3341,2023-10-07 00:00:00,218.84,2,Pärnu,pood,aksessuaarid
3399,2023-10-07 00:00:00,237.71,1,null,online,naiste_riided
3406,2023-10-07 00:00:00,139.74,1,null,online,naiste_riided
3417,2023-10-07 00:00:00,186.26,2,Tallinn,pood,aksessuaarid
3449,2023-10-07 00:00:00,574.00,5,Tallinn,pood,laste_riided
3477,2023-10-07 00:00:00,248.70,2,Tartu,pood,meeste_riided
3193,2023-10-08 00:00:00,755.64,4,Tallinn,pood,aksessuaarid
3235,2023-10-08 00:00:00,311.68,2,Tallinn,pood,aksessuaarid
3262,2023-10-08 00:00:00,254.76,2,Tallinn,pood,meeste_riided
3323,2023-10-08 00:00:00,210.87,1,null,online,meeste_riided
3347,2023-10-08 00:00:00,277.56,4,null,online,jalanõusid
3353,2023-10-08 00:00:00,253.80,1,Tallinn,pood,jalanõusid
3365,2023-10-08 00:00:00,795.60,3,null,online,naiste_riided
3372,2023-10-08 00:00:00,141.05,1,Tallinn,pood,jalanõusid
3416,2023-10-08 00:00:00,459.33,3,Tartu,pood,aksessuaarid
3457,2023-10-08 00:00:00,192.22,2,Tartu,pood,jalanõusid
3484,2023-10-08 00:00:00,202.52,2,Tallinn,pood,laste_riided
3191,2023-10-09 00:00:00,377.82,2,Pärnu,pood,aksessuaarid
3213,2023-10-09 00:00:00,47.36,2,null,online,laste_riided
3239,2023-10-09 00:00:00,396.84,2,null,online,jalanõusid
3263,2023-10-09 00:00:00,272.05,1,Tartu,pood,naiste_riided
3300,2023-10-09 00:00:00,265.20,1,Tallinn,pood,naiste_riided
3311,2023-10-09 00:00:00,495.62,2,Tallinn,pood,meeste_riided
3359,2023-10-09 00:00:00,184.15,1,Tartu,pood,aksessuaarid
3405,2023-10-09 00:00:00,206.34,1,Pärnu,pood,jalanõusid
3412,2023-10-09 00:00:00,615.66,2,Tartu,pood,naiste_riided
3444,2023-10-09 00:00:00,421.52,2,Tallinn,pood,naiste_riided
3214,2023-10-10 00:00:00,574.44,3,Tallinn,pood,aksessuaarid
3226,2023-10-10 00:00:00,180.14,1,Tallinn,pood,naiste_riided
3321,2023-10-10 00:00:00,274.87,1,Tartu,pood,jalanõusid
3377,2023-10-10 00:00:00,257.32,2,Tallinn,pood,jalanõusid
3392,2023-10-10 00:00:00,381.62,2,null,online,jalanõusid
3465,2023-10-10 00:00:00,480.55,5,Pärnu,pood,jalanõusid
3491,2023-10-10 00:00:00,120.59,1,Tallinn,pood,meeste_riided
3222,2023-10-11 00:00:00,288.33,3,Tallinn,pood,jalanõusid
3227,2023-10-11 00:00:00,77.40,2,null,online,laste_riided
3237,2023-10-11 00:00:00,54.81,1,Pärnu,pood,laste_riided
3284,2023-10-11 00:00:00,307.83,1,Tallinn,pood,naiste_riided
3290,2023-10-11 00:00:00,240.34,2,Tallinn,pood,jalanõusid
3305,2023-10-11 00:00:00,307.83,1,Tallinn,pood,naiste_riided
3325,2023-10-11 00:00:00,281.28,2,null,online,laste_riided
3402,2023-10-11 00:00:00,558.86,2,Tartu,pood,meeste_riided
3408,2023-10-11 00:00:00,351.33,1,Tallinn,pood,naiste_riided
3454,2023-10-11 00:00:00,285.14,2,Tartu,pood,meeste_riided
3485,2023-10-11 00:00:00,200.77,1,null,online,naiste_riided
3487,2023-10-11 00:00:00,312.41,1,null,online,meeste_riided
3240,2023-10-12 00:00:00,210.76,1,Tartu,pood,naiste_riided
3308,2023-10-12 00:00:00,144.28,2,Tallinn,pood,laste_riided
3314,2023-10-12 00:00:00,102.20,2,Tallinn,pood,aksessuaarid
3376,2023-10-12 00:00:00,250.17,1,Tallinn,pood,naiste_riided
3384,2023-10-12 00:00:00,106.71,1,Tallinn,pood,aksessuaarid
3423,2023-10-12 00:00:00,1277.68,4,Tallinn,pood,naiste_riided
3435,2023-10-12 00:00:00,219.80,4,Pärnu,pood,laste_riided
3440,2023-10-12 00:00:00,145.50,1,Tartu,pood,jalanõusid
3442,2023-10-12 00:00:00,33.24,2,Tartu,pood,aksessuaarid
3455,2023-10-12 00:00:00,47.07,1,null,online,aksessuaarid
3505,2023-10-12 00:00:00,17.97,1,Tallinn,pood,aksessuaarid
3201,2023-10-13 00:00:00,94.95,3,Pärnu,pood,laste_riided
3206,2023-10-13 00:00:00,258.91,1,Tartu,pood,meeste_riided
3210,2023-10-13 00:00:00,74.70,1,Tartu,pood,jalanõusid
3295,2023-10-13 00:00:00,104.08,2,Tallinn,pood,laste_riided
3345,2023-10-13 00:00:00,302.90,2,null,online,laste_riided
3350,2023-10-13 00:00:00,191.00,2,Tallinn,pood,naiste_riided
3411,2023-10-13 00:00:00,169.90,2,null,online,laste_riided
3448,2023-10-13 00:00:00,437.16,3,null,online,aksessuaarid
3458,2023-10-13 00:00:00,316.04,1,Tallinn,pood,meeste_riided
3481,2023-10-13 00:00:00,84.95,1,Tallinn,pood,laste_riided
3185,2023-10-14 00:00:00,752.66,2,null,online,jalanõusid
3283,2023-10-14 00:00:00,96.11,1,null,online,jalanõusid
3296,2023-10-14 00:00:00,106.71,1,Tallinn,pood,aksessuaarid
3391,2023-10-14 00:00:00,265.05,5,Tallinn,pood,meeste_riided
3428,2023-10-14 00:00:00,53.01,1,Tartu,pood,meeste_riided
3461,2023-10-14 00:00:00,180.14,1,Tartu,pood,naiste_riided
3489,2023-10-14 00:00:00,94.76,2,Tallinn,pood,laste_riided
3205,2023-10-15 00:00:00,307.83,1,Tartu,pood,naiste_riided
3232,2023-10-15 00:00:00,282.95,1,Tallinn,pood,naiste_riided
3255,2023-10-15 00:00:00,53.19,1,Tallinn,pood,laste_riided
3271,2023-10-15 00:00:00,291.36,1,Tallinn,pood,naiste_riided
3307,2023-10-15 00:00:00,224.43,3,Tartu,pood,aksessuaarid
3309,2023-10-15 00:00:00,260.00,4,Tallinn,pood,jalanõusid
3413,2023-10-15 00:00:00,251.04,2,Tallinn,pood,meeste_riided
3433,2023-10-15 00:00:00,958.26,3,Tallinn,pood,naiste_riided
3443,2023-10-15 00:00:00,169.08,2,null,online,jalanõusid
3453,2023-10-15 00:00:00,368.04,2,Tallinn,pood,aksessuaarid
3463,2023-10-15 00:00:00,117.05,1,null,online,aksessuaarid
3464,2023-10-15 00:00:00,256.88,2,Pärnu,pood,laste_riided
3473,2023-10-15 00:00:00,768.10,5,Tallinn,pood,jalanõusid
3204,2023-10-16 00:00:00,251.52,1,null,online,jalanõusid
3212,2023-10-16 00:00:00,779.07,3,Pärnu,pood,meeste_riided
3217,2023-10-16 00:00:00,695.68,2,Tartu,pood,meeste_riided
3228,2023-10-16 00:00:00,140.64,1,Tallinn,pood,laste_riided
3246,2023-10-16 00:00:00,270.99,1,Tartu,pood,meeste_riided
3249,2023-10-16 00:00:00,401.60,4,null,online,laste_riided
3261,2023-10-16 00:00:00,210.87,1,null,online,meeste_riided
3272,2023-10-16 00:00:00,143.42,1,Tartu,pood,meeste_riided
3286,2023-10-16 00:00:00,238.77,3,Tartu,pood,meeste_riided
3337,2023-10-16 00:00:00,181.68,1,Tallinn,pood,aksessuaarid
3351,2023-10-16 00:00:00,105.09,1,null,online,meeste_riided
3362,2023-10-16 00:00:00,538.05,3,Tallinn,pood,naiste_riided
3383,2023-10-16 00:00:00,350.19,1,Tallinn,pood,jalanõusid
3397,2023-10-16 00:00:00,368.04,2,Tallinn,pood,aksessuaarid
3414,2023-10-16 00:00:00,199.14,2,Tartu,pood,laste_riided
3415,2023-10-16 00:00:00,73.18,1,null,online,jalanõusid
3486,2023-10-16 00:00:00,469.98,2,Tallinn,pood,naiste_riided
3207,2023-10-17 00:00:00,30.18,2,Tallinn,pood,aksessuaarid
3208,2023-10-17 00:00:00,408.90,3,Tallinn,pood,laste_riided
3220,2023-10-17 00:00:00,368.30,2,Tallinn,pood,aksessuaarid
3242,2023-10-17 00:00:00,191.74,2,Tallinn,pood,laste_riided
3294,2023-10-17 00:00:00,247.52,1,Tartu,pood,naiste_riided
3310,2023-10-17 00:00:00,201.14,2,Tallinn,pood,laste_riided
3327,2023-10-17 00:00:00,45.40,2,Tartu,pood,laste_riided
3363,2023-10-17 00:00:00,83.23,1,Tartu,pood,naiste_riided
3364,2023-10-17 00:00:00,555.60,4,null,online,meeste_riided
3418,2023-10-17 00:00:00,106.02,2,Tartu,pood,meeste_riided
3430,2023-10-17 00:00:00,35.68,1,null,online,laste_riided
3439,2023-10-17 00:00:00,135.50,2,Tallinn,pood,jalanõusid
3447,2023-10-17 00:00:00,72.58,1,Tartu,pood,laste_riided
3471,2023-10-17 00:00:00,179.35,1,Tartu,pood,naiste_riided
3490,2023-10-17 00:00:00,427.28,4,Tallinn,pood,laste_riided
3502,2023-10-17 00:00:00,426.76,4,null,online,meeste_riided
3250,2023-10-18 00:00:00,1372.50,5,Tartu,pood,meeste_riided
3281,2023-10-18 00:00:00,614.61,3,Tallinn,pood,aksessuaarid
3306,2023-10-18 00:00:00,602.31,3,Tallinn,pood,naiste_riided
3358,2023-10-18 00:00:00,86.80,1,Tallinn,pood,naiste_riided
3456,2023-10-18 00:00:00,50.77,1,null,online,naiste_riided
3483,2023-10-18 00:00:00,272.05,1,Tallinn,pood,naiste_riided
3180,2023-10-19 00:00:00,83.23,1,null,online,naiste_riided
3245,2023-10-19 00:00:00,63.87,1,Tartu,pood,laste_riided
3254,2023-10-19 00:00:00,573.68,4,null,online,meeste_riided
3273,2023-10-19 00:00:00,198.63,3,Tallinn,pood,laste_riided
3276,2023-10-19 00:00:00,63.87,1,Tallinn,pood,laste_riided
3326,2023-10-19 00:00:00,45.40,2,null,online,aksessuaarid
3330,2023-10-19 00:00:00,163.64,1,Tallinn,pood,jalanõusid
3375,2023-10-19 00:00:00,848.85,3,null,online,naiste_riided
3419,2023-10-19 00:00:00,389.14,2,Tallinn,pood,aksessuaarid
3504,2023-10-19 00:00:00,153.11,1,Tallinn,pood,aksessuaarid
3179,2023-10-20 00:00:00,222.10,1,Tallinn,pood,naiste_riided
3230,2023-10-20 00:00:00,484.86,2,null,online,meeste_riided
3248,2023-10-20 00:00:00,1354.95,5,Tallinn,pood,meeste_riided
3257,2023-10-20 00:00:00,54.81,1,Pärnu,pood,laste_riided
3322,2023-10-20 00:00:00,545.04,3,null,online,aksessuaarid
3369,2023-10-20 00:00:00,1782.85,5,null,online,meeste_riided
3398,2023-10-20 00:00:00,81.48,1,Tallinn,pood,jalanõusid
3409,2023-10-20 00:00:00,312.36,4,null,online,naiste_riided
3429,2023-10-20 00:00:00,442.80,4,Tallinn,pood,laste_riided
3431,2023-10-20 00:00:00,151.08,1,Tallinn,pood,meeste_riided
3472,2023-10-20 00:00:00,22.04,1,null,online,aksessuaarid
3194,2023-10-21 00:00:00,163.53,1,Tartu,pood,meeste_riided
3258,2023-10-21 00:00:00,307.83,1,Tallinn,pood,naiste_riided
3393,2023-10-21 00:00:00,190.81,1,Tallinn,pood,jalanõusid
3424,2023-10-21 00:00:00,247.64,2,Tallinn,pood,meeste_riided
3425,2023-10-21 00:00:00,88.44,3,null,online,aksessuaarid
3434,2023-10-21 00:00:00,77.40,2,Tartu,pood,laste_riided
3479,2023-10-21 00:00:00,155.84,1,Tallinn,pood,aksessuaarid
3488,2023-10-21 00:00:00,504.66,2,Tallinn,pood,naiste_riided
3494,2023-10-21 00:00:00,104.27,1,Tallinn,pood,laste_riided
3182,2023-10-22 00:00:00,727.50,5,Pärnu,pood,jalanõusid
3211,2023-10-22 00:00:00,437.98,2,null,online,naiste_riided
3252,2023-10-22 00:00:00,309.42,2,Tallinn,pood,meeste_riided
3289,2023-10-22 00:00:00,153.11,1,Tartu,pood,aksessuaarid
3298,2023-10-22 00:00:00,120.74,2,Tallinn,pood,naiste_riided
3482,2023-10-22 00:00:00,199.80,1,null,online,aksessuaarid
3203,2023-10-23 00:00:00,41.63,1,null,online,naiste_riided
3238,2023-10-23 00:00:00,502.85,5,Tartu,pood,laste_riided
3241,2023-10-23 00:00:00,312.41,1,Tallinn,pood,meeste_riided
3265,2023-10-23 00:00:00,125.52,1,Pärnu,pood,meeste_riided
3277,2023-10-23 00:00:00,22.70,1,Tallinn,pood,aksessuaarid
3343,2023-10-23 00:00:00,218.42,1,Tallinn,pood,meeste_riided
3373,2023-10-23 00:00:00,611.01,3,null,online,meeste_riided
3388,2023-10-23 00:00:00,377.82,2,Tartu,pood,aksessuaarid
3403,2023-10-23 00:00:00,141.05,1,Pärnu,pood,jalanõusid
3410,2023-10-23 00:00:00,274.50,1,Tartu,pood,meeste_riided
3436,2023-10-23 00:00:00,302.90,2,Tallinn,pood,laste_riided
3437,2023-10-23 00:00:00,53.01,1,Tartu,pood,meeste_riided
3466,2023-10-23 00:00:00,225.28,1,Pärnu,pood,aksessuaarid
3192,2023-10-24 00:00:00,1040.10,3,Tallinn,pood,naiste_riided
3200,2023-10-24 00:00:00,1017.63,3,Tallinn,pood,jalanõusid
3223,2023-10-24 00:00:00,272.05,1,null,online,naiste_riided
3233,2023-10-24 00:00:00,184.15,1,null,online,aksessuaarid
3266,2023-10-24 00:00:00,82.15,1,Tallinn,pood,meeste_riided
3288,2023-10-24 00:00:00,192.22,2,null,online,jalanõusid
3297,2023-10-24 00:00:00,307.83,1,Tallinn,pood,naiste_riided
3317,2023-10-24 00:00:00,169.95,1,null,online,aksessuaarid
3387,2023-10-24 00:00:00,237.71,1,Pärnu,pood,naiste_riided
3420,2023-10-24 00:00:00,228.81,1,Pärnu,pood,jalanõusid
3199,2023-10-25 00:00:00,274.05,5,Tallinn,pood,laste_riided
3225,2023-10-25 00:00:00,74.41,1,null,online,jalanõusid
3279,2023-10-25 00:00:00,63.62,1,Tallinn,pood,jalanõusid
3312,2023-10-25 00:00:00,351.33,1,Tallinn,pood,naiste_riided
3333,2023-10-25 00:00:00,351.33,1,null,online,naiste_riided
3361,2023-10-25 00:00:00,803.08,4,Tallinn,pood,naiste_riided
3367,2023-10-25 00:00:00,86.46,1,Tallinn,pood,laste_riided
3385,2023-10-25 00:00:00,-112.68,1,null,online,laste_riided
3432,2023-10-25 00:00:00,1015.29,3,Tallinn,pood,meeste_riided
3480,2023-10-25 00:00:00,351.15,3,Tallinn,pood,aksessuaarid
3492,2023-10-25 00:00:00,148.82,2,Tallinn,pood,jalanõusid
3503,2023-10-25 00:00:00,203.67,1,null,online,meeste_riided
3189,2023-10-26 00:00:00,218.54,1,null,online,jalanõusid
3209,2023-10-26 00:00:00,94.25,1,Tartu,pood,laste_riided
3221,2023-10-26 00:00:00,436.84,2,Tartu,pood,meeste_riided
3287,2023-10-26 00:00:00,95.39,1,null,online,aksessuaarid
3292,2023-10-26 00:00:00,53.99,1,Pärnu,pood,laste_riided
3329,2023-10-26 00:00:00,38.70,1,Tallinn,pood,laste_riided
3234,2023-10-27 00:00:00,77.60,1,Tartu,pood,meeste_riided
3247,2023-10-27 00:00:00,824.34,3,null,online,meeste_riided
3253,2023-10-27 00:00:00,149.55,1,Tallinn,pood,aksessuaarid
3315,2023-10-27 00:00:00,550.20,3,null,online,aksessuaarid
3368,2023-10-27 00:00:00,615.66,2,null,online,naiste_riided
3371,2023-10-27 00:00:00,451.62,2,null,online,naiste_riided
3379,2023-10-27 00:00:00,99.57,1,null,online,laste_riided
3451,2023-10-27 00:00:00,29.48,1,Tallinn,pood,aksessuaarid
3229,2023-10-28 00:00:00,93.13,1,Tallinn,pood,aksessuaarid
3259,2023-10-28 00:00:00,166.27,1,Tallinn,pood,naiste_riided
3264,2023-10-28 00:00:00,114.94,1,Tartu,pood,meeste_riided
3302,2023-10-28 00:00:00,17.97,1,Tallinn,pood,aksessuaarid
3396,2023-10-28 00:00:00,257.32,2,Tartu,pood,jalanõusid
3404,2023-10-28 00:00:00,94.25,1,null,online,laste_riided
3421,2023-10-28 00:00:00,232.61,1,Pärnu,pood,jalanõusid
3426,2023-10-28 00:00:00,438.76,2,Pärnu,pood,aksessuaarid
3493,2023-10-28 00:00:00,-138.78,2,Pärnu,pood,jalanõusid
3500,2023-10-28 00:00:00,107.67,1,Tartu,pood,meeste_riided
3501,2023-10-28 00:00:00,138.90,1,Tallinn,pood,meeste_riided
3236,2023-10-29 00:00:00,406.78,2,null,online,aksessuaarid
3334,2023-10-29 00:00:00,273.06,1,null,online,jalanõusid
3348,2023-10-29 00:00:00,259.69,1,Tartu,pood,meeste_riided
3360,2023-10-29 00:00:00,324.38,1,Tartu,pood,jalanõusid
3389,2023-10-29 00:00:00,126.60,4,null,online,laste_riided
3335,2023-10-30 00:00:00,274.50,1,Tartu,pood,meeste_riided
3354,2023-10-30 00:00:00,541.98,2,null,online,meeste_riided
3370,2023-10-30 00:00:00,648.76,2,Tallinn,pood,jalanõusid
3381,2023-10-30 00:00:00,155.56,2,null,online,laste_riided
3452,2023-10-30 00:00:00,160.78,2,Pärnu,pood,laste_riided
3469,2023-10-30 00:00:00,82.15,1,null,online,meeste_riided
3478,2023-10-30 00:00:00,82.15,1,Pärnu,pood,meeste_riided
3496,2023-10-30 00:00:00,203.40,4,Tartu,pood,aksessuaarid
3251,2023-10-31 00:00:00,242.43,1,Tartu,pood,meeste_riided
3270,2023-10-31 00:00:00,1095.95,5,null,online,naiste_riided
3282,2023-10-31 00:00:00,155.45,1,Tartu,pood,aksessuaarid
3304,2023-10-31 00:00:00,29.42,1,null,online,aksessuaarid
3313,2023-10-31 00:00:00,542.70,2,Tallinn,pood,jalanõusid
3320,2023-10-31 00:00:00,221.89,1,null,online,naiste_riided
3324,2023-10-31 00:00:00,336.68,2,Tallinn,pood,naiste_riided
3352,2023-10-31 00:00:00,195.00,3,Tallinn,pood,jalanõusid
3355,2023-10-31 00:00:00,197.36,2,Tartu,pood,laste_riided
3374,2023-10-31 00:00:00,213.42,2,Tartu,pood,aksessuaarid
3407,2023-10-31 00:00:00,-47.07,1,Tallinn,pood,aksessuaarid
3427,2023-10-31 00:00:00,122.07,1,Tallinn,pood,aksessuaarid
3450,2023-10-31 00:00:00,371.79,1,Tallinn,pood,jalanõusid
3475,2023-10-31 00:00:00,1056.75,5,null,online,naiste_riided
3476,2023-10-31 00:00:00,498.81,3,Tartu,pood,naiste_riided
3538,2023-11-01 00:00:00,495.62,2,Tartu,pood,meeste_riided
3541,2023-11-01 00:00:00,301.97,1,null,online,naiste_riided
3550,2023-11-01 00:00:00,52.04,1,Tallinn,pood,laste_riided
3588,2023-11-01 00:00:00,135.50,2,null,online,jalanõusid
3605,2023-11-01 00:00:00,114.94,1,Pärnu,pood,meeste_riided
3652,2023-11-01 00:00:00,360.28,2,Tartu,pood,naiste_riided
3686,2023-11-01 00:00:00,364.88,4,Tallinn,pood,meeste_riided
3709,2023-11-01 00:00:00,291.72,1,Tallinn,pood,jalanõusid
3714,2023-11-01 00:00:00,346.70,1,Tartu,pood,naiste_riided
3797,2023-11-01 00:00:00,79.59,1,Pärnu,pood,meeste_riided
3543,2023-11-02 00:00:00,521.44,4,Tallinn,pood,naiste_riided
3562,2023-11-02 00:00:00,62.55,1,Pärnu,pood,jalanõusid
3570,2023-11-02 00:00:00,1124.76,4,Tallinn,pood,meeste_riided
3590,2023-11-02 00:00:00,301.85,5,Tallinn,pood,naiste_riided
3753,2023-11-02 00:00:00,217.80,3,null,online,laste_riided
3768,2023-11-02 00:00:00,-344.40,3,null,online,laste_riided
3528,2023-11-03 00:00:00,241.18,2,Tartu,pood,meeste_riided
3535,2023-11-03 00:00:00,274.37,1,Tallinn,pood,naiste_riided
3540,2023-11-03 00:00:00,1099.15,5,Tallinn,pood,aksessuaarid
3555,2023-11-03 00:00:00,106.21,1,Tartu,pood,laste_riided
3609,2023-11-03 00:00:00,221.06,2,null,online,meeste_riided
3629,2023-11-03 00:00:00,276.26,2,Tartu,pood,laste_riided
3631,2023-11-03 00:00:00,225.81,1,null,online,naiste_riided
3644,2023-11-03 00:00:00,1662.75,5,Tallinn,pood,meeste_riided
3654,2023-11-03 00:00:00,237.71,1,Tallinn,pood,naiste_riided
3663,2023-11-03 00:00:00,694.32,2,Tartu,pood,meeste_riided
3759,2023-11-03 00:00:00,539.70,2,Tallinn,pood,meeste_riided
3794,2023-11-03 00:00:00,406.78,2,null,online,aksessuaarid
3798,2023-11-03 00:00:00,1105.95,5,Tallinn,pood,jalanõusid
3513,2023-11-04 00:00:00,254.76,2,null,online,meeste_riided
3600,2023-11-04 00:00:00,186.26,2,Pärnu,pood,aksessuaarid
3608,2023-11-04 00:00:00,305.72,1,null,online,jalanõusid
3610,2023-11-04 00:00:00,154.74,3,Tallinn,pood,laste_riided
3626,2023-11-04 00:00:00,271.98,2,Tallinn,pood,naiste_riided
3651,2023-11-04 00:00:00,135.50,2,null,online,jalanõusid
3657,2023-11-04 00:00:00,106.38,2,Tallinn,pood,laste_riided
3676,2023-11-04 00:00:00,291.44,2,Tallinn,pood,aksessuaarid
3687,2023-11-04 00:00:00,184.07,1,Pärnu,pood,meeste_riided
3701,2023-11-04 00:00:00,256.88,2,null,online,laste_riided
3707,2023-11-04 00:00:00,168.82,2,Pärnu,pood,jalanõusid
3728,2023-11-04 00:00:00,32.93,1,Tallinn,pood,naiste_riided
3729,2023-11-04 00:00:00,255.80,4,null,online,jalanõusid
3735,2023-11-04 00:00:00,402.62,1,Tartu,pood,jalanõusid
3754,2023-11-04 00:00:00,721.00,5,Pärnu,pood,meeste_riided
3771,2023-11-04 00:00:00,197.36,2,Pärnu,pood,laste_riided
3787,2023-11-04 00:00:00,668.92,4,Tartu,pood,laste_riided
3816,2023-11-04 00:00:00,279.43,1,Tallinn,pood,meeste_riided
3817,2023-11-04 00:00:00,32.93,1,null,online,naiste_riided
3546,2023-11-05 00:00:00,208.54,2,Tallinn,pood,laste_riided
3573,2023-11-05 00:00:00,218.99,1,Tallinn,pood,naiste_riided
3597,2023-11-05 00:00:00,799.20,4,null,online,aksessuaarid
3623,2023-11-05 00:00:00,350.61,3,Tallinn,pood,jalanõusid
3655,2023-11-05 00:00:00,312.41,1,Tallinn,pood,meeste_riided
3712,2023-11-05 00:00:00,77.78,1,Tallinn,pood,laste_riided
3745,2023-11-05 00:00:00,32.74,2,Tallinn,pood,aksessuaarid
3810,2023-11-05 00:00:00,74.70,1,null,online,jalanõusid
3508,2023-11-06 00:00:00,259.38,3,Tallinn,pood,laste_riided
3520,2023-11-06 00:00:00,269.88,2,null,online,aksessuaarid
3530,2023-11-06 00:00:00,219.19,1,Tartu,pood,naiste_riided
3628,2023-11-06 00:00:00,468.20,4,null,online,aksessuaarid
3691,2023-11-06 00:00:00,139.74,1,Tartu,pood,naiste_riided
3737,2023-11-06 00:00:00,307.24,2,Tallinn,pood,jalanõusid
3761,2023-11-06 00:00:00,639.96,2,Pärnu,pood,jalanõusid
3777,2023-11-06 00:00:00,1054.86,3,Tartu,pood,meeste_riided
3789,2023-11-06 00:00:00,243.93,1,Tallinn,pood,meeste_riided
3804,2023-11-06 00:00:00,65.00,1,Tallinn,pood,jalanõusid
3558,2023-11-07 00:00:00,205.89,1,Tallinn,pood,aksessuaarid
3579,2023-11-07 00:00:00,194.46,1,null,online,naiste_riided
3635,2023-11-07 00:00:00,-60.80,1,null,online,laste_riided
3696,2023-11-07 00:00:00,101.70,2,null,online,aksessuaarid
3708,2023-11-07 00:00:00,414.46,2,Tallinn,pood,jalanõusid
3727,2023-11-07 00:00:00,242.43,1,Tartu,pood,meeste_riided
3730,2023-11-07 00:00:00,321.82,2,null,online,meeste_riided
3762,2023-11-07 00:00:00,221.42,1,Tallinn,pood,jalanõusid
3765,2023-11-07 00:00:00,110.53,1,Tallinn,pood,meeste_riided
3792,2023-11-07 00:00:00,196.91,1,Pärnu,pood,meeste_riided
3796,2023-11-07 00:00:00,624.52,4,Tallinn,pood,aksessuaarid
3806,2023-11-07 00:00:00,54.81,1,null,online,laste_riided
3534,2023-11-08 00:00:00,152.85,1,null,online,laste_riided
3559,2023-11-08 00:00:00,351.62,1,Tartu,pood,meeste_riided
3587,2023-11-08 00:00:00,672.90,5,null,online,meeste_riided
3624,2023-11-08 00:00:00,139.74,1,null,online,naiste_riided
3640,2023-11-08 00:00:00,388.92,2,Tallinn,pood,naiste_riided
3717,2023-11-08 00:00:00,116.87,1,null,online,jalanõusid
3731,2023-11-08 00:00:00,147.58,1,null,online,jalanõusid
3752,2023-11-08 00:00:00,122.07,1,Pärnu,pood,aksessuaarid
3811,2023-11-08 00:00:00,592.80,2,null,online,naiste_riided
3814,2023-11-08 00:00:00,73.90,1,null,online,laste_riided
3825,2023-11-08 00:00:00,655.26,3,Tallinn,pood,meeste_riided
3512,2023-11-09 00:00:00,127.90,2,Tallinn,pood,jalanõusid
3561,2023-11-09 00:00:00,63.30,2,Tallinn,pood,laste_riided
3594,2023-11-09 00:00:00,152.85,1,Tallinn,pood,laste_riided
3596,2023-11-09 00:00:00,145.20,2,Pärnu,pood,laste_riided
3619,2023-11-09 00:00:00,160.91,1,Tallinn,pood,meeste_riided
3643,2023-11-09 00:00:00,194.57,1,Tartu,pood,aksessuaarid
3650,2023-11-09 00:00:00,327.06,2,Tartu,pood,meeste_riided
3669,2023-11-09 00:00:00,676.86,2,Tallinn,pood,meeste_riided
3671,2023-11-09 00:00:00,116.20,1,Tallinn,pood,meeste_riided
3704,2023-11-09 00:00:00,223.23,3,Tartu,pood,jalanõusid
3785,2023-11-09 00:00:00,16.37,1,null,online,aksessuaarid
3818,2023-11-09 00:00:00,549.74,2,Tartu,pood,jalanõusid
3819,2023-11-09 00:00:00,1113.15,3,null,online,jalanõusid
3511,2023-11-10 00:00:00,168.82,2,null,online,jalanõusid
3598,2023-11-10 00:00:00,159.25,1,null,online,meeste_riided
3611,2023-11-10 00:00:00,549.00,2,Tallinn,pood,meeste_riided
3614,2023-11-10 00:00:00,221.42,1,null,online,jalanõusid
3618,2023-11-10 00:00:00,274.66,2,null,online,meeste_riided
3627,2023-11-10 00:00:00,172.28,2,Tallinn,pood,laste_riided
3646,2023-11-10 00:00:00,41.79,1,Tallinn,pood,laste_riided
3656,2023-11-10 00:00:00,437.08,2,Tallinn,pood,jalanõusid
3690,2023-11-10 00:00:00,277.80,2,Tallinn,pood,meeste_riided
3692,2023-11-10 00:00:00,457.62,2,Tallinn,pood,jalanõusid
3693,2023-11-10 00:00:00,186.77,1,Tallinn,pood,aksessuaarid
3715,2023-11-10 00:00:00,491.18,2,Pärnu,pood,naiste_riided
3726,2023-11-10 00:00:00,252.10,1,Pärnu,pood,jalanõusid
3743,2023-11-10 00:00:00,1406.48,4,Tartu,pood,meeste_riided
3545,2023-11-11 00:00:00,53.99,1,null,online,laste_riided
3549,2023-11-11 00:00:00,286.84,2,null,online,meeste_riided
3572,2023-11-11 00:00:00,246.97,1,null,online,meeste_riided
3584,2023-11-11 00:00:00,45.21,1,null,online,aksessuaarid
3592,2023-11-11 00:00:00,181.68,1,Tallinn,pood,aksessuaarid
3602,2023-11-11 00:00:00,134.94,1,Tallinn,pood,aksessuaarid
3606,2023-11-11 00:00:00,252.33,1,Tallinn,pood,naiste_riided
3660,2023-11-11 00:00:00,78.09,1,null,online,naiste_riided
3662,2023-11-11 00:00:00,550.20,3,Tallinn,pood,aksessuaarid
3673,2023-11-11 00:00:00,743.58,2,null,online,jalanõusid
3688,2023-11-11 00:00:00,263.13,1,Tallinn,pood,naiste_riided
3720,2023-11-11 00:00:00,564.58,2,Tartu,pood,jalanõusid
3721,2023-11-11 00:00:00,62.56,1,null,online,aksessuaarid
3734,2023-11-11 00:00:00,259.38,3,null,online,laste_riided
3507,2023-11-12 00:00:00,53.58,2,null,online,aksessuaarid
3523,2023-11-12 00:00:00,695.68,2,Tallinn,pood,meeste_riided
3529,2023-11-12 00:00:00,-368.67,1,Tartu,pood,jalanõusid
3564,2023-11-12 00:00:00,221.89,1,Tallinn,pood,naiste_riided
3580,2023-11-12 00:00:00,144.36,1,Tartu,pood,aksessuaarid
3659,2023-11-12 00:00:00,-167.23,1,Tartu,pood,laste_riided
3668,2023-11-12 00:00:00,269.85,1,Tallinn,pood,meeste_riided
3672,2023-11-12 00:00:00,1373.90,5,null,online,meeste_riided
3795,2023-11-12 00:00:00,54.95,1,null,online,laste_riided
3800,2023-11-12 00:00:00,948.12,3,Tallinn,pood,meeste_riided
3827,2023-11-12 00:00:00,147.16,1,null,online,aksessuaarid
3514,2023-11-13 00:00:00,191.85,3,Tallinn,pood,jalanõusid
3516,2023-11-13 00:00:00,49.34,2,Tartu,pood,laste_riided
3557,2023-11-13 00:00:00,604.32,4,Tartu,pood,meeste_riided
3563,2023-11-13 00:00:00,130.00,2,Tartu,pood,jalanõusid
3575,2023-11-13 00:00:00,208.83,1,Tartu,pood,naiste_riided
3622,2023-11-13 00:00:00,160.91,1,null,online,meeste_riided
3666,2023-11-13 00:00:00,72.58,1,null,online,laste_riided
3689,2023-11-13 00:00:00,286.17,3,Pärnu,pood,aksessuaarid
3694,2023-11-13 00:00:00,130.02,1,Tallinn,pood,laste_riided
3697,2023-11-13 00:00:00,125.52,1,Tallinn,pood,meeste_riided
3736,2023-11-13 00:00:00,459.10,2,null,online,naiste_riided
3741,2023-11-13 00:00:00,150.11,1,Tartu,pood,naiste_riided
3746,2023-11-13 00:00:00,132.42,2,Tartu,pood,laste_riided
3747,2023-11-13 00:00:00,392.19,3,Pärnu,pood,laste_riided
3748,2023-11-13 00:00:00,291.72,1,null,online,jalanõusid
3781,2023-11-13 00:00:00,247.64,2,Tallinn,pood,meeste_riided
3807,2023-11-13 00:00:00,130.00,2,Tallinn,pood,jalanõusid
3813,2023-11-13 00:00:00,665.10,2,Tallinn,pood,meeste_riided
3522,2023-11-14 00:00:00,166.20,2,Tallinn,pood,meeste_riided
3599,2023-11-14 00:00:00,875.16,3,null,online,jalanõusid
3632,2023-11-14 00:00:00,182.77,1,Tartu,pood,naiste_riided
3645,2023-11-14 00:00:00,277.80,2,Tallinn,pood,meeste_riided
3732,2023-11-14 00:00:00,549.00,2,Tallinn,pood,meeste_riided
3744,2023-11-14 00:00:00,307.27,1,null,online,jalanõusid
3822,2023-11-14 00:00:00,157.49,1,Tallinn,pood,jalanõusid
3560,2023-11-15 00:00:00,222.52,2,Tartu,pood,naiste_riided
3630,2023-11-15 00:00:00,86.46,1,Tallinn,pood,laste_riided
3647,2023-11-15 00:00:00,848.85,3,Pärnu,pood,naiste_riided
3667,2023-11-15 00:00:00,448.41,3,Tallinn,pood,aksessuaarid
3680,2023-11-15 00:00:00,259.38,3,Tallinn,pood,laste_riided
3681,2023-11-15 00:00:00,110.70,1,Tartu,pood,laste_riided
3684,2023-11-15 00:00:00,-125.98,1,Tartu,pood,naiste_riided
3755,2023-11-15 00:00:00,332.54,2,Tallinn,pood,naiste_riided
3772,2023-11-15 00:00:00,243.96,2,Pärnu,pood,aksessuaarid
3517,2023-11-16 00:00:00,149.55,1,Tartu,pood,aksessuaarid
3581,2023-11-16 00:00:00,100.57,1,Tartu,pood,laste_riided
3593,2023-11-16 00:00:00,253.80,1,null,online,jalanõusid
3616,2023-11-16 00:00:00,542.70,2,null,online,jalanõusid
3661,2023-11-16 00:00:00,513.99,3,Tallinn,pood,meeste_riided
3670,2023-11-16 00:00:00,16.37,1,Tartu,pood,aksessuaarid
3698,2023-11-16 00:00:00,273.06,1,Tallinn,pood,jalanõusid
3699,2023-11-16 00:00:00,1088.20,4,null,online,naiste_riided
3703,2023-11-16 00:00:00,257.39,1,Tallinn,pood,naiste_riided
3713,2023-11-16 00:00:00,271.35,1,null,online,jalanõusid
3784,2023-11-16 00:00:00,269.85,1,Tallinn,pood,meeste_riided
3799,2023-11-16 00:00:00,168.82,1,Tartu,pood,laste_riided
3542,2023-11-17 00:00:00,368.67,1,null,online,jalanõusid
3554,2023-11-17 00:00:00,135.63,3,null,online,aksessuaarid
3571,2023-11-17 00:00:00,234.79,1,null,online,meeste_riided
3586,2023-11-17 00:00:00,657.57,3,Tartu,pood,naiste_riided
3620,2023-11-17 00:00:00,306.80,4,Tartu,pood,naiste_riided
3621,2023-11-17 00:00:00,105.23,1,Pärnu,pood,laste_riided
3675,2023-11-17 00:00:00,583.44,2,null,online,jalanõusid
3679,2023-11-17 00:00:00,229.01,1,Tallinn,pood,meeste_riided
3682,2023-11-17 00:00:00,206.52,1,Tartu,pood,naiste_riided
3724,2023-11-17 00:00:00,201.14,2,Tartu,pood,laste_riided
3509,2023-11-18 00:00:00,47.88,1,Tallinn,pood,aksessuaarid
3524,2023-11-18 00:00:00,29.48,1,Pärnu,pood,aksessuaarid
3677,2023-11-18 00:00:00,256.74,2,null,online,laste_riided
3718,2023-11-18 00:00:00,597.88,4,Pärnu,pood,aksessuaarid
3722,2023-11-18 00:00:00,211.35,1,Tartu,pood,naiste_riided
3725,2023-11-18 00:00:00,270.69,1,Pärnu,pood,jalanõusid
3758,2023-11-18 00:00:00,60.37,1,null,online,naiste_riided
3763,2023-11-18 00:00:00,139.74,1,Tallinn,pood,naiste_riided
3793,2023-11-18 00:00:00,79.59,1,Tallinn,pood,meeste_riided
3808,2023-11-18 00:00:00,539.70,2,Pärnu,pood,meeste_riided
3812,2023-11-18 00:00:00,270.99,1,Tartu,pood,meeste_riided
3518,2023-11-19 00:00:00,83.10,1,Tallinn,pood,meeste_riided
3519,2023-11-19 00:00:00,35.68,1,Tallinn,pood,laste_riided
3525,2023-11-19 00:00:00,365.54,2,null,online,naiste_riided
3553,2023-11-19 00:00:00,149.55,1,null,online,aksessuaarid
3566,2023-11-19 00:00:00,160.78,2,null,online,laste_riided
3569,2023-11-19 00:00:00,560.31,3,Tallinn,pood,aksessuaarid
3591,2023-11-19 00:00:00,218.54,1,Tallinn,pood,jalanõusid
3604,2023-11-19 00:00:00,933.85,5,Tallinn,pood,aksessuaarid
3625,2023-11-19 00:00:00,116.87,1,Tartu,pood,jalanõusid
3649,2023-11-19 00:00:00,583.71,3,null,online,aksessuaarid
3706,2023-11-19 00:00:00,16.37,1,Tartu,pood,aksessuaarid
3719,2023-11-19 00:00:00,35.94,2,Tallinn,pood,aksessuaarid
3774,2023-11-19 00:00:00,360.51,3,null,online,jalanõusid
3788,2023-11-19 00:00:00,116.98,2,Tartu,pood,jalanõusid
3809,2023-11-19 00:00:00,246.97,1,Tallinn,pood,meeste_riided
3828,2023-11-19 00:00:00,450.72,4,Tallinn,pood,laste_riided
3833,2023-11-19 00:00:00,127.74,2,Tallinn,pood,laste_riided
3506,2023-11-20 00:00:00,659.98,2,null,online,jalanõusid
3568,2023-11-20 00:00:00,924.52,4,Pärnu,pood,aksessuaarid
3636,2023-11-20 00:00:00,442.84,2,Tallinn,pood,jalanõusid
3637,2023-11-20 00:00:00,482.26,2,Pärnu,pood,jalanõusid
3641,2023-11-20 00:00:00,434.00,5,Tartu,pood,naiste_riided
3664,2023-11-20 00:00:00,458.02,2,Tallinn,pood,meeste_riided
3773,2023-11-20 00:00:00,116.87,1,null,online,jalanõusid
3782,2023-11-20 00:00:00,441.48,3,Tallinn,pood,aksessuaarid
3831,2023-11-20 00:00:00,140.02,2,null,online,meeste_riided
3832,2023-11-20 00:00:00,47.38,1,null,online,laste_riided
3612,2023-11-21 00:00:00,152.13,1,Tartu,pood,meeste_riided
3633,2023-11-21 00:00:00,553.94,2,Tallinn,pood,jalanõusid
3705,2023-11-21 00:00:00,584.35,5,Tartu,pood,jalanõusid
3742,2023-11-21 00:00:00,301.97,1,null,online,naiste_riided
3750,2023-11-21 00:00:00,227.72,2,null,online,aksessuaarid
3764,2023-11-21 00:00:00,130.02,1,Tallinn,pood,laste_riided
3775,2023-11-21 00:00:00,210.46,2,null,online,laste_riided
3815,2023-11-21 00:00:00,147.92,1,Tallinn,pood,laste_riided
3826,2023-11-21 00:00:00,186.77,1,null,online,aksessuaarid
3544,2023-11-22 00:00:00,-356.57,1,Tallinn,pood,meeste_riided
3638,2023-11-22 00:00:00,291.72,1,Tallinn,pood,jalanõusid
3639,2023-11-22 00:00:00,34.04,1,Tallinn,pood,laste_riided
3683,2023-11-22 00:00:00,438.38,2,null,online,naiste_riided
3738,2023-11-22 00:00:00,530.40,2,Tallinn,pood,naiste_riided
3783,2023-11-22 00:00:00,824.61,3,null,online,jalanõusid
3802,2023-11-22 00:00:00,311.68,2,Tartu,pood,aksessuaarid
3805,2023-11-22 00:00:00,2013.10,5,Tartu,pood,jalanõusid
3531,2023-11-23 00:00:00,307.27,1,null,online,jalanõusid
3548,2023-11-23 00:00:00,31.65,1,Pärnu,pood,laste_riided
3556,2023-11-23 00:00:00,341.58,3,Tartu,pood,aksessuaarid
3577,2023-11-23 00:00:00,408.90,3,Tartu,pood,laste_riided
3601,2023-11-23 00:00:00,252.84,2,Pärnu,pood,meeste_riided
3603,2023-11-23 00:00:00,665.10,2,null,online,meeste_riided
3607,2023-11-23 00:00:00,38.70,1,Tallinn,pood,laste_riided
3770,2023-11-23 00:00:00,234.10,2,null,online,aksessuaarid
3790,2023-11-23 00:00:00,244.44,3,null,online,jalanõusid
3821,2023-11-23 00:00:00,133.76,2,null,online,aksessuaarid
3510,2023-11-24 00:00:00,74.81,1,null,online,aksessuaarid
3521,2023-11-24 00:00:00,391.08,3,Tallinn,pood,naiste_riided
3648,2023-11-24 00:00:00,194.57,1,null,online,aksessuaarid
3653,2023-11-24 00:00:00,296.40,1,null,online,naiste_riided
3658,2023-11-24 00:00:00,382.96,2,null,online,aksessuaarid
3757,2023-11-24 00:00:00,244.14,2,Tallinn,pood,aksessuaarid
3801,2023-11-24 00:00:00,624.33,3,Tartu,pood,meeste_riided
3829,2023-11-24 00:00:00,377.00,4,null,online,laste_riided
3537,2023-11-25 00:00:00,169.90,2,null,online,laste_riided
3576,2023-11-25 00:00:00,615.66,2,Tallinn,pood,naiste_riided
3613,2023-11-25 00:00:00,437.08,2,Tallinn,pood,jalanõusid
3634,2023-11-25 00:00:00,1756.65,5,null,online,naiste_riided
3674,2023-11-25 00:00:00,221.42,1,null,online,jalanõusid
3766,2023-11-25 00:00:00,106.69,1,Pärnu,pood,meeste_riided
3779,2023-11-25 00:00:00,323.01,3,Tallinn,pood,meeste_riided
3786,2023-11-25 00:00:00,221.19,1,Tallinn,pood,jalanõusid
3820,2023-11-25 00:00:00,116.98,2,Tallinn,pood,jalanõusid
3823,2023-11-25 00:00:00,560.26,2,Pärnu,pood,jalanõusid
3526,2023-11-26 00:00:00,149.47,1,Tallinn,pood,aksessuaarid
3716,2023-11-26 00:00:00,184.15,1,null,online,aksessuaarid
3723,2023-11-26 00:00:00,450.72,4,Tallinn,pood,laste_riided
3760,2023-11-26 00:00:00,253.80,1,Tallinn,pood,jalanõusid
3776,2023-11-26 00:00:00,280.13,1,null,online,jalanõusid
3778,2023-11-26 00:00:00,799.20,4,Pärnu,pood,aksessuaarid
3824,2023-11-26 00:00:00,141.05,1,null,online,jalanõusid
3527,2023-11-27 00:00:00,78.09,1,Tallinn,pood,naiste_riided
3539,2023-11-27 00:00:00,110.70,1,null,online,laste_riided
3551,2023-11-27 00:00:00,218.19,3,null,online,naiste_riided
3578,2023-11-27 00:00:00,351.62,1,Tartu,pood,meeste_riided
3583,2023-11-27 00:00:00,144.20,1,Tallinn,pood,meeste_riided
3617,2023-11-27 00:00:00,83.10,1,Tallinn,pood,meeste_riided
3642,2023-11-27 00:00:00,533.55,5,Tartu,pood,aksessuaarid
3678,2023-11-27 00:00:00,-140.02,2,null,online,meeste_riided
3700,2023-11-27 00:00:00,106.69,1,Tartu,pood,meeste_riided
3710,2023-11-27 00:00:00,122.45,1,null,online,naiste_riided
3711,2023-11-27 00:00:00,234.79,1,null,online,meeste_riided
3749,2023-11-27 00:00:00,339.21,1,null,online,jalanõusid
3751,2023-11-27 00:00:00,131.20,2,Tartu,pood,aksessuaarid
3756,2023-11-27 00:00:00,110.08,2,null,online,laste_riided
3780,2023-11-27 00:00:00,172.28,2,null,online,laste_riided
3803,2023-11-27 00:00:00,117.05,1,null,online,aksessuaarid
3536,2023-11-28 00:00:00,329.99,1,Pärnu,pood,jalanõusid
3547,2023-11-28 00:00:00,54.95,1,Tallinn,pood,laste_riided
3552,2023-11-28 00:00:00,101.70,2,null,online,aksessuaarid
3582,2023-11-28 00:00:00,183.31,1,Tallinn,pood,aksessuaarid
3585,2023-11-28 00:00:00,58.49,1,Pärnu,pood,jalanõusid
3589,2023-11-28 00:00:00,611.44,2,Tallinn,pood,jalanõusid
3665,2023-11-28 00:00:00,440.40,5,Tallinn,pood,laste_riided
3702,2023-11-28 00:00:00,47.38,1,Tallinn,pood,laste_riided
3739,2023-11-28 00:00:00,146.36,2,Pärnu,pood,jalanõusid
3767,2023-11-28 00:00:00,665.10,2,Tallinn,pood,meeste_riided
3769,2023-11-28 00:00:00,418.10,2,null,online,naiste_riided
3830,2023-11-28 00:00:00,306.22,2,Tartu,pood,aksessuaarid
3515,2023-11-29 00:00:00,121.51,1,Tartu,pood,jalanõusid
3533,2023-11-29 00:00:00,74.41,1,null,online,jalanõusid
3615,2023-11-29 00:00:00,317.88,2,Tallinn,pood,jalanõusid
3685,2023-11-29 00:00:00,268.17,3,null,online,meeste_riided
3695,2023-11-29 00:00:00,81.48,1,null,online,jalanõusid
3740,2023-11-29 00:00:00,381.62,2,Tallinn,pood,jalanõusid
3791,2023-11-29 00:00:00,191.61,3,Tallinn,pood,laste_riided
3565,2023-11-30 00:00:00,81.85,1,Tallinn,pood,meeste_riided
3574,2023-11-30 00:00:00,104.85,1,Pärnu,pood,laste_riided
3733,2023-11-30 00:00:00,991.45,5,Tallinn,pood,meeste_riided
3878,2023-12-01 00:00:00,188.91,1,Tallinn,pood,aksessuaarid
3909,2023-12-01 00:00:00,648.76,2,Tartu,pood,jalanõusid
3920,2023-12-01 00:00:00,47.36,2,Tallinn,pood,laste_riided
3928,2023-12-01 00:00:00,341.58,3,Tallinn,pood,aksessuaarid
4036,2023-12-01 00:00:00,693.40,2,Tallinn,pood,naiste_riided
4037,2023-12-01 00:00:00,552.40,2,Tallinn,pood,naiste_riided
4056,2023-12-01 00:00:00,189.30,2,Pärnu,pood,laste_riided
4208,2023-12-01 00:00:00,68.08,2,Tallinn,pood,laste_riided
4217,2023-12-01 00:00:00,44.08,2,Pärnu,pood,aksessuaarid
4247,2023-12-01 00:00:00,47.88,1,Tallinn,pood,aksessuaarid
4258,2023-12-01 00:00:00,405.14,2,Tallinn,pood,naiste_riided
4259,2023-12-01 00:00:00,-247.28,2,null,online,laste_riided
3834,2023-12-02 00:00:00,83.23,1,Tartu,pood,naiste_riided
3862,2023-12-02 00:00:00,504.65,5,Tallinn,pood,meeste_riided
3890,2023-12-02 00:00:00,225.28,1,Tallinn,pood,aksessuaarid
3897,2023-12-02 00:00:00,72.58,1,Tallinn,pood,laste_riided
3936,2023-12-02 00:00:00,868.16,2,Pärnu,pood,jalanõusid
3947,2023-12-02 00:00:00,67.75,1,Pärnu,pood,jalanõusid
3952,2023-12-02 00:00:00,57.08,1,Tallinn,pood,aksessuaarid
3962,2023-12-02 00:00:00,418.10,2,Pärnu,pood,naiste_riided
4010,2023-12-02 00:00:00,162.86,1,null,online,naiste_riided
4026,2023-12-02 00:00:00,23.68,1,Tallinn,pood,laste_riided
4041,2023-12-02 00:00:00,94.65,1,Pärnu,pood,laste_riided
4068,2023-12-02 00:00:00,302.16,2,Tallinn,pood,meeste_riided
4145,2023-12-02 00:00:00,274.87,1,Tartu,pood,jalanõusid
4156,2023-12-02 00:00:00,107.26,1,null,online,aksessuaarid
4160,2023-12-02 00:00:00,488.58,3,Tallinn,pood,naiste_riided
4241,2023-12-02 00:00:00,-179.35,1,Tartu,pood,naiste_riided
4254,2023-12-02 00:00:00,308.84,1,null,online,naiste_riided
4283,2023-12-02 00:00:00,38.70,1,null,online,laste_riided
3850,2023-12-03 00:00:00,688.65,3,null,online,naiste_riided
3861,2023-12-03 00:00:00,142.57,1,Tartu,pood,meeste_riided
3894,2023-12-03 00:00:00,73.90,1,Pärnu,pood,laste_riided
3934,2023-12-03 00:00:00,260.04,2,Tartu,pood,laste_riided
3935,2023-12-03 00:00:00,32.74,2,Tallinn,pood,aksessuaarid
3956,2023-12-03 00:00:00,23.45,1,Tallinn,pood,aksessuaarid
3981,2023-12-03 00:00:00,642.20,5,null,online,laste_riided
4030,2023-12-03 00:00:00,90.80,4,Tallinn,pood,aksessuaarid
4038,2023-12-03 00:00:00,140.64,1,null,online,laste_riided
4050,2023-12-03 00:00:00,638.84,2,Tartu,pood,naiste_riided
4085,2023-12-03 00:00:00,412.68,2,Tallinn,pood,jalanõusid
4101,2023-12-03 00:00:00,-298.94,2,null,online,aksessuaarid
4114,2023-12-03 00:00:00,90.42,2,Tallinn,pood,aksessuaarid
4137,2023-12-03 00:00:00,307.24,2,Tallinn,pood,jalanõusid
4141,2023-12-03 00:00:00,749.08,2,null,online,meeste_riided
4202,2023-12-03 00:00:00,26.79,1,null,online,aksessuaarid
4251,2023-12-03 00:00:00,334.46,2,Tallinn,pood,laste_riided
3846,2023-12-04 00:00:00,96.50,1,Tartu,pood,meeste_riided
3982,2023-12-04 00:00:00,153.40,2,null,online,naiste_riided
4006,2023-12-04 00:00:00,251.52,1,Tartu,pood,jalanõusid
4007,2023-12-04 00:00:00,441.48,3,Tallinn,pood,aksessuaarid
4025,2023-12-04 00:00:00,74.70,1,null,online,jalanõusid
4027,2023-12-04 00:00:00,41.79,1,Tallinn,pood,laste_riided
4054,2023-12-04 00:00:00,156.13,1,Tallinn,pood,aksessuaarid
4093,2023-12-04 00:00:00,939.64,4,null,online,jalanõusid
4120,2023-12-04 00:00:00,110.70,1,Pärnu,pood,laste_riided
4151,2023-12-04 00:00:00,759.78,3,null,online,meeste_riided
4176,2023-12-04 00:00:00,71.36,2,Tallinn,pood,laste_riided
4205,2023-12-04 00:00:00,153.11,1,Tallinn,pood,aksessuaarid
4242,2023-12-04 00:00:00,363.36,2,Tartu,pood,aksessuaarid
3929,2023-12-05 00:00:00,101.26,1,null,online,laste_riided
4002,2023-12-05 00:00:00,631.08,3,Tallinn,pood,jalanõusid
4032,2023-12-05 00:00:00,100.93,1,null,online,meeste_riided
4049,2023-12-05 00:00:00,123.64,1,null,online,laste_riided
4055,2023-12-05 00:00:00,218.84,2,null,online,aksessuaarid
4057,2023-12-05 00:00:00,332.55,1,null,online,meeste_riided
4076,2023-12-05 00:00:00,80.39,1,null,online,laste_riided
4078,2023-12-05 00:00:00,271.98,2,Tartu,pood,naiste_riided
4081,2023-12-05 00:00:00,296.04,3,null,online,laste_riided
4109,2023-12-05 00:00:00,376.33,1,Tartu,pood,jalanõusid
4133,2023-12-05 00:00:00,659.49,3,Tartu,pood,aksessuaarid
4167,2023-12-05 00:00:00,654.56,4,Tartu,pood,jalanõusid
4201,2023-12-05 00:00:00,632.08,2,null,online,meeste_riided
4207,2023-12-05 00:00:00,549.56,2,Tartu,pood,meeste_riided
4221,2023-12-05 00:00:00,-1405.32,4,Tallinn,pood,naiste_riided
4234,2023-12-05 00:00:00,160.91,1,Tallinn,pood,meeste_riided
4268,2023-12-05 00:00:00,57.08,1,Pärnu,pood,aksessuaarid
3888,2023-12-06 00:00:00,475.42,2,Tallinn,pood,naiste_riided
3933,2023-12-06 00:00:00,79.59,1,Tartu,pood,meeste_riided
3977,2023-12-06 00:00:00,94.25,1,Tartu,pood,laste_riided
4024,2023-12-06 00:00:00,317.88,2,Tartu,pood,jalanõusid
4043,2023-12-06 00:00:00,700.38,2,Tallinn,pood,jalanõusid
4045,2023-12-06 00:00:00,-247.81,1,null,online,meeste_riided
4104,2023-12-06 00:00:00,251.52,1,Tallinn,pood,jalanõusid
4147,2023-12-06 00:00:00,206.34,1,null,online,jalanõusid
4276,2023-12-06 00:00:00,209.70,2,Tartu,pood,laste_riided
3873,2023-12-07 00:00:00,759.78,3,Pärnu,pood,meeste_riided
3986,2023-12-07 00:00:00,772.17,3,Tartu,pood,naiste_riided
4115,2023-12-07 00:00:00,320.46,3,null,online,laste_riided
4130,2023-12-07 00:00:00,215.96,4,Tartu,pood,laste_riided
4134,2023-12-07 00:00:00,304.14,1,Tallinn,pood,naiste_riided
4149,2023-12-07 00:00:00,639.96,2,Pärnu,pood,jalanõusid
4212,2023-12-07 00:00:00,152.31,3,null,online,naiste_riided
4218,2023-12-07 00:00:00,173.60,2,null,online,naiste_riided
4232,2023-12-07 00:00:00,278.59,1,Tallinn,pood,meeste_riided
4291,2023-12-07 00:00:00,201.86,1,Tallinn,pood,meeste_riided
3845,2023-12-08 00:00:00,520.08,4,null,online,laste_riided
3870,2023-12-08 00:00:00,848.85,3,Tallinn,pood,naiste_riided
3872,2023-12-08 00:00:00,391.08,3,Tallinn,pood,naiste_riided
3892,2023-12-08 00:00:00,133.76,2,null,online,aksessuaarid
3946,2023-12-08 00:00:00,148.82,2,Tallinn,pood,jalanõusid
3975,2023-12-08 00:00:00,60.10,2,null,online,laste_riided
4018,2023-12-08 00:00:00,402.28,4,Tallinn,pood,laste_riided
4035,2023-12-08 00:00:00,72.58,1,null,online,laste_riided
4044,2023-12-08 00:00:00,98.79,3,null,online,naiste_riided
4060,2023-12-08 00:00:00,1113.15,3,Tallinn,pood,jalanõusid
4099,2023-12-08 00:00:00,79.86,3,Tallinn,pood,laste_riided
4175,2023-12-08 00:00:00,324.38,1,null,online,jalanõusid
4191,2023-12-08 00:00:00,509.85,3,Tallinn,pood,aksessuaarid
4213,2023-12-08 00:00:00,296.40,1,Tallinn,pood,naiste_riided
4237,2023-12-08 00:00:00,121.98,1,null,online,aksessuaarid
4250,2023-12-08 00:00:00,144.28,2,Tallinn,pood,laste_riided
3869,2023-12-09 00:00:00,221.40,2,null,online,laste_riided
3871,2023-12-09 00:00:00,22.70,1,Tallinn,pood,aksessuaarid
3881,2023-12-09 00:00:00,145.20,2,Tallinn,pood,laste_riided
3889,2023-12-09 00:00:00,564.58,2,Tartu,pood,jalanõusid
3988,2023-12-09 00:00:00,241.18,2,Tartu,pood,meeste_riided
4005,2023-12-09 00:00:00,427.71,3,null,online,meeste_riided
4008,2023-12-09 00:00:00,280.13,1,Tallinn,pood,jalanõusid
4014,2023-12-09 00:00:00,53.01,1,Tartu,pood,meeste_riided
4016,2023-12-09 00:00:00,312.41,1,Tartu,pood,meeste_riided
4061,2023-12-09 00:00:00,26.79,1,Pärnu,pood,aksessuaarid
4142,2023-12-09 00:00:00,204.87,1,Tallinn,pood,aksessuaarid
4171,2023-12-09 00:00:00,106.69,1,null,online,meeste_riided
4185,2023-12-09 00:00:00,426.76,4,null,online,meeste_riided
4236,2023-12-09 00:00:00,144.20,1,Tallinn,pood,meeste_riided
4266,2023-12-09 00:00:00,-564.58,2,Tallinn,pood,jalanõusid
4281,2023-12-09 00:00:00,106.21,1,Tallinn,pood,laste_riided
3836,2023-12-10 00:00:00,221.89,1,Tallinn,pood,naiste_riided
3842,2023-12-10 00:00:00,147.16,1,null,online,aksessuaarid
3863,2023-12-10 00:00:00,548.74,2,Tallinn,pood,naiste_riided
3900,2023-12-10 00:00:00,937.23,3,null,online,meeste_riided
3902,2023-12-10 00:00:00,142.57,1,Tallinn,pood,meeste_riided
3970,2023-12-10 00:00:00,403.74,3,Pärnu,pood,meeste_riided
4004,2023-12-10 00:00:00,302.90,2,Tallinn,pood,laste_riided
4011,2023-12-10 00:00:00,271.98,2,Tartu,pood,naiste_riided
4023,2023-12-10 00:00:00,110.70,1,Tartu,pood,laste_riided
4091,2023-12-10 00:00:00,517.82,2,Tallinn,pood,meeste_riided
4092,2023-12-10 00:00:00,81.48,1,Tartu,pood,jalanõusid
4097,2023-12-10 00:00:00,130.00,2,Pärnu,pood,jalanõusid
4108,2023-12-10 00:00:00,1302.24,3,null,online,jalanõusid
4158,2023-12-10 00:00:00,1126.02,3,Tartu,pood,jalanõusid
4161,2023-12-10 00:00:00,175.25,1,Tartu,pood,meeste_riided
4190,2023-12-10 00:00:00,541.98,2,null,online,meeste_riided
4230,2023-12-10 00:00:00,107.26,1,null,online,aksessuaarid
4280,2023-12-10 00:00:00,312.26,2,null,online,aksessuaarid
3865,2023-12-11 00:00:00,564.58,2,Tallinn,pood,jalanõusid
3882,2023-12-11 00:00:00,214.72,2,Tallinn,pood,laste_riided
3939,2023-12-11 00:00:00,46.90,2,null,online,aksessuaarid
3948,2023-12-11 00:00:00,142.57,1,null,online,meeste_riided
3954,2023-12-11 00:00:00,777.84,4,Tallinn,pood,naiste_riided
3971,2023-12-11 00:00:00,926.52,3,null,online,naiste_riided
3972,2023-12-11 00:00:00,1249.64,4,null,online,meeste_riided
3983,2023-12-11 00:00:00,96.11,1,null,online,jalanõusid
4009,2023-12-11 00:00:00,282.95,1,Tartu,pood,naiste_riided
4031,2023-12-11 00:00:00,51.50,1,null,online,laste_riided
4127,2023-12-11 00:00:00,130.36,1,Pärnu,pood,naiste_riided
4129,2023-12-11 00:00:00,222.52,2,null,online,naiste_riided
4143,2023-12-11 00:00:00,98.68,1,null,online,laste_riided
4216,2023-12-11 00:00:00,305.70,2,null,online,laste_riided
4228,2023-12-11 00:00:00,160.78,2,Tallinn,pood,laste_riided
4238,2023-12-11 00:00:00,638.84,2,Tallinn,pood,naiste_riided
4269,2023-12-11 00:00:00,77.78,1,null,online,laste_riided
4285,2023-12-11 00:00:00,263.13,1,null,online,naiste_riided
3849,2023-12-12 00:00:00,339.21,1,Tallinn,pood,jalanõusid
3864,2023-12-12 00:00:00,48.85,1,Tallinn,pood,meeste_riided
3883,2023-12-12 00:00:00,443.76,3,null,online,laste_riided
3907,2023-12-12 00:00:00,430.68,4,Pärnu,pood,meeste_riided
3937,2023-12-12 00:00:00,250.72,2,Pärnu,pood,laste_riided
3941,2023-12-12 00:00:00,251.04,2,null,online,meeste_riided
3989,2023-12-12 00:00:00,274.78,1,Pärnu,pood,meeste_riided
4022,2023-12-12 00:00:00,84.41,1,Pärnu,pood,jalanõusid
4040,2023-12-12 00:00:00,88.08,1,Tallinn,pood,laste_riided
4062,2023-12-12 00:00:00,46.90,2,Tartu,pood,aksessuaarid
4065,2023-12-12 00:00:00,166.52,4,Tartu,pood,naiste_riided
4087,2023-12-12 00:00:00,518.46,2,null,online,meeste_riided
4098,2023-12-12 00:00:00,32.74,2,null,online,aksessuaarid
4126,2023-12-12 00:00:00,409.74,2,Tallinn,pood,aksessuaarid
4128,2023-12-12 00:00:00,199.80,1,null,online,aksessuaarid
4178,2023-12-12 00:00:00,175.47,3,Tartu,pood,jalanõusid
4183,2023-12-12 00:00:00,62.56,1,Tallinn,pood,aksessuaarid
4192,2023-12-12 00:00:00,149.47,1,Tallinn,pood,aksessuaarid
4194,2023-12-12 00:00:00,166.27,1,Tallinn,pood,naiste_riided
4206,2023-12-12 00:00:00,319.98,1,Tallinn,pood,jalanõusid
4222,2023-12-12 00:00:00,103.00,2,null,online,laste_riided
4225,2023-12-12 00:00:00,126.60,4,null,online,laste_riided
4255,2023-12-12 00:00:00,260.72,2,Tallinn,pood,naiste_riided
4262,2023-12-12 00:00:00,247.52,1,Tartu,pood,naiste_riided
3840,2023-12-13 00:00:00,494.56,4,Tallinn,pood,laste_riided
3852,2023-12-13 00:00:00,421.52,2,Tallinn,pood,naiste_riided
3880,2023-12-13 00:00:00,1088.20,4,Tallinn,pood,naiste_riided
3906,2023-12-13 00:00:00,131.72,4,Tartu,pood,naiste_riided
3910,2023-12-13 00:00:00,158.94,1,null,online,jalanõusid
3911,2023-12-13 00:00:00,95.50,1,Tartu,pood,naiste_riided
3951,2023-12-13 00:00:00,923.49,3,Tallinn,pood,naiste_riided
3959,2023-12-13 00:00:00,265.20,1,Tartu,pood,naiste_riided
3987,2023-12-13 00:00:00,57.12,2,Tartu,pood,aksessuaarid
4075,2023-12-13 00:00:00,114.80,1,Tartu,pood,laste_riided
4112,2023-12-13 00:00:00,517.82,2,null,online,meeste_riided
4132,2023-12-13 00:00:00,336.68,2,null,online,naiste_riided
4146,2023-12-13 00:00:00,324.38,1,null,online,jalanõusid
4152,2023-12-13 00:00:00,824.34,3,Tallinn,pood,meeste_riided
4189,2023-12-13 00:00:00,74.81,1,Tallinn,pood,aksessuaarid
4195,2023-12-13 00:00:00,106.69,1,Pärnu,pood,meeste_riided
4229,2023-12-13 00:00:00,30.18,2,Tallinn,pood,aksessuaarid
4235,2023-12-13 00:00:00,163.64,1,Tallinn,pood,jalanõusid
4243,2023-12-13 00:00:00,94.65,1,Tartu,pood,laste_riided
4252,2023-12-13 00:00:00,159.18,2,null,online,meeste_riided
3848,2023-12-14 00:00:00,299.10,2,Pärnu,pood,aksessuaarid
3874,2023-12-14 00:00:00,153.11,1,Tallinn,pood,aksessuaarid
3957,2023-12-14 00:00:00,187.16,1,null,online,jalanõusid
3961,2023-12-14 00:00:00,269.85,1,Pärnu,pood,meeste_riided
3966,2023-12-14 00:00:00,132.42,2,Tartu,pood,laste_riided
3968,2023-12-14 00:00:00,1458.60,5,null,online,jalanõusid
4015,2023-12-14 00:00:00,23.45,1,Tartu,pood,aksessuaarid
4028,2023-12-14 00:00:00,693.40,2,Pärnu,pood,naiste_riided
4066,2023-12-14 00:00:00,253.26,1,null,online,meeste_riided
4074,2023-12-14 00:00:00,54.95,1,Tallinn,pood,laste_riided
4215,2023-12-14 00:00:00,175.25,1,null,online,meeste_riided
4265,2023-12-14 00:00:00,358.70,2,Tallinn,pood,naiste_riided
4292,2023-12-14 00:00:00,314.98,2,Tallinn,pood,jalanõusid
3835,2023-12-15 00:00:00,424.86,3,Tartu,pood,laste_riided
3853,2023-12-15 00:00:00,173.62,1,Tartu,pood,aksessuaarid
4033,2023-12-15 00:00:00,-1104.80,4,Tallinn,pood,naiste_riided
4064,2023-12-15 00:00:00,66.48,4,Tallinn,pood,aksessuaarid
4111,2023-12-15 00:00:00,1474.68,4,null,online,jalanõusid
4113,2023-12-15 00:00:00,291.36,1,Tallinn,pood,naiste_riided
4169,2023-12-15 00:00:00,269.85,1,Tallinn,pood,meeste_riided
4209,2023-12-15 00:00:00,434.08,1,Tallinn,pood,jalanõusid
4223,2023-12-15 00:00:00,520.86,3,Tartu,pood,aksessuaarid
4257,2023-12-15 00:00:00,101.54,2,Tallinn,pood,naiste_riided
4274,2023-12-15 00:00:00,489.80,4,Tartu,pood,naiste_riided
4282,2023-12-15 00:00:00,677.43,3,Tartu,pood,naiste_riided
3858,2023-12-16 00:00:00,329.99,1,Tallinn,pood,jalanõusid
3859,2023-12-16 00:00:00,206.34,1,Tallinn,pood,jalanõusid
3866,2023-12-16 00:00:00,208.54,2,Tartu,pood,laste_riided
3886,2023-12-16 00:00:00,106.02,2,Pärnu,pood,meeste_riided
3926,2023-12-16 00:00:00,368.14,2,null,online,meeste_riided
3969,2023-12-16 00:00:00,147.58,1,null,online,jalanõusid
4046,2023-12-16 00:00:00,410.00,2,Tallinn,pood,meeste_riided
4052,2023-12-16 00:00:00,295.84,2,Tartu,pood,laste_riided
4059,2023-12-16 00:00:00,150.11,1,Tallinn,pood,naiste_riided
4119,2023-12-16 00:00:00,346.70,1,Tallinn,pood,naiste_riided
4154,2023-12-16 00:00:00,831.35,5,null,online,naiste_riided
4166,2023-12-16 00:00:00,257.39,1,Tallinn,pood,naiste_riided
4187,2023-12-16 00:00:00,363.36,2,Tartu,pood,aksessuaarid
4193,2023-12-16 00:00:00,209.05,1,Tartu,pood,naiste_riided
4219,2023-12-16 00:00:00,108.09,1,null,online,naiste_riided
4244,2023-12-16 00:00:00,665.08,4,Tallinn,pood,naiste_riided
4245,2023-12-16 00:00:00,104.27,1,Tallinn,pood,laste_riided
3885,2023-12-17 00:00:00,276.97,1,Tartu,pood,jalanõusid
3887,2023-12-17 00:00:00,450.56,2,Tallinn,pood,aksessuaarid
3904,2023-12-17 00:00:00,506.52,2,null,online,meeste_riided
3945,2023-12-17 00:00:00,676.86,2,null,online,meeste_riided
3964,2023-12-17 00:00:00,915.24,4,Tallinn,pood,jalanõusid
3990,2023-12-17 00:00:00,123.82,1,Pärnu,pood,meeste_riided
4051,2023-12-17 00:00:00,212.42,2,null,online,laste_riided
4102,2023-12-17 00:00:00,288.72,2,Tartu,pood,aksessuaarid
4284,2023-12-17 00:00:00,109.62,1,null,online,naiste_riided
3868,2023-12-18 00:00:00,202.57,1,Pärnu,pood,naiste_riided
3895,2023-12-18 00:00:00,89.29,1,Tartu,pood,meeste_riided
3903,2023-12-18 00:00:00,114.80,1,Tallinn,pood,laste_riided
3913,2023-12-18 00:00:00,273.06,1,Pärnu,pood,jalanõusid
3978,2023-12-18 00:00:00,307.83,1,Tartu,pood,naiste_riided
4013,2023-12-18 00:00:00,657.57,3,null,online,naiste_riided
4019,2023-12-18 00:00:00,582.72,2,Tallinn,pood,naiste_riided
4063,2023-12-18 00:00:00,178.58,2,Tallinn,pood,meeste_riided
4122,2023-12-18 00:00:00,69.39,1,Tartu,pood,jalanõusid
4249,2023-12-18 00:00:00,110.08,2,Pärnu,pood,laste_riided
3837,2023-12-19 00:00:00,543.96,4,null,online,naiste_riided
3851,2023-12-19 00:00:00,271.35,1,null,online,jalanõusid
3912,2023-12-19 00:00:00,113.86,1,Tallinn,pood,aksessuaarid
3919,2023-12-19 00:00:00,131.04,2,null,online,jalanõusid
3979,2023-12-19 00:00:00,243.02,2,Tallinn,pood,jalanõusid
4047,2023-12-19 00:00:00,451.62,2,Pärnu,pood,naiste_riided
4069,2023-12-19 00:00:00,270.99,1,Pärnu,pood,meeste_riided
4096,2023-12-19 00:00:00,241.17,3,Tartu,pood,laste_riided
4117,2023-12-19 00:00:00,291.00,2,Tallinn,pood,jalanõusid
4123,2023-12-19 00:00:00,232.61,1,null,online,jalanõusid
4124,2023-12-19 00:00:00,104.08,2,Tallinn,pood,laste_riided
4180,2023-12-19 00:00:00,106.82,1,Tallinn,pood,laste_riided
4279,2023-12-19 00:00:00,240.34,2,Pärnu,pood,jalanõusid
3841,2023-12-20 00:00:00,457.62,2,null,online,jalanõusid
3875,2023-12-20 00:00:00,63.62,1,Tallinn,pood,jalanõusid
3891,2023-12-20 00:00:00,518.46,2,Pärnu,pood,meeste_riided
3896,2023-12-20 00:00:00,451.62,2,Tallinn,pood,naiste_riided
3905,2023-12-20 00:00:00,560.31,3,Tallinn,pood,aksessuaarid
3931,2023-12-20 00:00:00,-331.59,3,Tartu,pood,meeste_riided
3953,2023-12-20 00:00:00,175.47,3,Tallinn,pood,jalanõusid
3955,2023-12-20 00:00:00,552.21,3,Tartu,pood,meeste_riided
4020,2023-12-20 00:00:00,296.58,1,null,online,meeste_riided
4048,2023-12-20 00:00:00,553.94,2,null,online,jalanõusid
4053,2023-12-20 00:00:00,51.50,1,null,online,laste_riided
4079,2023-12-20 00:00:00,149.62,2,Tartu,pood,aksessuaarid
4136,2023-12-20 00:00:00,648.76,2,null,online,jalanõusid
4172,2023-12-20 00:00:00,819.96,3,Tartu,pood,jalanõusid
4186,2023-12-20 00:00:00,178.78,2,Tallinn,pood,meeste_riided
4198,2023-12-20 00:00:00,396.84,2,Tartu,pood,jalanõusid
4226,2023-12-20 00:00:00,264.24,3,null,online,laste_riided
3844,2023-12-21 00:00:00,60.37,1,Tartu,pood,naiste_riided
3855,2023-12-21 00:00:00,191.48,1,Tallinn,pood,aksessuaarid
3876,2023-12-21 00:00:00,182.77,1,Tallinn,pood,naiste_riided
3914,2023-12-21 00:00:00,128.66,1,Tallinn,pood,jalanõusid
3916,2023-12-21 00:00:00,406.78,2,Tallinn,pood,aksessuaarid
3960,2023-12-21 00:00:00,224.10,3,Tallinn,pood,jalanõusid
3973,2023-12-21 00:00:00,279.43,1,null,online,meeste_riided
3985,2023-12-21 00:00:00,224.43,3,Tartu,pood,aksessuaarid
4021,2023-12-21 00:00:00,149.47,1,Tartu,pood,aksessuaarid
4100,2023-12-21 00:00:00,34.04,1,null,online,laste_riided
4131,2023-12-21 00:00:00,34.04,1,null,online,laste_riided
4138,2023-12-21 00:00:00,805.24,2,Tallinn,pood,jalanõusid
4165,2023-12-21 00:00:00,582.72,2,Tartu,pood,naiste_riided
4174,2023-12-21 00:00:00,274.37,1,Tartu,pood,naiste_riided
4177,2023-12-21 00:00:00,111.26,1,Tallinn,pood,naiste_riided
4204,2023-12-21 00:00:00,252.84,2,Pärnu,pood,meeste_riided
4211,2023-12-21 00:00:00,94.76,2,Tallinn,pood,laste_riided
4260,2023-12-21 00:00:00,116.87,1,Tallinn,pood,jalanõusid
4272,2023-12-21 00:00:00,338.43,1,Tartu,pood,meeste_riided
4286,2023-12-21 00:00:00,86.46,1,Tallinn,pood,laste_riided
3860,2023-12-22 00:00:00,48.85,1,Tartu,pood,meeste_riided
3879,2023-12-22 00:00:00,222.52,2,Tallinn,pood,naiste_riided
3924,2023-12-22 00:00:00,339.21,1,null,online,jalanõusid
3943,2023-12-22 00:00:00,57.12,2,Tallinn,pood,aksessuaarid
3958,2023-12-22 00:00:00,175.25,1,Tallinn,pood,meeste_riided
4095,2023-12-22 00:00:00,156.13,1,null,online,aksessuaarid
4118,2023-12-22 00:00:00,280.13,1,Tallinn,pood,jalanõusid
4135,2023-12-22 00:00:00,53.01,1,null,online,meeste_riided
4239,2023-12-22 00:00:00,282.29,1,Tallinn,pood,jalanõusid
4246,2023-12-22 00:00:00,53.01,1,null,online,meeste_riided
4261,2023-12-22 00:00:00,195.00,3,null,online,jalanõusid
4275,2023-12-22 00:00:00,241.13,1,Pärnu,pood,jalanõusid
4289,2023-12-22 00:00:00,76.70,1,Tallinn,pood,naiste_riided
3901,2023-12-23 00:00:00,274.78,1,Tallinn,pood,meeste_riided
3918,2023-12-23 00:00:00,72.14,1,Pärnu,pood,laste_riided
3921,2023-12-23 00:00:00,350.50,2,Tallinn,pood,meeste_riided
3942,2023-12-23 00:00:00,269.85,1,Tallinn,pood,meeste_riided
3974,2023-12-23 00:00:00,553.94,2,null,online,jalanõusid
3992,2023-12-23 00:00:00,258.91,1,null,online,meeste_riided
4003,2023-12-23 00:00:00,95.87,1,null,online,laste_riided
4084,2023-12-23 00:00:00,130.36,1,null,online,naiste_riided
4094,2023-12-23 00:00:00,315.87,3,null,online,laste_riided
4103,2023-12-23 00:00:00,169.95,1,null,online,aksessuaarid
4125,2023-12-23 00:00:00,301.85,5,Tallinn,pood,naiste_riided
4170,2023-12-23 00:00:00,80.39,1,Tallinn,pood,laste_riided
4196,2023-12-23 00:00:00,-948.12,3,Pärnu,pood,meeste_riided
4264,2023-12-23 00:00:00,959.94,3,null,online,jalanõusid
4273,2023-12-23 00:00:00,703.24,2,null,online,meeste_riided
4277,2023-12-23 00:00:00,495.04,2,Pärnu,pood,naiste_riided
3839,2023-12-24 00:00:00,302.86,1,Tallinn,pood,jalanõusid
3877,2023-12-24 00:00:00,414.46,2,Tallinn,pood,jalanõusid
3949,2023-12-24 00:00:00,140.64,1,null,online,laste_riided
3993,2023-12-24 00:00:00,269.85,1,null,online,meeste_riided
4012,2023-12-24 00:00:00,198.29,1,Tartu,pood,meeste_riided
4017,2023-12-24 00:00:00,321.82,2,Pärnu,pood,meeste_riided
4042,2023-12-24 00:00:00,312.41,1,Tallinn,pood,meeste_riided
4090,2023-12-24 00:00:00,442.84,2,null,online,jalanõusid
4148,2023-12-24 00:00:00,373.54,2,Tartu,pood,aksessuaarid
4287,2023-12-24 00:00:00,134.58,1,Pärnu,pood,meeste_riided
3884,2023-12-25 00:00:00,144.28,2,Tallinn,pood,laste_riided
3995,2023-12-25 00:00:00,558.96,4,null,online,naiste_riided
3997,2023-12-25 00:00:00,365.94,3,null,online,aksessuaarid
4080,2023-12-25 00:00:00,51.50,1,Tallinn,pood,laste_riided
4168,2023-12-25 00:00:00,232.61,1,null,online,jalanõusid
4182,2023-12-25 00:00:00,136.30,1,null,online,laste_riided
4184,2023-12-25 00:00:00,678.42,2,Tallinn,pood,jalanõusid
4210,2023-12-25 00:00:00,173.62,1,Tallinn,pood,aksessuaarid
4214,2023-12-25 00:00:00,206.34,1,Tartu,pood,jalanõusid
4271,2023-12-25 00:00:00,318.10,5,null,online,jalanõusid
3854,2023-12-26 00:00:00,356.57,1,null,online,meeste_riided
3867,2023-12-26 00:00:00,194.57,1,Tallinn,pood,aksessuaarid
3938,2023-12-26 00:00:00,327.07,1,null,online,meeste_riided
3976,2023-12-26 00:00:00,411.99,3,Tallinn,pood,meeste_riided
3980,2023-12-26 00:00:00,272.05,1,null,online,naiste_riided
3991,2023-12-26 00:00:00,495.28,4,Tartu,pood,meeste_riided
3994,2023-12-26 00:00:00,217.80,3,Tartu,pood,laste_riided
4082,2023-12-26 00:00:00,241.18,2,Tallinn,pood,meeste_riided
4083,2023-12-26 00:00:00,159.18,2,Tallinn,pood,meeste_riided
4173,2023-12-26 00:00:00,1104.80,4,Tallinn,pood,naiste_riided
4231,2023-12-26 00:00:00,152.31,3,Tallinn,pood,naiste_riided
4240,2023-12-26 00:00:00,298.94,2,Pärnu,pood,aksessuaarid
4270,2023-12-26 00:00:00,347.84,1,null,online,meeste_riided
3838,2023-12-27 00:00:00,305.70,2,Tallinn,pood,laste_riided
3893,2023-12-27 00:00:00,51.50,1,Tartu,pood,laste_riided
3998,2023-12-27 00:00:00,130.36,1,null,online,naiste_riided
4071,2023-12-27 00:00:00,224.43,3,Pärnu,pood,aksessuaarid
4077,2023-12-27 00:00:00,232.61,1,null,online,jalanõusid
4086,2023-12-27 00:00:00,247.64,2,null,online,meeste_riided
4157,2023-12-27 00:00:00,384.44,4,null,online,jalanõusid
4159,2023-12-27 00:00:00,95.50,1,Pärnu,pood,naiste_riided
4162,2023-12-27 00:00:00,621.80,4,Pärnu,pood,aksessuaarid
4197,2023-12-27 00:00:00,98.68,1,Tallinn,pood,laste_riided
4200,2023-12-27 00:00:00,484.86,2,null,online,meeste_riided
4227,2023-12-27 00:00:00,95.50,1,Tallinn,pood,naiste_riided
4253,2023-12-27 00:00:00,358.70,2,null,online,naiste_riided
4278,2023-12-27 00:00:00,312.26,2,Pärnu,pood,aksessuaarid
4288,2023-12-27 00:00:00,183.40,1,Pärnu,pood,aksessuaarid
3847,2023-12-28 00:00:00,151.08,1,null,online,meeste_riided
3923,2023-12-28 00:00:00,191.00,2,Tartu,pood,naiste_riided
3925,2023-12-28 00:00:00,327.06,2,Tartu,pood,meeste_riided
4029,2023-12-28 00:00:00,128.44,1,Tallinn,pood,laste_riided
4110,2023-12-28 00:00:00,24.67,1,null,online,laste_riided
4140,2023-12-28 00:00:00,514.78,2,Pärnu,pood,naiste_riided
4164,2023-12-28 00:00:00,181.68,1,Tartu,pood,aksessuaarid
4179,2023-12-28 00:00:00,124.35,1,Tartu,pood,meeste_riided
4188,2023-12-28 00:00:00,206.52,1,Tallinn,pood,naiste_riided
4224,2023-12-28 00:00:00,204.87,1,Tallinn,pood,aksessuaarid
4248,2023-12-28 00:00:00,605.72,2,Tartu,pood,jalanõusid
4267,2023-12-28 00:00:00,184.07,1,null,online,meeste_riided
3898,2023-12-29 00:00:00,95.39,1,Tartu,pood,aksessuaarid
3922,2023-12-29 00:00:00,434.08,1,null,online,jalanõusid
3927,2023-12-29 00:00:00,66.88,1,Tartu,pood,aksessuaarid
3950,2023-12-29 00:00:00,291.36,1,Tallinn,pood,naiste_riided
3963,2023-12-29 00:00:00,163.53,1,Tartu,pood,meeste_riided
3996,2023-12-29 00:00:00,153.11,1,Tallinn,pood,aksessuaarid
4000,2023-12-29 00:00:00,154.71,1,null,online,meeste_riided
4001,2023-12-29 00:00:00,624.82,2,Tallinn,pood,meeste_riided
4070,2023-12-29 00:00:00,127.24,2,Pärnu,pood,jalanõusid
4088,2023-12-29 00:00:00,106.82,1,Tallinn,pood,laste_riided
4116,2023-12-29 00:00:00,121.51,1,Tallinn,pood,jalanõusid
4144,2023-12-29 00:00:00,252.84,2,Pärnu,pood,meeste_riided
4150,2023-12-29 00:00:00,114.80,1,Tallinn,pood,laste_riided
4163,2023-12-29 00:00:00,81.48,1,Tallinn,pood,jalanõusid
4199,2023-12-29 00:00:00,350.19,1,Tallinn,pood,jalanõusid
4203,2023-12-29 00:00:00,693.39,3,Tallinn,pood,aksessuaarid
4256,2023-12-29 00:00:00,17.97,1,Pärnu,pood,aksessuaarid
4263,2023-12-29 00:00:00,295.16,2,null,online,jalanõusid
4290,2023-12-29 00:00:00,70.35,3,Tallinn,pood,aksessuaarid
3857,2023-12-30 00:00:00,482.26,2,Tallinn,pood,jalanõusid
3899,2023-12-30 00:00:00,114.80,1,Tallinn,pood,laste_riided
3908,2023-12-30 00:00:00,132.30,1,Tallinn,pood,jalanõusid
3915,2023-12-30 00:00:00,1069.71,3,null,online,meeste_riided
3930,2023-12-30 00:00:00,484.86,2,null,online,meeste_riided
3932,2023-12-30 00:00:00,442.84,2,null,online,jalanõusid
3940,2023-12-30 00:00:00,95.50,1,Pärnu,pood,naiste_riided
3967,2023-12-30 00:00:00,308.84,1,Pärnu,pood,naiste_riided
3984,2023-12-30 00:00:00,63.30,2,Tallinn,pood,laste_riided
3999,2023-12-30 00:00:00,593.16,2,null,online,meeste_riided
4039,2023-12-30 00:00:00,607.71,3,Tartu,pood,naiste_riided
4058,2023-12-30 00:00:00,292.45,5,null,online,jalanõusid
4067,2023-12-30 00:00:00,1539.15,5,null,online,naiste_riided
4073,2023-12-30 00:00:00,171.33,1,Pärnu,pood,meeste_riided
4107,2023-12-30 00:00:00,581.10,2,Tartu,pood,naiste_riided
4121,2023-12-30 00:00:00,140.02,2,Tartu,pood,meeste_riided
4139,2023-12-30 00:00:00,60.37,1,Tallinn,pood,naiste_riided
4155,2023-12-30 00:00:00,50.77,1,null,online,naiste_riided
4181,2023-12-30 00:00:00,26.79,1,null,online,aksessuaarid
4233,2023-12-30 00:00:00,219.24,2,null,online,naiste_riided
3843,2023-12-31 00:00:00,410.00,2,Tallinn,pood,meeste_riided
3856,2023-12-31 00:00:00,38.70,1,Tallinn,pood,laste_riided
3944,2023-12-31 00:00:00,831.35,5,null,online,naiste_riided
3965,2023-12-31 00:00:00,234.99,1,Tartu,pood,naiste_riided
4034,2023-12-31 00:00:00,84.95,1,null,online,laste_riided
4072,2023-12-31 00:00:00,445.04,4,Tallinn,pood,naiste_riided
4089,2023-12-31 00:00:00,270.69,1,Tartu,pood,jalanõusid
4105,2023-12-31 00:00:00,245.59,1,Tallinn,pood,naiste_riided
4106,2023-12-31 00:00:00,126.42,1,Tartu,pood,meeste_riided
4153,2023-12-31 00:00:00,155.45,1,Tartu,pood,aksessuaarid
4220,2023-12-31 00:00:00,385.32,3,Tallinn,pood,laste_riided
4333,2024-01-01 00:00:00,1106.01,3,null,online,jalanõusid
4371,2024-01-01 00:00:00,160.91,1,Tartu,pood,meeste_riided
4401,2024-01-01 00:00:00,299.10,2,null,online,aksessuaarid
4414,2024-01-01 00:00:00,83.58,2,Tallinn,pood,laste_riided
4505,2024-01-01 00:00:00,263.13,1,Tallinn,pood,naiste_riided
4509,2024-01-01 00:00:00,234.91,1,Tallinn,pood,jalanõusid
4571,2024-01-01 00:00:00,73.18,1,null,online,jalanõusid
4574,2024-01-01 00:00:00,173.62,1,null,online,aksessuaarid
4577,2024-01-01 00:00:00,360.28,2,Tallinn,pood,naiste_riided
4314,2024-01-02 00:00:00,57.12,2,Tallinn,pood,aksessuaarid
4376,2024-01-02 00:00:00,360.51,3,null,online,jalanõusid
4513,2024-01-02 00:00:00,347.24,2,null,online,aksessuaarid
4515,2024-01-02 00:00:00,53.19,1,null,online,laste_riided
4568,2024-01-02 00:00:00,104.85,1,Tallinn,pood,laste_riided
4591,2024-01-02 00:00:00,45.40,2,null,online,aksessuaarid
4299,2024-01-03 00:00:00,1077.90,5,null,online,aksessuaarid
4312,2024-01-03 00:00:00,558.86,2,null,online,meeste_riided
4329,2024-01-03 00:00:00,74.70,1,Tartu,pood,jalanõusid
4441,2024-01-03 00:00:00,26.62,1,Tallinn,pood,laste_riided
4443,2024-01-03 00:00:00,130.36,1,null,online,naiste_riided
4511,2024-01-03 00:00:00,809.55,3,Pärnu,pood,meeste_riided
4512,2024-01-03 00:00:00,133.76,2,null,online,aksessuaarid
4532,2024-01-03 00:00:00,17.97,1,null,online,aksessuaarid
4561,2024-01-03 00:00:00,83.97,1,Tallinn,pood,jalanõusid
4565,2024-01-03 00:00:00,112.68,1,Tallinn,pood,laste_riided
4592,2024-01-03 00:00:00,545.20,4,null,online,laste_riided
4324,2024-01-04 00:00:00,371.79,1,null,online,jalanõusid
4464,2024-01-04 00:00:00,60.80,1,Pärnu,pood,laste_riided
4469,2024-01-04 00:00:00,98.68,1,Tartu,pood,laste_riided
4495,2024-01-04 00:00:00,411.78,2,null,online,aksessuaarid
4551,2024-01-04 00:00:00,257.32,2,null,online,jalanõusid
4559,2024-01-04 00:00:00,-517.82,2,null,online,meeste_riided
4564,2024-01-04 00:00:00,593.16,2,Tallinn,pood,meeste_riided
4325,2024-01-05 00:00:00,110.70,1,Tartu,pood,laste_riided
4327,2024-01-05 00:00:00,305.72,1,null,online,jalanõusid
4335,2024-01-05 00:00:00,972.30,5,Tartu,pood,naiste_riided
4354,2024-01-05 00:00:00,63.87,1,Tartu,pood,laste_riided
4360,2024-01-05 00:00:00,663.57,3,null,online,jalanõusid
4422,2024-01-05 00:00:00,295.84,2,Tallinn,pood,laste_riided
4439,2024-01-05 00:00:00,332.54,2,Tartu,pood,naiste_riided
4445,2024-01-05 00:00:00,368.67,1,null,online,jalanõusid
4452,2024-01-05 00:00:00,-260.72,2,null,online,naiste_riided
4492,2024-01-05 00:00:00,106.21,1,Tallinn,pood,laste_riided
4587,2024-01-05 00:00:00,-350.19,1,Pärnu,pood,jalanõusid
4323,2024-01-06 00:00:00,191.85,3,null,online,jalanõusid
4357,2024-01-06 00:00:00,31.65,1,Tallinn,pood,laste_riided
4378,2024-01-06 00:00:00,605.72,2,Pärnu,pood,jalanõusid
4438,2024-01-06 00:00:00,142.57,1,Tartu,pood,meeste_riided
4480,2024-01-06 00:00:00,83.26,2,Tallinn,pood,naiste_riided
4530,2024-01-06 00:00:00,332.54,2,null,online,naiste_riided
4537,2024-01-06 00:00:00,132.30,1,Tallinn,pood,jalanõusid
4293,2024-01-07 00:00:00,53.01,1,Tallinn,pood,meeste_riided
4302,2024-01-07 00:00:00,51.50,1,Tallinn,pood,laste_riided
4332,2024-01-07 00:00:00,434.08,1,null,online,jalanõusid
4347,2024-01-07 00:00:00,62.82,1,Tallinn,pood,laste_riided
4447,2024-01-07 00:00:00,382.96,2,Tallinn,pood,aksessuaarid
4468,2024-01-07 00:00:00,219.24,2,null,online,naiste_riided
4483,2024-01-07 00:00:00,124.35,1,null,online,meeste_riided
4491,2024-01-07 00:00:00,1235.36,4,Tallinn,pood,naiste_riided
4493,2024-01-07 00:00:00,90.15,3,Tallinn,pood,laste_riided
4535,2024-01-07 00:00:00,360.28,2,Tartu,pood,naiste_riided
4545,2024-01-07 00:00:00,437.98,2,Tallinn,pood,naiste_riided
4576,2024-01-07 00:00:00,371.05,1,Tallinn,pood,jalanõusid
4294,2024-01-08 00:00:00,208.83,1,Tallinn,pood,naiste_riided
4320,2024-01-08 00:00:00,213.64,2,Tartu,pood,laste_riided
4326,2024-01-08 00:00:00,245.59,1,Tartu,pood,naiste_riided
4381,2024-01-08 00:00:00,495.62,2,Tallinn,pood,meeste_riided
4408,2024-01-08 00:00:00,201.86,1,null,online,meeste_riided
4421,2024-01-08 00:00:00,507.60,2,Tallinn,pood,jalanõusid
4431,2024-01-08 00:00:00,188.46,3,Tallinn,pood,laste_riided
4442,2024-01-08 00:00:00,307.24,2,null,online,jalanõusid
4496,2024-01-08 00:00:00,250.17,1,Tallinn,pood,naiste_riided
4547,2024-01-08 00:00:00,219.38,1,null,online,aksessuaarid
4563,2024-01-08 00:00:00,251.52,1,Pärnu,pood,jalanõusid
4295,2024-01-09 00:00:00,768.10,5,Tartu,pood,jalanõusid
4301,2024-01-09 00:00:00,300.22,2,Tallinn,pood,naiste_riided
4410,2024-01-09 00:00:00,124.89,3,Tallinn,pood,naiste_riided
4444,2024-01-09 00:00:00,49.34,2,Tallinn,pood,laste_riided
4446,2024-01-09 00:00:00,335.88,4,Tallinn,pood,jalanõusid
4455,2024-01-09 00:00:00,141.62,1,null,online,laste_riided
4460,2024-01-09 00:00:00,274.87,1,Pärnu,pood,jalanõusid
4518,2024-01-09 00:00:00,65.52,1,Tallinn,pood,jalanõusid
4556,2024-01-09 00:00:00,51.10,1,Tallinn,pood,aksessuaarid
4341,2024-01-10 00:00:00,110.08,2,null,online,laste_riided
4417,2024-01-10 00:00:00,139.74,1,null,online,naiste_riided
4465,2024-01-10 00:00:00,150.11,1,Tartu,pood,naiste_riided
4478,2024-01-10 00:00:00,229.01,1,Tallinn,pood,meeste_riided
4550,2024-01-10 00:00:00,151.08,1,Tallinn,pood,meeste_riided
4336,2024-01-11 00:00:00,915.24,4,Tartu,pood,jalanõusid
4345,2024-01-11 00:00:00,539.70,2,null,online,meeste_riided
4346,2024-01-11 00:00:00,80.37,3,Tartu,pood,aksessuaarid
4372,2024-01-11 00:00:00,279.43,1,Tartu,pood,meeste_riided
4374,2024-01-11 00:00:00,399.60,2,null,online,aksessuaarid
4382,2024-01-11 00:00:00,251.96,2,Tartu,pood,naiste_riided
4384,2024-01-11 00:00:00,254.85,3,null,online,laste_riided
4389,2024-01-11 00:00:00,203.39,1,Pärnu,pood,aksessuaarid
4449,2024-01-11 00:00:00,175.25,1,null,online,meeste_riided
4456,2024-01-11 00:00:00,548.74,2,null,online,naiste_riided
4479,2024-01-11 00:00:00,541.38,2,null,online,jalanõusid
4481,2024-01-11 00:00:00,213.64,2,null,online,laste_riided
4488,2024-01-11 00:00:00,81.85,5,Pärnu,pood,aksessuaarid
4522,2024-01-11 00:00:00,460.86,3,null,online,jalanõusid
4533,2024-01-11 00:00:00,111.26,1,Tartu,pood,naiste_riided
4536,2024-01-11 00:00:00,241.18,2,null,online,meeste_riided
4317,2024-01-12 00:00:00,152.31,3,Tallinn,pood,naiste_riided
4340,2024-01-12 00:00:00,130.36,1,Tartu,pood,naiste_riided
4349,2024-01-12 00:00:00,120.74,2,Tallinn,pood,naiste_riided
4358,2024-01-12 00:00:00,209.05,1,Tallinn,pood,naiste_riided
4448,2024-01-12 00:00:00,819.48,4,Tallinn,pood,aksessuaarid
4454,2024-01-12 00:00:00,298.94,2,Tallinn,pood,aksessuaarid
4466,2024-01-12 00:00:00,121.51,1,null,online,jalanõusid
4475,2024-01-12 00:00:00,149.47,1,null,online,aksessuaarid
4508,2024-01-12 00:00:00,243.96,2,Tallinn,pood,aksessuaarid
4517,2024-01-12 00:00:00,716.82,2,Tallinn,pood,jalanõusid
4525,2024-01-12 00:00:00,102.20,2,Tallinn,pood,aksessuaarid
4534,2024-01-12 00:00:00,60.36,4,Tartu,pood,aksessuaarid
4586,2024-01-12 00:00:00,158.51,1,Tartu,pood,naiste_riided
4338,2024-01-13 00:00:00,179.35,1,Tallinn,pood,naiste_riided
4359,2024-01-13 00:00:00,84.54,1,null,online,jalanõusid
4396,2024-01-13 00:00:00,675.84,3,null,online,aksessuaarid
4432,2024-01-13 00:00:00,166.20,2,Tallinn,pood,meeste_riided
4482,2024-01-13 00:00:00,31.65,1,Tartu,pood,laste_riided
4529,2024-01-13 00:00:00,1053.80,5,Tartu,pood,naiste_riided
4539,2024-01-13 00:00:00,877.83,3,null,online,jalanõusid
4553,2024-01-13 00:00:00,78.09,1,null,online,naiste_riided
4569,2024-01-13 00:00:00,216.18,2,null,online,naiste_riided
4572,2024-01-13 00:00:00,166.27,1,null,online,naiste_riided
4598,2024-01-13 00:00:00,290.32,4,Tallinn,pood,laste_riided
4603,2024-01-13 00:00:00,83.10,1,Tallinn,pood,meeste_riided
4605,2024-01-13 00:00:00,74.81,1,Tallinn,pood,aksessuaarid
4308,2024-01-14 00:00:00,147.16,1,Tallinn,pood,aksessuaarid
4328,2024-01-14 00:00:00,218.99,1,Pärnu,pood,naiste_riided
4330,2024-01-14 00:00:00,154.74,3,null,online,laste_riided
4339,2024-01-14 00:00:00,218.42,1,Tartu,pood,meeste_riided
4399,2024-01-14 00:00:00,307.27,1,Tallinn,pood,jalanõusid
4406,2024-01-14 00:00:00,436.84,2,Tartu,pood,meeste_riided
4436,2024-01-14 00:00:00,124.35,1,null,online,meeste_riided
4459,2024-01-14 00:00:00,109.62,1,Tartu,pood,naiste_riided
4461,2024-01-14 00:00:00,611.44,2,Tallinn,pood,jalanõusid
4467,2024-01-14 00:00:00,147.16,1,Tartu,pood,aksessuaarid
4494,2024-01-14 00:00:00,437.16,3,null,online,aksessuaarid
4514,2024-01-14 00:00:00,273.32,1,Pärnu,pood,jalanõusid
4555,2024-01-14 00:00:00,232.61,1,Tallinn,pood,jalanõusid
4558,2024-01-14 00:00:00,329.99,1,Tartu,pood,jalanõusid
4573,2024-01-14 00:00:00,393.82,2,null,online,meeste_riided
4578,2024-01-14 00:00:00,63.87,1,null,online,laste_riided
4579,2024-01-14 00:00:00,153.62,1,Pärnu,pood,jalanõusid
4296,2024-01-15 00:00:00,1219.65,5,Tallinn,pood,meeste_riided
4297,2024-01-15 00:00:00,676.86,2,null,online,meeste_riided
4344,2024-01-15 00:00:00,132.30,1,Tallinn,pood,jalanõusid
4405,2024-01-15 00:00:00,259.23,1,null,online,meeste_riided
4418,2024-01-15 00:00:00,389.14,2,Pärnu,pood,aksessuaarid
4423,2024-01-15 00:00:00,48.58,1,Pärnu,pood,laste_riided
4485,2024-01-15 00:00:00,100.40,1,Pärnu,pood,laste_riided
4497,2024-01-15 00:00:00,259.69,1,null,online,meeste_riided
4523,2024-01-15 00:00:00,132.30,1,null,online,jalanõusid
4540,2024-01-15 00:00:00,560.04,2,Tallinn,pood,naiste_riided
4543,2024-01-15 00:00:00,63.30,2,null,online,laste_riided
4552,2024-01-15 00:00:00,96.50,1,Pärnu,pood,meeste_riided
4567,2024-01-15 00:00:00,723.39,3,Tartu,pood,jalanõusid
4575,2024-01-15 00:00:00,541.98,2,Tartu,pood,meeste_riided
4580,2024-01-15 00:00:00,47.07,1,Tallinn,pood,aksessuaarid
4334,2024-01-16 00:00:00,411.78,2,null,online,aksessuaarid
4427,2024-01-16 00:00:00,371.79,1,Pärnu,pood,jalanõusid
4450,2024-01-16 00:00:00,154.71,1,Tallinn,pood,meeste_riided
4451,2024-01-16 00:00:00,41.79,1,Pärnu,pood,laste_riided
4503,2024-01-16 00:00:00,125.12,2,Tallinn,pood,aksessuaarid
4594,2024-01-16 00:00:00,356.57,1,Tartu,pood,meeste_riided
4361,2024-01-17 00:00:00,251.91,3,Tallinn,pood,jalanõusid
4390,2024-01-17 00:00:00,561.48,3,null,online,jalanõusid
4392,2024-01-17 00:00:00,287.61,3,Tallinn,pood,laste_riided
4402,2024-01-17 00:00:00,22.70,1,Tartu,pood,aksessuaarid
4457,2024-01-17 00:00:00,153.11,1,Tallinn,pood,aksessuaarid
4506,2024-01-17 00:00:00,210.36,1,null,online,jalanõusid
4538,2024-01-17 00:00:00,377.82,2,Tallinn,pood,aksessuaarid
4544,2024-01-17 00:00:00,94.76,2,Tallinn,pood,laste_riided
4593,2024-01-17 00:00:00,270.69,1,Tallinn,pood,jalanõusid
4306,2024-01-18 00:00:00,147.58,1,null,online,jalanõusid
4321,2024-01-18 00:00:00,246.97,1,Pärnu,pood,meeste_riided
4363,2024-01-18 00:00:00,482.26,2,null,online,jalanõusid
4393,2024-01-18 00:00:00,190.81,1,null,online,jalanõusid
4415,2024-01-18 00:00:00,358.70,2,null,online,naiste_riided
4420,2024-01-18 00:00:00,315.69,3,Tallinn,pood,laste_riided
4430,2024-01-18 00:00:00,664.26,3,Tallinn,pood,jalanõusid
4453,2024-01-18 00:00:00,338.43,1,Tallinn,pood,meeste_riided
4490,2024-01-18 00:00:00,831.35,5,Tartu,pood,naiste_riided
4560,2024-01-18 00:00:00,843.57,3,null,online,meeste_riided
4602,2024-01-18 00:00:00,65.00,1,Tallinn,pood,jalanõusid
4298,2024-01-19 00:00:00,106.82,1,Tallinn,pood,laste_riided
4316,2024-01-19 00:00:00,321.78,3,null,online,aksessuaarid
4342,2024-01-19 00:00:00,448.38,2,null,online,naiste_riided
4413,2024-01-19 00:00:00,221.19,1,null,online,jalanõusid
4472,2024-01-19 00:00:00,423.15,3,null,online,jalanõusid
4473,2024-01-19 00:00:00,1082.76,4,null,online,jalanõusid
4476,2024-01-19 00:00:00,70.01,1,Tallinn,pood,meeste_riided
4507,2024-01-19 00:00:00,134.94,1,Tallinn,pood,aksessuaarid
4531,2024-01-19 00:00:00,106.82,1,Tallinn,pood,laste_riided
4588,2024-01-19 00:00:00,77.40,2,Tartu,pood,laste_riided
4307,2024-01-20 00:00:00,47.07,1,Tartu,pood,aksessuaarid
4356,2024-01-20 00:00:00,958.26,3,Tallinn,pood,naiste_riided
4470,2024-01-20 00:00:00,1544.20,5,Tallinn,pood,naiste_riided
4486,2024-01-20 00:00:00,198.42,1,Tallinn,pood,jalanõusid
4498,2024-01-20 00:00:00,136.30,1,Pärnu,pood,laste_riided
4502,2024-01-20 00:00:00,458.55,3,null,online,laste_riided
4542,2024-01-20 00:00:00,110.53,1,Pärnu,pood,meeste_riided
4584,2024-01-20 00:00:00,137.33,1,Pärnu,pood,meeste_riided
4595,2024-01-20 00:00:00,120.74,2,Tallinn,pood,naiste_riided
4309,2024-01-21 00:00:00,639.96,2,Tallinn,pood,jalanõusid
4383,2024-01-21 00:00:00,327.06,2,Pärnu,pood,meeste_riided
4425,2024-01-21 00:00:00,74.41,1,null,online,jalanõusid
4429,2024-01-21 00:00:00,937.23,3,null,online,meeste_riided
4471,2024-01-21 00:00:00,605.72,2,Tartu,pood,jalanõusid
4499,2024-01-21 00:00:00,176.65,1,null,online,aksessuaarid
4500,2024-01-21 00:00:00,254.85,3,Tallinn,pood,laste_riided
4524,2024-01-21 00:00:00,71.36,2,null,online,laste_riided
4581,2024-01-21 00:00:00,51.58,1,null,online,laste_riided
4304,2024-01-22 00:00:00,95.50,1,Tartu,pood,naiste_riided
4322,2024-01-22 00:00:00,301.97,1,Tartu,pood,naiste_riided
4331,2024-01-22 00:00:00,274.87,1,null,online,jalanõusid
4351,2024-01-22 00:00:00,76.70,1,Tartu,pood,naiste_riided
4404,2024-01-22 00:00:00,351.33,1,null,online,naiste_riided
4419,2024-01-22 00:00:00,215.96,4,Tartu,pood,laste_riided
4428,2024-01-22 00:00:00,72.60,1,null,online,laste_riided
4474,2024-01-22 00:00:00,53.58,2,Tallinn,pood,aksessuaarid
4501,2024-01-22 00:00:00,459.10,2,null,online,naiste_riided
4519,2024-01-22 00:00:00,232.40,2,null,online,meeste_riided
4548,2024-01-22 00:00:00,201.14,2,null,online,laste_riided
4303,2024-01-23 00:00:00,240.34,2,Tallinn,pood,jalanõusid
4311,2024-01-23 00:00:00,30.18,2,Tallinn,pood,aksessuaarid
4318,2024-01-23 00:00:00,370.92,3,Tallinn,pood,laste_riided
4350,2024-01-23 00:00:00,175.25,1,Tallinn,pood,meeste_riided
4365,2024-01-23 00:00:00,257.32,2,null,online,jalanõusid
4489,2024-01-23 00:00:00,219.83,1,Tartu,pood,aksessuaarid
4583,2024-01-23 00:00:00,290.55,1,Tallinn,pood,naiste_riided
4305,2024-01-24 00:00:00,351.62,1,Tallinn,pood,meeste_riided
4310,2024-01-24 00:00:00,562.38,2,null,online,meeste_riided
4353,2024-01-24 00:00:00,79.86,3,null,online,laste_riided
4388,2024-01-24 00:00:00,347.24,2,Tartu,pood,aksessuaarid
4424,2024-01-24 00:00:00,319.35,5,Tallinn,pood,laste_riided
4434,2024-01-24 00:00:00,41.63,1,Tallinn,pood,naiste_riided
4435,2024-01-24 00:00:00,117.05,1,null,online,aksessuaarid
4484,2024-01-24 00:00:00,63.30,2,Tartu,pood,laste_riided
4504,2024-01-24 00:00:00,389.14,2,null,online,aksessuaarid
4527,2024-01-24 00:00:00,159.57,3,Pärnu,pood,laste_riided
4585,2024-01-24 00:00:00,31.65,1,Tallinn,pood,laste_riided
4313,2024-01-25 00:00:00,874.16,4,null,online,jalanõusid
4348,2024-01-25 00:00:00,210.76,1,Tallinn,pood,naiste_riided
4370,2024-01-25 00:00:00,221.40,2,Tartu,pood,laste_riided
4394,2024-01-25 00:00:00,50.85,1,Tallinn,pood,aksessuaarid
4400,2024-01-25 00:00:00,197.36,2,Tartu,pood,laste_riided
4412,2024-01-25 00:00:00,-502.08,4,null,online,meeste_riided
4462,2024-01-25 00:00:00,351.33,1,null,online,naiste_riided
4516,2024-01-25 00:00:00,34.04,1,Tallinn,pood,laste_riided
4549,2024-01-25 00:00:00,151.08,1,Tartu,pood,meeste_riided
4600,2024-01-25 00:00:00,279.48,2,Tartu,pood,naiste_riided
4604,2024-01-25 00:00:00,350.19,1,null,online,jalanõusid
4343,2024-01-26 00:00:00,141.62,1,null,online,laste_riided
4362,2024-01-26 00:00:00,825.36,4,Tallinn,pood,jalanõusid
4367,2024-01-26 00:00:00,291.00,2,null,online,jalanõusid
4368,2024-01-26 00:00:00,84.95,1,Tartu,pood,laste_riided
4377,2024-01-26 00:00:00,290.55,1,null,online,naiste_riided
4380,2024-01-26 00:00:00,127.74,2,Tallinn,pood,laste_riided
4391,2024-01-26 00:00:00,107.67,1,Tallinn,pood,meeste_riided
4433,2024-01-26 00:00:00,390.06,3,Tallinn,pood,laste_riided
4477,2024-01-26 00:00:00,168.82,1,null,online,laste_riided
4554,2024-01-26 00:00:00,93.13,1,Tallinn,pood,aksessuaarid
4557,2024-01-26 00:00:00,296.40,1,Pärnu,pood,naiste_riided
4582,2024-01-26 00:00:00,351.62,1,null,online,meeste_riided
4589,2024-01-26 00:00:00,272.05,1,Tallinn,pood,naiste_riided
4606,2024-01-26 00:00:00,248.70,2,Tallinn,pood,meeste_riided
4300,2024-01-27 00:00:00,184.15,1,Tallinn,pood,aksessuaarid
4416,2024-01-27 00:00:00,247.64,2,Tartu,pood,meeste_riided
4440,2024-01-27 00:00:00,838.29,3,Tallinn,pood,meeste_riided
4528,2024-01-27 00:00:00,583.71,3,null,online,aksessuaarid
4566,2024-01-27 00:00:00,548.74,2,null,online,naiste_riided
4570,2024-01-27 00:00:00,514.78,2,null,online,naiste_riided
4596,2024-01-27 00:00:00,1053.80,5,Tartu,pood,naiste_riided
4315,2024-01-28 00:00:00,231.13,1,Tartu,pood,aksessuaarid
4337,2024-01-28 00:00:00,82.15,1,Pärnu,pood,meeste_riided
4355,2024-01-28 00:00:00,222.10,1,Tartu,pood,naiste_riided
4364,2024-01-28 00:00:00,695.68,2,Tallinn,pood,meeste_riided
4385,2024-01-28 00:00:00,58.49,1,Tartu,pood,jalanõusid
4386,2024-01-28 00:00:00,206.34,1,null,online,jalanõusid
4395,2024-01-28 00:00:00,285.14,2,Tartu,pood,meeste_riided
4426,2024-01-28 00:00:00,109.90,2,Tartu,pood,laste_riided
4599,2024-01-28 00:00:00,319.98,1,Tallinn,pood,jalanõusid
4352,2024-01-29 00:00:00,302.86,1,null,online,jalanõusid
4375,2024-01-29 00:00:00,302.86,1,null,online,jalanõusid
4437,2024-01-29 00:00:00,172.92,2,Tallinn,pood,laste_riided
4463,2024-01-29 00:00:00,310.90,2,Tallinn,pood,aksessuaarid
4521,2024-01-29 00:00:00,241.18,2,Tartu,pood,meeste_riided
4541,2024-01-29 00:00:00,375.34,1,null,online,jalanõusid
4319,2024-01-30 00:00:00,252.84,2,null,online,meeste_riided
4366,2024-01-30 00:00:00,-228.81,1,null,online,jalanõusid
4379,2024-01-30 00:00:00,243.96,2,Tallinn,pood,aksessuaarid
4398,2024-01-30 00:00:00,95.87,1,null,online,laste_riided
4403,2024-01-30 00:00:00,98.79,3,Tallinn,pood,naiste_riided
4407,2024-01-30 00:00:00,139.74,1,Tartu,pood,naiste_riided
4510,2024-01-30 00:00:00,128.44,1,Tallinn,pood,laste_riided
4546,2024-01-30 00:00:00,45.40,2,Tallinn,pood,aksessuaarid
4562,2024-01-30 00:00:00,73.18,1,Tallinn,pood,jalanõusid
4597,2024-01-30 00:00:00,222.10,1,null,online,naiste_riided
4369,2024-01-31 00:00:00,519.38,2,Pärnu,pood,meeste_riided
4397,2024-01-31 00:00:00,281.28,2,null,online,laste_riided
4409,2024-01-31 00:00:00,67.75,1,Tallinn,pood,jalanõusid
4411,2024-01-31 00:00:00,243.96,2,Tallinn,pood,aksessuaarid
4458,2024-01-31 00:00:00,178.78,2,null,online,meeste_riided
4487,2024-01-31 00:00:00,22.70,1,null,online,laste_riided
4526,2024-01-31 00:00:00,205.00,1,Tallinn,pood,meeste_riided
4590,2024-01-31 00:00:00,504.20,2,Tallinn,pood,jalanõusid
4601,2024-01-31 00:00:00,-371.05,1,null,online,jalanõusid
4607,2024-01-31 00:00:00,22.04,1,Tartu,pood,aksessuaarid
4634,2024-02-01 00:00:00,659.98,2,Tallinn,pood,jalanõusid
4654,2024-02-01 00:00:00,48.58,1,Tartu,pood,laste_riided
4676,2024-02-01 00:00:00,130.00,2,Tallinn,pood,jalanõusid
4684,2024-02-01 00:00:00,172.28,2,Tallinn,pood,laste_riided
4686,2024-02-01 00:00:00,201.86,2,null,online,meeste_riided
4695,2024-02-01 00:00:00,311.68,2,null,online,aksessuaarid
4745,2024-02-01 00:00:00,654.14,2,null,online,meeste_riided
4756,2024-02-01 00:00:00,570.28,4,Tallinn,pood,meeste_riided
4881,2024-02-01 00:00:00,868.16,2,Pärnu,pood,jalanõusid
4922,2024-02-01 00:00:00,184.02,1,Tartu,pood,aksessuaarid
4625,2024-02-02 00:00:00,377.82,2,null,online,aksessuaarid
4679,2024-02-02 00:00:00,145.50,1,Tartu,pood,jalanõusid
4734,2024-02-02 00:00:00,312.26,2,Pärnu,pood,aksessuaarid
4735,2024-02-02 00:00:00,448.41,3,Tallinn,pood,aksessuaarid
4740,2024-02-02 00:00:00,145.50,1,null,online,jalanõusid
4757,2024-02-02 00:00:00,29.48,1,Tallinn,pood,aksessuaarid
4765,2024-02-02 00:00:00,278.59,1,Tartu,pood,meeste_riided
4772,2024-02-02 00:00:00,210.58,2,Pärnu,pood,laste_riided
4775,2024-02-02 00:00:00,62.55,1,Tallinn,pood,jalanõusid
4777,2024-02-02 00:00:00,81.85,1,Tallinn,pood,meeste_riided
4783,2024-02-02 00:00:00,50.85,1,null,online,aksessuaarid
4830,2024-02-02 00:00:00,105.23,1,Pärnu,pood,laste_riided
4893,2024-02-02 00:00:00,564.58,2,null,online,jalanõusid
4910,2024-02-02 00:00:00,68.08,2,Tartu,pood,laste_riided
4635,2024-02-03 00:00:00,88.08,1,null,online,laste_riided
4675,2024-02-03 00:00:00,427.71,3,Tartu,pood,meeste_riided
4737,2024-02-03 00:00:00,188.91,1,Tartu,pood,aksessuaarid
4749,2024-02-03 00:00:00,63.62,1,null,online,jalanõusid
4784,2024-02-03 00:00:00,257.39,1,null,online,naiste_riided
4802,2024-02-03 00:00:00,459.10,2,Tallinn,pood,naiste_riided
4803,2024-02-03 00:00:00,926.52,3,null,online,naiste_riided
4855,2024-02-03 00:00:00,301.97,1,Tallinn,pood,naiste_riided
4857,2024-02-03 00:00:00,216.18,2,Tartu,pood,naiste_riided
4908,2024-02-03 00:00:00,416.22,2,Pärnu,pood,meeste_riided
4609,2024-02-04 00:00:00,243.02,2,Pärnu,pood,jalanõusid
4647,2024-02-04 00:00:00,332.55,1,null,online,meeste_riided
4660,2024-02-04 00:00:00,184.02,1,Pärnu,pood,aksessuaarid
4714,2024-02-04 00:00:00,183.31,1,Pärnu,pood,aksessuaarid
4727,2024-02-04 00:00:00,713.13,3,null,online,naiste_riided
4748,2024-02-04 00:00:00,280.02,1,Pärnu,pood,naiste_riided
4760,2024-02-04 00:00:00,149.55,1,null,online,aksessuaarid
4767,2024-02-04 00:00:00,208.83,1,Tallinn,pood,naiste_riided
4824,2024-02-04 00:00:00,103.16,2,Tallinn,pood,laste_riided
4885,2024-02-04 00:00:00,209.05,1,Tallinn,pood,naiste_riided
4891,2024-02-04 00:00:00,347.24,2,Tartu,pood,aksessuaarid
4895,2024-02-04 00:00:00,135.99,1,Tartu,pood,naiste_riided
4903,2024-02-04 00:00:00,382.96,2,Tallinn,pood,aksessuaarid
4631,2024-02-05 00:00:00,106.71,1,null,online,aksessuaarid
4661,2024-02-05 00:00:00,208.72,1,null,online,aksessuaarid
4665,2024-02-05 00:00:00,96.11,1,Tartu,pood,jalanõusid
4711,2024-02-05 00:00:00,184.07,1,Tartu,pood,meeste_riided
4721,2024-02-05 00:00:00,95.87,1,null,online,laste_riided
4744,2024-02-05 00:00:00,225.81,1,null,online,naiste_riided
4779,2024-02-05 00:00:00,89.29,1,Tartu,pood,meeste_riided
4805,2024-02-05 00:00:00,234.99,1,null,online,naiste_riided
4847,2024-02-05 00:00:00,74.81,1,Pärnu,pood,aksessuaarid
4864,2024-02-05 00:00:00,294.32,2,Tallinn,pood,aksessuaarid
4866,2024-02-05 00:00:00,205.00,1,Tallinn,pood,meeste_riided
4867,2024-02-05 00:00:00,-116.87,1,Tallinn,pood,jalanõusid
4886,2024-02-05 00:00:00,321.42,2,Tallinn,pood,meeste_riided
4894,2024-02-05 00:00:00,126.42,1,null,online,meeste_riided
4610,2024-02-06 00:00:00,412.68,2,Pärnu,pood,jalanõusid
4624,2024-02-06 00:00:00,28.56,1,null,online,aksessuaarid
4636,2024-02-06 00:00:00,76.70,1,null,online,naiste_riided
4694,2024-02-06 00:00:00,32.93,1,Tallinn,pood,naiste_riided
4709,2024-02-06 00:00:00,465.65,5,Tallinn,pood,aksessuaarid
4741,2024-02-06 00:00:00,38.70,1,Tallinn,pood,laste_riided
4762,2024-02-06 00:00:00,51.50,1,null,online,laste_riided
4768,2024-02-06 00:00:00,346.70,1,null,online,naiste_riided
4787,2024-02-06 00:00:00,402.62,1,null,online,jalanõusid
4791,2024-02-06 00:00:00,506.52,2,Tallinn,pood,meeste_riided
4816,2024-02-06 00:00:00,210.36,1,Tallinn,pood,jalanõusid
4837,2024-02-06 00:00:00,76.70,1,null,online,naiste_riided
4850,2024-02-06 00:00:00,526.26,2,Pärnu,pood,naiste_riided
4854,2024-02-06 00:00:00,95.39,1,Pärnu,pood,aksessuaarid
4859,2024-02-06 00:00:00,145.50,1,Tallinn,pood,jalanõusid
4879,2024-02-06 00:00:00,363.36,2,Tallinn,pood,aksessuaarid
4928,2024-02-06 00:00:00,143.42,1,Tallinn,pood,meeste_riided
4663,2024-02-07 00:00:00,458.02,2,null,online,meeste_riided
4668,2024-02-07 00:00:00,153.40,2,Pärnu,pood,naiste_riided
4669,2024-02-07 00:00:00,77.40,2,Tartu,pood,laste_riided
4674,2024-02-07 00:00:00,157.49,1,null,online,jalanõusid
4680,2024-02-07 00:00:00,205.89,1,Pärnu,pood,aksessuaarid
4682,2024-02-07 00:00:00,152.85,1,Tallinn,pood,laste_riided
4700,2024-02-07 00:00:00,60.80,1,Tallinn,pood,laste_riided
4708,2024-02-07 00:00:00,135.99,1,Tallinn,pood,naiste_riided
4712,2024-02-07 00:00:00,184.07,1,Pärnu,pood,meeste_riided
4755,2024-02-07 00:00:00,116.20,1,Tallinn,pood,meeste_riided
4782,2024-02-07 00:00:00,48.58,1,null,online,laste_riided
4789,2024-02-07 00:00:00,145.46,2,null,online,naiste_riided
4801,2024-02-07 00:00:00,298.71,3,null,online,laste_riided
4823,2024-02-07 00:00:00,468.39,3,Tartu,pood,aksessuaarid
4865,2024-02-07 00:00:00,105.09,1,Tallinn,pood,meeste_riided
4623,2024-02-08 00:00:00,225.81,1,Tallinn,pood,naiste_riided
4753,2024-02-08 00:00:00,655.26,3,Tallinn,pood,meeste_riided
4781,2024-02-08 00:00:00,260.72,2,null,online,naiste_riided
4798,2024-02-08 00:00:00,210.36,1,Tallinn,pood,jalanõusid
4800,2024-02-08 00:00:00,221.42,1,Tallinn,pood,jalanõusid
4820,2024-02-08 00:00:00,257.39,1,null,online,naiste_riided
4831,2024-02-08 00:00:00,164.30,2,null,online,meeste_riided
4839,2024-02-08 00:00:00,218.54,1,Tallinn,pood,jalanõusid
4849,2024-02-08 00:00:00,1099.48,4,Pärnu,pood,jalanõusid
4853,2024-02-08 00:00:00,549.93,3,null,online,aksessuaarid
4927,2024-02-08 00:00:00,205.00,1,null,online,meeste_riided
4726,2024-02-09 00:00:00,-144.36,1,Tallinn,pood,aksessuaarid
4795,2024-02-09 00:00:00,632.28,3,null,online,naiste_riided
4804,2024-02-09 00:00:00,210.58,2,Tallinn,pood,laste_riided
4851,2024-02-09 00:00:00,86.80,1,Tallinn,pood,naiste_riided
4890,2024-02-09 00:00:00,213.42,2,Tallinn,pood,aksessuaarid
4896,2024-02-09 00:00:00,638.84,2,Tallinn,pood,naiste_riided
4913,2024-02-09 00:00:00,247.28,2,Tallinn,pood,laste_riided
4915,2024-02-09 00:00:00,222.52,2,Pärnu,pood,naiste_riided
4936,2024-02-09 00:00:00,196.91,1,Pärnu,pood,meeste_riided
4618,2024-02-10 00:00:00,188.91,1,Tallinn,pood,aksessuaarid
4620,2024-02-10 00:00:00,772.17,3,null,online,naiste_riided
4632,2024-02-10 00:00:00,712.85,5,null,online,meeste_riided
4638,2024-02-10 00:00:00,611.44,2,Tallinn,pood,jalanõusid
4673,2024-02-10 00:00:00,147.80,2,Pärnu,pood,laste_riided
4678,2024-02-10 00:00:00,371.05,1,null,online,jalanõusid
4718,2024-02-10 00:00:00,390.06,3,Tartu,pood,laste_riided
4724,2024-02-10 00:00:00,848.85,3,Tartu,pood,naiste_riided
4764,2024-02-10 00:00:00,153.11,1,Pärnu,pood,aksessuaarid
4870,2024-02-10 00:00:00,55.04,1,Tallinn,pood,laste_riided
4616,2024-02-11 00:00:00,104.27,1,Tallinn,pood,laste_riided
4633,2024-02-11 00:00:00,205.89,1,Tallinn,pood,aksessuaarid
4662,2024-02-11 00:00:00,80.39,1,null,online,laste_riided
4681,2024-02-11 00:00:00,94.25,1,Tallinn,pood,laste_riided
4738,2024-02-11 00:00:00,32.74,2,null,online,aksessuaarid
4758,2024-02-11 00:00:00,222.10,1,Tallinn,pood,naiste_riided
4790,2024-02-11 00:00:00,840.06,3,Tallinn,pood,naiste_riided
4821,2024-02-11 00:00:00,459.33,3,Tallinn,pood,aksessuaarid
4848,2024-02-11 00:00:00,399.60,2,null,online,aksessuaarid
4856,2024-02-11 00:00:00,89.29,1,null,online,meeste_riided
4892,2024-02-11 00:00:00,34.04,1,Tallinn,pood,laste_riided
4935,2024-02-11 00:00:00,45.40,2,null,online,aksessuaarid
4612,2024-02-12 00:00:00,410.00,2,Tallinn,pood,meeste_riided
4619,2024-02-12 00:00:00,328.86,3,Tallinn,pood,naiste_riided
4643,2024-02-12 00:00:00,134.94,1,Tallinn,pood,aksessuaarid
4698,2024-02-12 00:00:00,509.52,4,Tallinn,pood,meeste_riided
4707,2024-02-12 00:00:00,151.08,1,Tartu,pood,meeste_riided
4751,2024-02-12 00:00:00,72.60,1,Tallinn,pood,laste_riided
4811,2024-02-12 00:00:00,221.19,1,Tallinn,pood,jalanõusid
4812,2024-02-12 00:00:00,70.01,1,Tartu,pood,meeste_riided
4834,2024-02-12 00:00:00,552.21,3,Tartu,pood,meeste_riided
4852,2024-02-12 00:00:00,122.45,1,Tartu,pood,naiste_riided
4877,2024-02-12 00:00:00,110.02,1,Tartu,pood,naiste_riided
4880,2024-02-12 00:00:00,203.39,1,null,online,aksessuaarid
4897,2024-02-12 00:00:00,-254.85,3,Pärnu,pood,laste_riided
4906,2024-02-12 00:00:00,65.52,1,Tallinn,pood,jalanõusid
4917,2024-02-12 00:00:00,197.36,2,null,online,laste_riided
4925,2024-02-12 00:00:00,274.66,2,Tallinn,pood,meeste_riided
4941,2024-02-12 00:00:00,159.57,3,null,online,laste_riided
4627,2024-02-13 00:00:00,72.73,1,Tallinn,pood,naiste_riided
4656,2024-02-13 00:00:00,648.76,2,Tallinn,pood,jalanõusid
4688,2024-02-13 00:00:00,218.99,1,Pärnu,pood,naiste_riided
4693,2024-02-13 00:00:00,582.72,2,Tallinn,pood,naiste_riided
4730,2024-02-13 00:00:00,334.46,2,Tallinn,pood,laste_riided
4827,2024-02-13 00:00:00,29.48,1,null,online,aksessuaarid
4828,2024-02-13 00:00:00,371.46,3,Tallinn,pood,meeste_riided
4869,2024-02-13 00:00:00,63.87,1,Tartu,pood,laste_riided
4930,2024-02-13 00:00:00,112.68,1,Tartu,pood,laste_riided
4637,2024-02-14 00:00:00,99.57,1,Tallinn,pood,laste_riided
4716,2024-02-14 00:00:00,288.40,2,Tartu,pood,meeste_riided
4719,2024-02-14 00:00:00,169.90,2,Tallinn,pood,laste_riided
4809,2024-02-14 00:00:00,421.52,2,Tallinn,pood,naiste_riided
4825,2024-02-14 00:00:00,237.71,1,null,online,naiste_riided
4840,2024-02-14 00:00:00,243.93,1,Tallinn,pood,meeste_riided
4889,2024-02-14 00:00:00,279.43,1,Tartu,pood,meeste_riided
4920,2024-02-14 00:00:00,45.40,2,Tartu,pood,laste_riided
4924,2024-02-14 00:00:00,176.65,1,Tallinn,pood,aksessuaarid
4615,2024-02-15 00:00:00,733.24,4,Tallinn,pood,aksessuaarid
4644,2024-02-15 00:00:00,138.78,2,Tallinn,pood,jalanõusid
4699,2024-02-15 00:00:00,208.72,1,Tallinn,pood,aksessuaarid
4742,2024-02-15 00:00:00,279.48,2,Tallinn,pood,naiste_riided
4792,2024-02-15 00:00:00,813.56,4,null,online,aksessuaarid
4797,2024-02-15 00:00:00,133.10,5,Tartu,pood,laste_riided
4842,2024-02-15 00:00:00,210.18,2,Tallinn,pood,meeste_riided
4861,2024-02-15 00:00:00,443.78,2,Pärnu,pood,naiste_riided
4898,2024-02-15 00:00:00,132.42,2,Tallinn,pood,laste_riided
4904,2024-02-15 00:00:00,658.14,3,null,online,aksessuaarid
4667,2024-02-16 00:00:00,624.33,3,Tallinn,pood,meeste_riided
4728,2024-02-16 00:00:00,128.37,1,Tallinn,pood,laste_riided
4732,2024-02-16 00:00:00,130.73,1,Pärnu,pood,laste_riided
4736,2024-02-16 00:00:00,274.50,1,Tartu,pood,meeste_riided
4808,2024-02-16 00:00:00,333.78,3,Pärnu,pood,naiste_riided
4817,2024-02-16 00:00:00,50.85,1,null,online,aksessuaarid
4862,2024-02-16 00:00:00,190.81,1,null,online,jalanõusid
4873,2024-02-16 00:00:00,201.86,1,Tallinn,pood,meeste_riided
4918,2024-02-16 00:00:00,1174.95,5,null,online,naiste_riided
4926,2024-02-16 00:00:00,141.05,1,Tartu,pood,jalanõusid
4938,2024-02-16 00:00:00,145.20,2,Tartu,pood,laste_riided
4639,2024-02-17 00:00:00,99.57,1,null,online,laste_riided
4685,2024-02-17 00:00:00,124.35,1,Tallinn,pood,meeste_riided
4691,2024-02-17 00:00:00,204.87,1,Tartu,pood,aksessuaarid
4704,2024-02-17 00:00:00,538.32,4,null,online,meeste_riided
4739,2024-02-17 00:00:00,151.08,1,Tartu,pood,meeste_riided
4752,2024-02-17 00:00:00,291.36,1,null,online,naiste_riided
4754,2024-02-17 00:00:00,350.19,1,Tallinn,pood,jalanõusid
4773,2024-02-17 00:00:00,277.80,2,Tallinn,pood,meeste_riided
4836,2024-02-17 00:00:00,162.86,1,null,online,naiste_riided
4841,2024-02-17 00:00:00,148.82,2,Tallinn,pood,jalanõusid
4844,2024-02-17 00:00:00,72.58,1,null,online,laste_riided
4878,2024-02-17 00:00:00,545.20,4,Pärnu,pood,laste_riided
4902,2024-02-17 00:00:00,85.28,2,Pärnu,pood,naiste_riided
4916,2024-02-17 00:00:00,247.64,2,Tartu,pood,meeste_riided
4940,2024-02-17 00:00:00,507.60,2,null,online,jalanõusid
4651,2024-02-18 00:00:00,253.80,1,null,online,jalanõusid
4653,2024-02-18 00:00:00,360.28,2,null,online,naiste_riided
4701,2024-02-18 00:00:00,262.08,4,null,online,jalanõusid
4706,2024-02-18 00:00:00,-437.68,4,Tallinn,pood,aksessuaarid
4813,2024-02-18 00:00:00,900.70,5,null,online,naiste_riided
4814,2024-02-18 00:00:00,84.54,1,Tartu,pood,jalanõusid
4876,2024-02-18 00:00:00,-274.78,1,Tallinn,pood,meeste_riided
4888,2024-02-18 00:00:00,582.72,2,null,online,naiste_riided
4929,2024-02-18 00:00:00,125.36,1,Tallinn,pood,laste_riided
4720,2024-02-19 00:00:00,195.40,4,Tartu,pood,meeste_riided
4761,2024-02-19 00:00:00,281.10,3,Pärnu,pood,meeste_riided
4796,2024-02-19 00:00:00,585.22,2,Tallinn,pood,jalanõusid
4874,2024-02-19 00:00:00,434.08,1,Tartu,pood,jalanõusid
4901,2024-02-19 00:00:00,562.38,2,null,online,meeste_riided
4921,2024-02-19 00:00:00,1426.28,4,Tallinn,pood,meeste_riided
4715,2024-02-20 00:00:00,737.34,2,Tallinn,pood,jalanõusid
4725,2024-02-20 00:00:00,302.90,2,null,online,laste_riided
4743,2024-02-20 00:00:00,153.11,1,Tartu,pood,aksessuaarid
4826,2024-02-20 00:00:00,700.38,2,Tartu,pood,jalanõusid
4900,2024-02-20 00:00:00,133.76,2,Pärnu,pood,aksessuaarid
4923,2024-02-20 00:00:00,304.26,2,Tartu,pood,meeste_riided
4703,2024-02-21 00:00:00,110.53,1,Tallinn,pood,meeste_riided
4705,2024-02-21 00:00:00,45.40,2,Tallinn,pood,laste_riided
4776,2024-02-21 00:00:00,375.34,1,null,online,jalanõusid
4815,2024-02-21 00:00:00,159.25,1,Tartu,pood,meeste_riided
4818,2024-02-21 00:00:00,32.74,2,Tallinn,pood,aksessuaarid
4622,2024-02-22 00:00:00,94.25,1,null,online,laste_riided
4650,2024-02-22 00:00:00,99.57,1,Tartu,pood,laste_riided
4658,2024-02-22 00:00:00,95.87,1,Tallinn,pood,laste_riided
4702,2024-02-22 00:00:00,560.31,3,null,online,aksessuaarid
4723,2024-02-22 00:00:00,393.82,2,Tallinn,pood,meeste_riided
4747,2024-02-22 00:00:00,407.34,2,Tallinn,pood,meeste_riided
4778,2024-02-22 00:00:00,259.69,1,Tartu,pood,meeste_riided
4863,2024-02-22 00:00:00,191.74,2,Pärnu,pood,laste_riided
4919,2024-02-22 00:00:00,205.00,1,Tallinn,pood,meeste_riided
4933,2024-02-22 00:00:00,664.26,3,Tartu,pood,jalanõusid
4630,2024-02-23 00:00:00,35.68,1,Tallinn,pood,laste_riided
4655,2024-02-23 00:00:00,133.76,2,null,online,aksessuaarid
4657,2024-02-23 00:00:00,148.82,2,Tallinn,pood,jalanõusid
4664,2024-02-23 00:00:00,495.04,2,null,online,naiste_riided
4666,2024-02-23 00:00:00,191.00,2,null,online,naiste_riided
4672,2024-02-23 00:00:00,693.40,2,null,online,naiste_riided
4687,2024-02-23 00:00:00,221.42,1,null,online,jalanõusid
4696,2024-02-23 00:00:00,134.94,1,null,online,aksessuaarid
4717,2024-02-23 00:00:00,97.16,2,Pärnu,pood,laste_riided
4750,2024-02-23 00:00:00,151.45,1,null,online,laste_riided
4780,2024-02-23 00:00:00,191.00,2,null,online,naiste_riided
4785,2024-02-23 00:00:00,38.70,1,Tallinn,pood,laste_riided
4793,2024-02-23 00:00:00,152.85,1,Tallinn,pood,laste_riided
4819,2024-02-23 00:00:00,197.36,2,Tallinn,pood,laste_riided
4882,2024-02-23 00:00:00,374.54,1,Tallinn,pood,meeste_riided
4626,2024-02-24 00:00:00,137.33,1,null,online,meeste_riided
4640,2024-02-24 00:00:00,302.86,1,null,online,jalanõusid
4659,2024-02-24 00:00:00,756.30,3,null,online,jalanõusid
4710,2024-02-24 00:00:00,432.36,4,Tartu,pood,naiste_riided
4763,2024-02-24 00:00:00,113.86,1,Tallinn,pood,aksessuaarid
4835,2024-02-24 00:00:00,566.73,3,null,online,aksessuaarid
4838,2024-02-24 00:00:00,135.50,2,Pärnu,pood,jalanõusid
4846,2024-02-24 00:00:00,269.85,1,null,online,meeste_riided
4905,2024-02-24 00:00:00,319.42,1,null,online,naiste_riided
4613,2024-02-25 00:00:00,80.37,3,Tartu,pood,aksessuaarid
4614,2024-02-25 00:00:00,240.34,2,Tartu,pood,jalanõusid
4670,2024-02-25 00:00:00,517.82,2,Tallinn,pood,meeste_riided
4692,2024-02-25 00:00:00,258.91,1,Pärnu,pood,meeste_riided
4729,2024-02-25 00:00:00,259.69,1,Tartu,pood,meeste_riided
4766,2024-02-25 00:00:00,156.13,1,Pärnu,pood,aksessuaarid
4807,2024-02-25 00:00:00,106.71,1,null,online,aksessuaarid
4833,2024-02-25 00:00:00,112.68,1,Tallinn,pood,laste_riided
4843,2024-02-25 00:00:00,358.70,2,null,online,naiste_riided
4875,2024-02-25 00:00:00,418.10,2,null,online,naiste_riided
4884,2024-02-25 00:00:00,443.78,2,null,online,naiste_riided
4608,2024-02-26 00:00:00,421.52,2,Tallinn,pood,naiste_riided
4621,2024-02-26 00:00:00,33.24,2,Tallinn,pood,aksessuaarid
4642,2024-02-26 00:00:00,188.28,4,Tartu,pood,aksessuaarid
4648,2024-02-26 00:00:00,113.50,5,Tallinn,pood,laste_riided
4677,2024-02-26 00:00:00,224.19,1,null,online,naiste_riided
4689,2024-02-26 00:00:00,171.24,3,Tartu,pood,aksessuaarid
4697,2024-02-26 00:00:00,200.64,3,Tallinn,pood,aksessuaarid
4731,2024-02-26 00:00:00,436.84,2,null,online,meeste_riided
4759,2024-02-26 00:00:00,576.80,4,null,online,meeste_riided
4794,2024-02-26 00:00:00,237.71,1,null,online,naiste_riided
4799,2024-02-26 00:00:00,166.27,1,null,online,naiste_riided
4810,2024-02-26 00:00:00,583.38,3,Tartu,pood,naiste_riided
4829,2024-02-26 00:00:00,414.39,3,null,online,laste_riided
4860,2024-02-26 00:00:00,305.70,2,null,online,laste_riided
4909,2024-02-26 00:00:00,208.11,1,null,online,meeste_riided
4934,2024-02-26 00:00:00,82.15,1,null,online,meeste_riided
4611,2024-02-27 00:00:00,368.14,2,null,online,meeste_riided
4641,2024-02-27 00:00:00,1211.44,4,null,online,jalanõusid
4671,2024-02-27 00:00:00,396.58,2,Tallinn,pood,meeste_riided
4733,2024-02-27 00:00:00,325.92,4,Tartu,pood,jalanõusid
4771,2024-02-27 00:00:00,58.96,2,Tallinn,pood,aksessuaarid
4872,2024-02-27 00:00:00,281.19,1,Tallinn,pood,meeste_riided
4899,2024-02-27 00:00:00,1326.00,5,null,online,naiste_riided
4907,2024-02-27 00:00:00,91.22,1,Tallinn,pood,meeste_riided
4939,2024-02-27 00:00:00,489.80,4,null,online,naiste_riided
4628,2024-02-28 00:00:00,215.58,1,Tartu,pood,aksessuaarid
4629,2024-02-28 00:00:00,65.00,1,Pärnu,pood,jalanõusid
4645,2024-02-28 00:00:00,939.96,4,Tallinn,pood,naiste_riided
4649,2024-02-28 00:00:00,665.67,3,Tallinn,pood,naiste_riided
4683,2024-02-28 00:00:00,112.68,1,Tallinn,pood,laste_riided
4722,2024-02-28 00:00:00,257.32,2,null,online,jalanõusid
4746,2024-02-28 00:00:00,229.60,2,null,online,laste_riided
4769,2024-02-28 00:00:00,90.80,4,Tartu,pood,laste_riided
4822,2024-02-28 00:00:00,402.62,1,Tallinn,pood,jalanõusid
4832,2024-02-28 00:00:00,141.21,3,Pärnu,pood,aksessuaarid
4845,2024-02-28 00:00:00,127.38,1,Tallinn,pood,meeste_riided
4868,2024-02-28 00:00:00,252.33,1,Tallinn,pood,naiste_riided
4883,2024-02-28 00:00:00,183.40,1,Tallinn,pood,aksessuaarid
4887,2024-02-28 00:00:00,53.01,1,null,online,meeste_riided
4617,2024-02-29 00:00:00,74.70,1,Pärnu,pood,jalanõusid
4646,2024-02-29 00:00:00,69.39,1,Tartu,pood,jalanõusid
4652,2024-02-29 00:00:00,100.40,1,null,online,laste_riided
4690,2024-02-29 00:00:00,113.86,1,Tallinn,pood,aksessuaarid
4713,2024-02-29 00:00:00,-546.12,2,Tallinn,pood,jalanõusid
4770,2024-02-29 00:00:00,342.66,2,Tallinn,pood,meeste_riided
4774,2024-02-29 00:00:00,168.34,1,Tallinn,pood,naiste_riided
4786,2024-02-29 00:00:00,105.29,1,Tallinn,pood,laste_riided
4788,2024-02-29 00:00:00,304.14,1,Tartu,pood,naiste_riided
4806,2024-02-29 00:00:00,550.20,3,null,online,aksessuaarid
4858,2024-02-29 00:00:00,140.64,1,Tartu,pood,laste_riided
4871,2024-02-29 00:00:00,110.08,2,Pärnu,pood,laste_riided
4911,2024-02-29 00:00:00,442.84,2,Tartu,pood,jalanõusid
4912,2024-02-29 00:00:00,63.87,1,null,online,laste_riided
4914,2024-02-29 00:00:00,99.57,1,Pärnu,pood,laste_riided
4931,2024-02-29 00:00:00,162.86,1,null,online,naiste_riided
4932,2024-02-29 00:00:00,337.64,2,Tallinn,pood,laste_riided
4937,2024-02-29 00:00:00,26.79,1,null,online,aksessuaarid
4949,2024-03-01 00:00:00,373.05,3,null,online,meeste_riided
4961,2024-03-01 00:00:00,777.69,3,Tartu,pood,meeste_riided
4982,2024-03-01 00:00:00,45.21,1,null,online,aksessuaarid
4990,2024-03-01 00:00:00,434.08,1,Tallinn,pood,jalanõusid
5013,2024-03-01 00:00:00,583.38,3,Tallinn,pood,naiste_riided
5066,2024-03-01 00:00:00,80.39,1,Tartu,pood,laste_riided
5097,2024-03-01 00:00:00,50.85,1,Tallinn,pood,aksessuaarid
5133,2024-03-01 00:00:00,158.94,1,Tallinn,pood,jalanõusid
5137,2024-03-01 00:00:00,66.21,1,null,online,laste_riided
5154,2024-03-01 00:00:00,51.50,1,Pärnu,pood,laste_riided
5165,2024-03-01 00:00:00,116.98,2,Tallinn,pood,jalanõusid
5228,2024-03-01 00:00:00,45.27,3,Tartu,pood,aksessuaarid
5245,2024-03-01 00:00:00,279.43,1,Tallinn,pood,meeste_riided
5249,2024-03-01 00:00:00,363.36,2,Tartu,pood,aksessuaarid
5289,2024-03-01 00:00:00,74.81,1,null,online,aksessuaarid
5295,2024-03-01 00:00:00,227.72,2,null,online,aksessuaarid
5306,2024-03-01 00:00:00,178.58,2,Tallinn,pood,meeste_riided
5308,2024-03-01 00:00:00,140.02,2,null,online,meeste_riided
5336,2024-03-01 00:00:00,77.78,1,null,online,laste_riided
5347,2024-03-01 00:00:00,319.42,1,null,online,naiste_riided
5350,2024-03-01 00:00:00,190.81,1,Pärnu,pood,jalanõusid
4970,2024-03-02 00:00:00,607.71,3,Pärnu,pood,naiste_riided
5010,2024-03-02 00:00:00,232.40,2,Tartu,pood,meeste_riided
5042,2024-03-02 00:00:00,990.08,4,Tallinn,pood,naiste_riided
5060,2024-03-02 00:00:00,614.54,2,Tallinn,pood,jalanõusid
5140,2024-03-02 00:00:00,187.68,3,null,online,aksessuaarid
5150,2024-03-02 00:00:00,48.58,1,Tallinn,pood,laste_riided
5179,2024-03-02 00:00:00,884.76,4,Tallinn,pood,jalanõusid
5198,2024-03-02 00:00:00,469.98,2,Tartu,pood,naiste_riided
5274,2024-03-02 00:00:00,143.42,1,Pärnu,pood,meeste_riided
5292,2024-03-02 00:00:00,29.42,1,Pärnu,pood,aksessuaarid
5335,2024-03-02 00:00:00,560.04,2,Tallinn,pood,naiste_riided
4943,2024-03-03 00:00:00,673.36,4,Tallinn,pood,naiste_riided
4956,2024-03-03 00:00:00,134.94,1,Pärnu,pood,aksessuaarid
4958,2024-03-03 00:00:00,393.82,2,Tallinn,pood,meeste_riided
4968,2024-03-03 00:00:00,229.55,1,Tartu,pood,naiste_riided
4986,2024-03-03 00:00:00,1053.99,3,Pärnu,pood,naiste_riided
5023,2024-03-03 00:00:00,74.70,1,Tallinn,pood,jalanõusid
5025,2024-03-03 00:00:00,639.96,2,Tartu,pood,jalanõusid
5063,2024-03-03 00:00:00,222.52,2,Pärnu,pood,naiste_riided
5073,2024-03-03 00:00:00,225.28,1,Tallinn,pood,aksessuaarid
5090,2024-03-03 00:00:00,201.86,1,Tartu,pood,meeste_riided
5124,2024-03-03 00:00:00,98.68,1,null,online,laste_riided
5129,2024-03-03 00:00:00,371.46,3,Pärnu,pood,meeste_riided
5186,2024-03-03 00:00:00,149.55,1,Tallinn,pood,aksessuaarid
5193,2024-03-03 00:00:00,663.57,3,Tartu,pood,jalanõusid
5206,2024-03-03 00:00:00,24.67,1,Tallinn,pood,laste_riided
5250,2024-03-03 00:00:00,339.21,1,Pärnu,pood,jalanõusid
5258,2024-03-03 00:00:00,77.60,1,Tartu,pood,meeste_riided
4947,2024-03-04 00:00:00,137.33,1,null,online,meeste_riided
4950,2024-03-04 00:00:00,205.00,1,Tallinn,pood,meeste_riided
4969,2024-03-04 00:00:00,145.46,2,Tallinn,pood,naiste_riided
4976,2024-03-04 00:00:00,130.36,1,Pärnu,pood,naiste_riided
5002,2024-03-04 00:00:00,290.92,4,Tartu,pood,naiste_riided
5014,2024-03-04 00:00:00,188.91,1,null,online,aksessuaarid
5030,2024-03-04 00:00:00,809.55,3,Tallinn,pood,meeste_riided
5033,2024-03-04 00:00:00,95.50,1,null,online,naiste_riided
5036,2024-03-04 00:00:00,155.45,1,Tallinn,pood,aksessuaarid
5054,2024-03-04 00:00:00,315.27,3,Tallinn,pood,meeste_riided
5100,2024-03-04 00:00:00,234.91,1,Tallinn,pood,jalanõusid
5115,2024-03-04 00:00:00,80.39,1,Pärnu,pood,laste_riided
5167,2024-03-04 00:00:00,41.63,1,Tallinn,pood,naiste_riided
5189,2024-03-04 00:00:00,194.57,1,Tallinn,pood,aksessuaarid
5199,2024-03-04 00:00:00,382.96,2,Tartu,pood,aksessuaarid
5203,2024-03-04 00:00:00,76.70,1,Pärnu,pood,naiste_riided
5207,2024-03-04 00:00:00,22.70,1,null,online,laste_riided
5221,2024-03-04 00:00:00,274.78,1,Pärnu,pood,meeste_riided
5253,2024-03-04 00:00:00,221.19,1,Tallinn,pood,jalanõusid
5317,2024-03-04 00:00:00,304.14,1,null,online,naiste_riided
5318,2024-03-04 00:00:00,218.99,1,Tallinn,pood,naiste_riided
5348,2024-03-04 00:00:00,83.26,2,Pärnu,pood,naiste_riided
5083,2024-03-05 00:00:00,50.77,1,null,online,naiste_riided
5159,2024-03-05 00:00:00,22.04,1,Tallinn,pood,aksessuaarid
5196,2024-03-05 00:00:00,124.35,1,null,online,meeste_riided
5286,2024-03-05 00:00:00,368.67,1,Tallinn,pood,jalanõusid
5327,2024-03-05 00:00:00,219.38,1,Tartu,pood,aksessuaarid
5340,2024-03-05 00:00:00,66.88,1,null,online,aksessuaarid
5016,2024-03-06 00:00:00,124.35,1,null,online,meeste_riided
5021,2024-03-06 00:00:00,302.16,2,Tallinn,pood,meeste_riided
5043,2024-03-06 00:00:00,77.40,2,Tartu,pood,laste_riided
5111,2024-03-06 00:00:00,96.11,1,null,online,jalanõusid
5141,2024-03-06 00:00:00,282.95,1,Tartu,pood,naiste_riided
5185,2024-03-06 00:00:00,229.88,2,Tallinn,pood,meeste_riided
5190,2024-03-06 00:00:00,629.96,4,Tallinn,pood,jalanõusid
5287,2024-03-06 00:00:00,413.04,2,Tallinn,pood,naiste_riided
5332,2024-03-06 00:00:00,95.87,1,null,online,laste_riided
5351,2024-03-06 00:00:00,372.52,4,Tartu,pood,aksessuaarid
4952,2024-03-07 00:00:00,-752.66,2,Tallinn,pood,jalanõusid
5040,2024-03-07 00:00:00,348.60,3,Tallinn,pood,meeste_riided
5085,2024-03-07 00:00:00,285.14,2,null,online,meeste_riided
5183,2024-03-07 00:00:00,184.02,1,null,online,aksessuaarid
5187,2024-03-07 00:00:00,693.39,3,Pärnu,pood,aksessuaarid
5205,2024-03-07 00:00:00,338.43,1,Tallinn,pood,meeste_riided
5240,2024-03-07 00:00:00,908.40,5,Tallinn,pood,aksessuaarid
5280,2024-03-07 00:00:00,247.81,1,null,online,meeste_riided
5305,2024-03-07 00:00:00,347.24,2,null,online,aksessuaarid
5315,2024-03-07 00:00:00,24.54,1,Tartu,pood,laste_riided
5339,2024-03-07 00:00:00,179.35,1,Tallinn,pood,naiste_riided
5341,2024-03-07 00:00:00,130.36,1,null,online,naiste_riided
5353,2024-03-07 00:00:00,168.82,1,Tallinn,pood,laste_riided
4944,2024-03-08 00:00:00,443.78,2,Tallinn,pood,naiste_riided
4981,2024-03-08 00:00:00,422.70,2,Tallinn,pood,naiste_riided
5001,2024-03-08 00:00:00,200.77,1,Tallinn,pood,naiste_riided
5004,2024-03-08 00:00:00,342.66,2,Tallinn,pood,meeste_riided
5077,2024-03-08 00:00:00,296.58,1,Tartu,pood,meeste_riided
5081,2024-03-08 00:00:00,219.54,3,null,online,jalanõusid
5084,2024-03-08 00:00:00,272.05,1,null,online,naiste_riided
5131,2024-03-08 00:00:00,83.26,2,Tallinn,pood,naiste_riided
5146,2024-03-08 00:00:00,45.40,2,Tallinn,pood,laste_riided
5153,2024-03-08 00:00:00,218.19,3,Tallinn,pood,naiste_riided
5223,2024-03-08 00:00:00,210.36,1,null,online,jalanõusid
5279,2024-03-08 00:00:00,302.86,1,Tallinn,pood,jalanõusid
5322,2024-03-08 00:00:00,542.70,2,null,online,jalanõusid
5330,2024-03-08 00:00:00,152.85,1,Tallinn,pood,laste_riided
4978,2024-03-09 00:00:00,264.60,2,Pärnu,pood,jalanõusid
4996,2024-03-09 00:00:00,88.08,1,Tartu,pood,laste_riided
5069,2024-03-09 00:00:00,605.80,4,Tartu,pood,laste_riided
5071,2024-03-09 00:00:00,24.54,1,Tartu,pood,laste_riided
5072,2024-03-09 00:00:00,41.63,1,null,online,naiste_riided
5098,2024-03-09 00:00:00,120.17,1,Tartu,pood,jalanõusid
5182,2024-03-09 00:00:00,181.68,1,null,online,aksessuaarid
5208,2024-03-09 00:00:00,134.94,1,null,online,aksessuaarid
5260,2024-03-09 00:00:00,603.94,2,null,online,naiste_riided
5262,2024-03-09 00:00:00,437.16,3,Tallinn,pood,aksessuaarid
5354,2024-03-09 00:00:00,213.38,2,Tartu,pood,meeste_riided
4942,2024-03-10 00:00:00,524.25,5,Tallinn,pood,laste_riided
4994,2024-03-10 00:00:00,257.32,2,Pärnu,pood,jalanõusid
5096,2024-03-10 00:00:00,241.13,1,null,online,jalanõusid
5152,2024-03-10 00:00:00,250.17,1,Tallinn,pood,naiste_riided
5161,2024-03-10 00:00:00,116.20,1,Tallinn,pood,meeste_riided
5213,2024-03-10 00:00:00,250.17,1,null,online,naiste_riided
5254,2024-03-10 00:00:00,144.36,1,Pärnu,pood,aksessuaarid
5270,2024-03-10 00:00:00,65.60,1,Tartu,pood,aksessuaarid
5285,2024-03-10 00:00:00,103.00,2,null,online,laste_riided
5291,2024-03-10 00:00:00,431.16,2,Pärnu,pood,aksessuaarid
5344,2024-03-10 00:00:00,727.50,5,null,online,jalanõusid
5346,2024-03-10 00:00:00,211.35,1,Tallinn,pood,naiste_riided
5049,2024-03-11 00:00:00,152.13,1,Tallinn,pood,meeste_riided
5093,2024-03-11 00:00:00,582.00,4,Pärnu,pood,jalanõusid
5172,2024-03-11 00:00:00,605.80,4,Tallinn,pood,laste_riided
5178,2024-03-11 00:00:00,116.20,1,Tallinn,pood,meeste_riided
5224,2024-03-11 00:00:00,32.93,1,Tartu,pood,naiste_riided
5231,2024-03-11 00:00:00,436.50,3,Tartu,pood,jalanõusid
5272,2024-03-11 00:00:00,205.00,1,Pärnu,pood,meeste_riided
5009,2024-03-12 00:00:00,232.40,2,Pärnu,pood,meeste_riided
5028,2024-03-12 00:00:00,327.28,2,Tallinn,pood,jalanõusid
5031,2024-03-12 00:00:00,462.26,2,Tallinn,pood,aksessuaarid
5038,2024-03-12 00:00:00,-514.78,2,null,online,naiste_riided
5080,2024-03-12 00:00:00,603.94,2,Tartu,pood,naiste_riided
5204,2024-03-12 00:00:00,206.32,4,null,online,laste_riided
5211,2024-03-12 00:00:00,351.33,1,null,online,naiste_riided
5216,2024-03-12 00:00:00,74.41,1,null,online,jalanõusid
5225,2024-03-12 00:00:00,38.70,1,Tartu,pood,laste_riided
5242,2024-03-12 00:00:00,747.08,4,null,online,aksessuaarid
5248,2024-03-12 00:00:00,126.42,1,Tallinn,pood,meeste_riided
5278,2024-03-12 00:00:00,562.38,2,null,online,meeste_riided
5290,2024-03-12 00:00:00,409.74,2,null,online,aksessuaarid
5293,2024-03-12 00:00:00,191.85,3,null,online,jalanõusid
5310,2024-03-12 00:00:00,-24.54,1,null,online,laste_riided
5343,2024-03-12 00:00:00,581.10,2,Tartu,pood,naiste_riided
4966,2024-03-13 00:00:00,134.58,1,Tartu,pood,meeste_riided
4983,2024-03-13 00:00:00,89.39,1,Pärnu,pood,meeste_riided
5067,2024-03-13 00:00:00,675.84,3,null,online,aksessuaarid
5092,2024-03-13 00:00:00,901.12,4,Tallinn,pood,aksessuaarid
5197,2024-03-13 00:00:00,280.13,1,null,online,jalanõusid
5234,2024-03-13 00:00:00,216.18,2,Tartu,pood,naiste_riided
5243,2024-03-13 00:00:00,252.33,1,Tartu,pood,naiste_riided
5298,2024-03-13 00:00:00,-122.07,1,Tallinn,pood,aksessuaarid
4945,2024-03-14 00:00:00,305.72,1,Tallinn,pood,jalanõusid
4963,2024-03-14 00:00:00,562.56,4,Tallinn,pood,laste_riided
5003,2024-03-14 00:00:00,544.10,2,Tartu,pood,naiste_riided
5008,2024-03-14 00:00:00,301.97,1,Tallinn,pood,naiste_riided
5012,2024-03-14 00:00:00,321.42,2,Tallinn,pood,meeste_riided
5041,2024-03-14 00:00:00,101.70,2,null,online,aksessuaarid
5055,2024-03-14 00:00:00,89.39,1,null,online,meeste_riided
5086,2024-03-14 00:00:00,142.14,3,Tartu,pood,laste_riided
5104,2024-03-14 00:00:00,194.57,1,Tartu,pood,aksessuaarid
5105,2024-03-14 00:00:00,243.20,4,null,online,laste_riided
5120,2024-03-14 00:00:00,206.52,1,null,online,naiste_riided
5128,2024-03-14 00:00:00,703.24,2,Tallinn,pood,meeste_riided
5184,2024-03-14 00:00:00,560.31,3,Tallinn,pood,aksessuaarid
5191,2024-03-14 00:00:00,141.62,1,null,online,laste_riided
5200,2024-03-14 00:00:00,210.36,1,Tallinn,pood,jalanõusid
5201,2024-03-14 00:00:00,94.72,4,Tartu,pood,laste_riided
5319,2024-03-14 00:00:00,208.11,1,Tallinn,pood,meeste_riided
5352,2024-03-14 00:00:00,406.78,2,Tartu,pood,aksessuaarid
4948,2024-03-15 00:00:00,86.46,1,Tartu,pood,laste_riided
4953,2024-03-15 00:00:00,1487.16,4,null,online,jalanõusid
4962,2024-03-15 00:00:00,142.72,4,Tartu,pood,laste_riided
4964,2024-03-15 00:00:00,22.70,1,Tallinn,pood,aksessuaarid
4992,2024-03-15 00:00:00,234.79,1,null,online,meeste_riided
4999,2024-03-15 00:00:00,312.26,2,null,online,aksessuaarid
5018,2024-03-15 00:00:00,113.86,1,null,online,aksessuaarid
5019,2024-03-15 00:00:00,321.82,2,Tallinn,pood,meeste_riided
5026,2024-03-15 00:00:00,83.97,1,Tartu,pood,jalanõusid
5091,2024-03-15 00:00:00,913.85,5,Tallinn,pood,naiste_riided
5119,2024-03-15 00:00:00,249.69,3,Tallinn,pood,naiste_riided
5160,2024-03-15 00:00:00,504.66,2,Tallinn,pood,naiste_riided
5202,2024-03-15 00:00:00,371.46,3,null,online,meeste_riided
5230,2024-03-15 00:00:00,457.62,2,Tallinn,pood,jalanõusid
5265,2024-03-15 00:00:00,125.64,2,Tartu,pood,laste_riided
5275,2024-03-15 00:00:00,63.95,1,Pärnu,pood,jalanõusid
5313,2024-03-15 00:00:00,787.64,4,Tallinn,pood,meeste_riided
4971,2024-03-16 00:00:00,125.37,3,Tallinn,pood,laste_riided
4974,2024-03-16 00:00:00,-90.80,4,Tallinn,pood,aksessuaarid
4977,2024-03-16 00:00:00,416.15,5,Tallinn,pood,naiste_riided
4989,2024-03-16 00:00:00,617.67,3,Tallinn,pood,aksessuaarid
5034,2024-03-16 00:00:00,155.20,2,Pärnu,pood,meeste_riided
5035,2024-03-16 00:00:00,1115.37,3,Tartu,pood,jalanõusid
5239,2024-03-16 00:00:00,47.36,2,Tallinn,pood,laste_riided
5255,2024-03-16 00:00:00,-108.09,1,Tallinn,pood,naiste_riided
5269,2024-03-16 00:00:00,287.61,3,null,online,laste_riided
5345,2024-03-16 00:00:00,831.35,5,null,online,naiste_riided
4967,2024-03-17 00:00:00,244.90,2,Tartu,pood,naiste_riided
4993,2024-03-17 00:00:00,113.86,1,Tartu,pood,aksessuaarid
5007,2024-03-17 00:00:00,197.36,2,Tallinn,pood,laste_riided
5046,2024-03-17 00:00:00,63.30,2,null,online,laste_riided
5108,2024-03-17 00:00:00,107.26,1,Tallinn,pood,aksessuaarid
5135,2024-03-17 00:00:00,74.81,1,Pärnu,pood,aksessuaarid
5142,2024-03-17 00:00:00,201.86,1,null,online,meeste_riided
5143,2024-03-17 00:00:00,69.39,1,Tallinn,pood,jalanõusid
5163,2024-03-17 00:00:00,142.57,1,Tartu,pood,meeste_riided
5218,2024-03-17 00:00:00,183.40,1,null,online,aksessuaarid
5251,2024-03-17 00:00:00,420.72,2,null,online,jalanõusid
5277,2024-03-17 00:00:00,308.84,1,null,online,naiste_riided
5296,2024-03-17 00:00:00,333.78,3,Pärnu,pood,naiste_riided
5307,2024-03-17 00:00:00,198.42,1,null,online,jalanõusid
5011,2024-03-18 00:00:00,96.50,1,Tartu,pood,meeste_riided
5022,2024-03-18 00:00:00,403.74,3,Tallinn,pood,meeste_riided
5024,2024-03-18 00:00:00,218.99,1,null,online,naiste_riided
5079,2024-03-18 00:00:00,159.25,1,Tartu,pood,meeste_riided
5101,2024-03-18 00:00:00,140.64,1,null,online,laste_riided
5103,2024-03-18 00:00:00,282.95,1,Tallinn,pood,naiste_riided
5126,2024-03-18 00:00:00,221.40,2,null,online,laste_riided
5169,2024-03-18 00:00:00,211.35,1,Tallinn,pood,naiste_riided
5188,2024-03-18 00:00:00,209.05,1,Tallinn,pood,naiste_riided
5284,2024-03-18 00:00:00,279.48,2,Tartu,pood,naiste_riided
5309,2024-03-18 00:00:00,382.96,2,Tartu,pood,aksessuaarid
5323,2024-03-18 00:00:00,298.94,2,null,online,aksessuaarid
4955,2024-03-19 00:00:00,646.74,3,Tallinn,pood,aksessuaarid
4975,2024-03-19 00:00:00,160.91,1,Tartu,pood,meeste_riided
4985,2024-03-19 00:00:00,290.55,1,null,online,naiste_riided
5017,2024-03-19 00:00:00,442.74,3,null,online,jalanõusid
5029,2024-03-19 00:00:00,546.64,2,null,online,jalanõusid
5044,2024-03-19 00:00:00,147.16,1,Tallinn,pood,aksessuaarid
5053,2024-03-19 00:00:00,175.25,1,null,online,meeste_riided
5056,2024-03-19 00:00:00,23.45,1,Tartu,pood,aksessuaarid
5122,2024-03-19 00:00:00,306.22,2,null,online,aksessuaarid
5132,2024-03-19 00:00:00,26.62,1,null,online,laste_riided
5134,2024-03-19 00:00:00,139.74,1,Tallinn,pood,naiste_riided
5136,2024-03-19 00:00:00,183.40,1,Tallinn,pood,aksessuaarid
5149,2024-03-19 00:00:00,77.78,1,Tartu,pood,laste_riided
5155,2024-03-19 00:00:00,68.08,2,null,online,laste_riided
5164,2024-03-19 00:00:00,74.81,1,null,online,aksessuaarid
5166,2024-03-19 00:00:00,756.30,3,Tallinn,pood,jalanõusid
5192,2024-03-19 00:00:00,173.62,1,Tallinn,pood,aksessuaarid
5236,2024-03-19 00:00:00,566.73,3,null,online,aksessuaarid
5238,2024-03-19 00:00:00,26.79,1,null,online,aksessuaarid
5252,2024-03-19 00:00:00,52.04,1,Tallinn,pood,laste_riided
5311,2024-03-19 00:00:00,135.63,3,Pärnu,pood,aksessuaarid
5328,2024-03-19 00:00:00,281.19,1,Tallinn,pood,meeste_riided
4946,2024-03-20 00:00:00,124.35,1,Pärnu,pood,meeste_riided
4965,2024-03-20 00:00:00,603.94,2,Tartu,pood,naiste_riided
5005,2024-03-20 00:00:00,247.52,1,Tallinn,pood,naiste_riided
5037,2024-03-20 00:00:00,247.64,2,null,online,meeste_riided
5051,2024-03-20 00:00:00,112.68,1,null,online,laste_riided
5065,2024-03-20 00:00:00,981.21,3,Tallinn,pood,meeste_riided
5102,2024-03-20 00:00:00,230.06,1,null,online,meeste_riided
5139,2024-03-20 00:00:00,53.99,1,Tartu,pood,laste_riided
5144,2024-03-20 00:00:00,180.14,1,Tallinn,pood,naiste_riided
5209,2024-03-20 00:00:00,192.22,2,null,online,jalanõusid
5210,2024-03-20 00:00:00,145.72,1,Tallinn,pood,aksessuaarid
5226,2024-03-20 00:00:00,23.68,1,null,online,laste_riided
5334,2024-03-20 00:00:00,350.50,2,Tartu,pood,meeste_riided
5020,2024-03-21 00:00:00,1505.32,4,null,online,jalanõusid
5075,2024-03-21 00:00:00,705.25,5,null,online,jalanõusid
5125,2024-03-21 00:00:00,101.54,2,Tartu,pood,naiste_riided
5158,2024-03-21 00:00:00,294.32,2,Tallinn,pood,aksessuaarid
5217,2024-03-21 00:00:00,125.10,2,null,online,jalanõusid
5247,2024-03-21 00:00:00,208.72,1,null,online,aksessuaarid
5257,2024-03-21 00:00:00,15.09,1,null,online,aksessuaarid
5273,2024-03-21 00:00:00,221.42,1,Tartu,pood,jalanõusid
5297,2024-03-21 00:00:00,179.35,1,null,online,naiste_riided
5302,2024-03-21 00:00:00,259.69,1,null,online,meeste_riided
5337,2024-03-21 00:00:00,142.57,1,null,online,meeste_riided
5121,2024-03-22 00:00:00,24.54,1,Tallinn,pood,laste_riided
5170,2024-03-22 00:00:00,48.85,1,null,online,meeste_riided
5175,2024-03-22 00:00:00,111.26,1,null,online,naiste_riided
5227,2024-03-22 00:00:00,187.16,1,Tartu,pood,jalanõusid
5237,2024-03-22 00:00:00,247.28,2,Tallinn,pood,laste_riided
5241,2024-03-22 00:00:00,305.70,2,Tartu,pood,laste_riided
5246,2024-03-22 00:00:00,237.71,1,null,online,naiste_riided
5256,2024-03-22 00:00:00,-488.28,4,null,online,aksessuaarid
5325,2024-03-22 00:00:00,434.08,1,null,online,jalanõusid
5326,2024-03-22 00:00:00,-676.86,2,Tartu,pood,meeste_riided
5329,2024-03-22 00:00:00,-149.47,1,Tallinn,pood,aksessuaarid
4959,2024-03-23 00:00:00,32.74,2,Tallinn,pood,aksessuaarid
4979,2024-03-23 00:00:00,138.13,1,null,online,laste_riided
5052,2024-03-23 00:00:00,291.00,2,Tallinn,pood,jalanõusid
5058,2024-03-23 00:00:00,202.57,1,null,online,naiste_riided
5087,2024-03-23 00:00:00,690.65,5,null,online,laste_riided
5099,2024-03-23 00:00:00,279.48,2,Pärnu,pood,naiste_riided
5145,2024-03-23 00:00:00,659.49,3,Tallinn,pood,aksessuaarid
5151,2024-03-23 00:00:00,282.95,1,null,online,naiste_riided
5180,2024-03-23 00:00:00,22.70,1,Tallinn,pood,aksessuaarid
5261,2024-03-23 00:00:00,368.30,2,Tallinn,pood,aksessuaarid
5271,2024-03-23 00:00:00,69.39,1,Tartu,pood,jalanõusid
5282,2024-03-23 00:00:00,403.74,3,Pärnu,pood,meeste_riided
5331,2024-03-23 00:00:00,114.80,1,Tallinn,pood,laste_riided
4980,2024-03-24 00:00:00,321.42,2,Tartu,pood,meeste_riided
5047,2024-03-24 00:00:00,270.69,1,Tallinn,pood,jalanõusid
5057,2024-03-24 00:00:00,546.64,2,Tartu,pood,jalanõusid
5061,2024-03-24 00:00:00,376.08,3,Tartu,pood,laste_riided
5074,2024-03-24 00:00:00,127.38,1,Tallinn,pood,meeste_riided
5107,2024-03-24 00:00:00,144.20,1,Tallinn,pood,meeste_riided
5123,2024-03-24 00:00:00,282.95,1,Tallinn,pood,naiste_riided
5147,2024-03-24 00:00:00,132.30,1,Tallinn,pood,jalanõusid
5195,2024-03-24 00:00:00,371.79,1,Tartu,pood,jalanõusid
5212,2024-03-24 00:00:00,208.11,1,null,online,meeste_riided
5219,2024-03-24 00:00:00,896.76,4,Tallinn,pood,naiste_riided
5232,2024-03-24 00:00:00,122.45,1,Tallinn,pood,naiste_riided
5268,2024-03-24 00:00:00,581.10,2,null,online,naiste_riided
5283,2024-03-24 00:00:00,84.41,1,Tallinn,pood,jalanõusid
5300,2024-03-24 00:00:00,253.80,1,Tallinn,pood,jalanõusid
5303,2024-03-24 00:00:00,1114.36,4,null,online,meeste_riided
5304,2024-03-24 00:00:00,298.94,2,Pärnu,pood,aksessuaarid
5333,2024-03-24 00:00:00,104.85,1,null,online,laste_riided
4984,2024-03-25 00:00:00,191.61,3,null,online,laste_riided
5006,2024-03-25 00:00:00,-611.44,2,null,online,jalanõusid
5050,2024-03-25 00:00:00,731.08,4,null,online,naiste_riided
5059,2024-03-25 00:00:00,22.04,1,Tallinn,pood,aksessuaarid
5062,2024-03-25 00:00:00,576.80,4,null,online,meeste_riided
5064,2024-03-25 00:00:00,272.60,2,Tartu,pood,laste_riided
5116,2024-03-25 00:00:00,180.84,4,Pärnu,pood,aksessuaarid
5117,2024-03-25 00:00:00,137.33,1,Pärnu,pood,meeste_riided
5171,2024-03-25 00:00:00,434.08,1,null,online,jalanõusid
5244,2024-03-25 00:00:00,72.14,1,Tallinn,pood,laste_riided
5288,2024-03-25 00:00:00,202.57,1,null,online,naiste_riided
5321,2024-03-25 00:00:00,49.08,2,null,online,laste_riided
5342,2024-03-25 00:00:00,190.78,2,Tallinn,pood,aksessuaarid
5349,2024-03-25 00:00:00,273.06,1,null,online,jalanõusid
4951,2024-03-26 00:00:00,302.79,3,Tallinn,pood,meeste_riided
4957,2024-03-26 00:00:00,182.40,3,null,online,laste_riided
4991,2024-03-26 00:00:00,1165.44,4,null,online,naiste_riided
5039,2024-03-26 00:00:00,41.79,1,null,online,laste_riided
5070,2024-03-26 00:00:00,100.93,1,Tartu,pood,meeste_riided
5094,2024-03-26 00:00:00,120.17,1,Tallinn,pood,jalanõusid
5109,2024-03-26 00:00:00,351.33,1,null,online,naiste_riided
5113,2024-03-26 00:00:00,409.74,2,Tartu,pood,aksessuaarid
5156,2024-03-26 00:00:00,283.24,2,Tallinn,pood,laste_riided
5157,2024-03-26 00:00:00,160.91,1,Tallinn,pood,meeste_riided
5168,2024-03-26 00:00:00,197.36,2,Tallinn,pood,laste_riided
5174,2024-03-26 00:00:00,192.22,2,Tartu,pood,jalanõusid
5214,2024-03-26 00:00:00,251.96,2,Tallinn,pood,naiste_riided
4960,2024-03-27 00:00:00,147.16,1,Tallinn,pood,aksessuaarid
5027,2024-03-27 00:00:00,144.20,1,Tallinn,pood,meeste_riided
5045,2024-03-27 00:00:00,251.91,3,Tallinn,pood,jalanõusid
5089,2024-03-27 00:00:00,582.88,4,Tallinn,pood,aksessuaarid
5106,2024-03-27 00:00:00,347.16,1,Tallinn,pood,meeste_riided
5112,2024-03-27 00:00:00,62.56,1,Tallinn,pood,aksessuaarid
5118,2024-03-27 00:00:00,819.18,3,null,online,jalanõusid
5148,2024-03-27 00:00:00,253.23,3,null,online,jalanõusid
5173,2024-03-27 00:00:00,198.29,1,null,online,meeste_riided
5194,2024-03-27 00:00:00,65.60,1,Tallinn,pood,aksessuaarid
5220,2024-03-27 00:00:00,368.04,2,Pärnu,pood,aksessuaarid
5233,2024-03-27 00:00:00,305.70,2,Tallinn,pood,laste_riided
5266,2024-03-27 00:00:00,-353.30,2,Tartu,pood,aksessuaarid
5267,2024-03-27 00:00:00,117.05,1,null,online,aksessuaarid
4954,2024-03-28 00:00:00,824.61,3,Pärnu,pood,jalanõusid
4997,2024-03-28 00:00:00,418.10,2,Tallinn,pood,naiste_riided
5000,2024-03-28 00:00:00,74.41,1,null,online,jalanõusid
5088,2024-03-28 00:00:00,219.24,2,Tartu,pood,naiste_riided
5127,2024-03-28 00:00:00,210.87,1,Tallinn,pood,meeste_riided
5130,2024-03-28 00:00:00,332.10,3,null,online,laste_riided
5162,2024-03-28 00:00:00,363.36,2,Tallinn,pood,aksessuaarid
5181,2024-03-28 00:00:00,54.95,1,null,online,laste_riided
5299,2024-03-28 00:00:00,66.21,1,Tartu,pood,laste_riided
5316,2024-03-28 00:00:00,62.56,1,null,online,aksessuaarid
5320,2024-03-28 00:00:00,290.55,1,Tallinn,pood,naiste_riided
5338,2024-03-28 00:00:00,614.54,2,Tallinn,pood,jalanõusid
4973,2024-03-29 00:00:00,133.95,5,Tallinn,pood,aksessuaarid
4987,2024-03-29 00:00:00,752.66,2,Tallinn,pood,jalanõusid
4988,2024-03-29 00:00:00,95.76,2,Tallinn,pood,aksessuaarid
4995,2024-03-29 00:00:00,234.99,1,Tartu,pood,naiste_riided
5015,2024-03-29 00:00:00,45.21,1,null,online,aksessuaarid
5076,2024-03-29 00:00:00,120.74,2,null,online,naiste_riided
5215,2024-03-29 00:00:00,238.77,3,null,online,meeste_riided
5222,2024-03-29 00:00:00,132.30,1,Tartu,pood,jalanõusid
5301,2024-03-29 00:00:00,392.19,3,Tartu,pood,laste_riided
4998,2024-03-30 00:00:00,138.13,1,Tallinn,pood,laste_riided
5078,2024-03-30 00:00:00,373.54,2,Tallinn,pood,aksessuaarid
5082,2024-03-30 00:00:00,245.59,1,Tallinn,pood,naiste_riided
5110,2024-03-30 00:00:00,184.15,1,Tallinn,pood,aksessuaarid
5114,2024-03-30 00:00:00,282.10,2,Tartu,pood,jalanõusid
5138,2024-03-30 00:00:00,152.85,1,Tartu,pood,laste_riided
5177,2024-03-30 00:00:00,252.33,1,Tartu,pood,naiste_riided
5229,2024-03-30 00:00:00,265.20,1,Tallinn,pood,naiste_riided
5294,2024-03-30 00:00:00,144.36,1,Tartu,pood,aksessuaarid
5324,2024-03-30 00:00:00,96.11,1,null,online,jalanõusid
4972,2024-03-31 00:00:00,462.26,2,null,online,aksessuaarid
5032,2024-03-31 00:00:00,296.40,1,Tartu,pood,naiste_riided
5048,2024-03-31 00:00:00,302.90,2,Tartu,pood,laste_riided
5068,2024-03-31 00:00:00,50.77,1,Tallinn,pood,naiste_riided
5095,2024-03-31 00:00:00,78.09,1,Tartu,pood,naiste_riided
5235,2024-03-31 00:00:00,530.40,2,Tallinn,pood,naiste_riided
5259,2024-03-31 00:00:00,241.17,3,Tallinn,pood,laste_riided
5263,2024-03-31 00:00:00,89.39,1,Tallinn,pood,meeste_riided
5264,2024-03-31 00:00:00,246.97,1,Tallinn,pood,meeste_riided
5276,2024-03-31 00:00:00,540.42,3,null,online,naiste_riided
5281,2024-03-31 00:00:00,58.49,1,null,online,jalanõusid
5312,2024-03-31 00:00:00,200.80,2,null,online,laste_riided
5314,2024-03-31 00:00:00,750.51,3,null,online,naiste_riided
5378,2024-04-01 00:00:00,307.83,1,Tallinn,pood,naiste_riided
5401,2024-04-01 00:00:00,883.25,5,Tallinn,pood,aksessuaarid
5407,2024-04-01 00:00:00,54.95,1,null,online,laste_riided
5410,2024-04-01 00:00:00,274.37,1,null,online,naiste_riided
5454,2024-04-01 00:00:00,327.06,2,Pärnu,pood,meeste_riided
5470,2024-04-01 00:00:00,264.24,3,Tallinn,pood,laste_riided
5473,2024-04-01 00:00:00,102.12,3,null,online,laste_riided
5551,2024-04-01 00:00:00,407.34,2,Tallinn,pood,meeste_riided
5617,2024-04-01 00:00:00,280.13,1,Tallinn,pood,jalanõusid
5622,2024-04-01 00:00:00,-572.43,3,null,online,jalanõusid
5688,2024-04-01 00:00:00,411.78,2,Tallinn,pood,aksessuaarid
5736,2024-04-01 00:00:00,201.14,2,Pärnu,pood,laste_riided
5747,2024-04-01 00:00:00,549.32,4,Tallinn,pood,meeste_riided
5749,2024-04-01 00:00:00,1120.52,4,Tallinn,pood,jalanõusid
5380,2024-04-02 00:00:00,257.50,5,Tartu,pood,laste_riided
5414,2024-04-02 00:00:00,260.72,2,Tallinn,pood,naiste_riided
5418,2024-04-02 00:00:00,189.30,2,null,online,laste_riided
5430,2024-04-02 00:00:00,149.55,1,Tartu,pood,aksessuaarid
5456,2024-04-02 00:00:00,191.74,2,null,online,laste_riided
5510,2024-04-02 00:00:00,116.87,1,Tartu,pood,jalanõusid
5541,2024-04-02 00:00:00,668.92,4,Pärnu,pood,laste_riided
5553,2024-04-02 00:00:00,123.82,1,Tartu,pood,meeste_riided
5616,2024-04-02 00:00:00,162.96,2,Pärnu,pood,jalanõusid
5631,2024-04-02 00:00:00,81.48,1,Tallinn,pood,jalanõusid
5670,2024-04-02 00:00:00,378.60,4,null,online,laste_riided
5680,2024-04-02 00:00:00,421.52,2,null,online,naiste_riided
5746,2024-04-02 00:00:00,29.42,1,Tallinn,pood,aksessuaarid
5384,2024-04-03 00:00:00,224.19,1,Tallinn,pood,naiste_riided
5421,2024-04-03 00:00:00,22.70,1,null,online,laste_riided
5462,2024-04-03 00:00:00,152.13,1,Pärnu,pood,meeste_riided
5629,2024-04-03 00:00:00,51.58,1,Pärnu,pood,laste_riided
5637,2024-04-03 00:00:00,123.64,1,null,online,laste_riided
5669,2024-04-03 00:00:00,294.32,2,Tallinn,pood,aksessuaarid
5678,2024-04-03 00:00:00,133.76,2,null,online,aksessuaarid
5744,2024-04-03 00:00:00,145.72,1,null,online,aksessuaarid
5765,2024-04-03 00:00:00,282.95,1,null,online,naiste_riided
5375,2024-04-04 00:00:00,241.18,2,Tallinn,pood,meeste_riided
5388,2024-04-04 00:00:00,462.26,2,Tartu,pood,aksessuaarid
5393,2024-04-04 00:00:00,29.42,1,Tallinn,pood,aksessuaarid
5394,2024-04-04 00:00:00,632.08,2,Pärnu,pood,meeste_riided
5398,2024-04-04 00:00:00,105.29,1,Pärnu,pood,laste_riided
5692,2024-04-04 00:00:00,526.15,5,null,online,laste_riided
5717,2024-04-04 00:00:00,665.10,2,null,online,meeste_riided
5756,2024-04-04 00:00:00,114.80,1,Tallinn,pood,laste_riided
5379,2024-04-05 00:00:00,147.58,1,Pärnu,pood,jalanõusid
5387,2024-04-05 00:00:00,163.53,1,Tallinn,pood,meeste_riided
5389,2024-04-05 00:00:00,104.08,2,Tallinn,pood,laste_riided
5427,2024-04-05 00:00:00,215.58,1,null,online,aksessuaarid
5436,2024-04-05 00:00:00,138.90,1,Tartu,pood,meeste_riided
5477,2024-04-05 00:00:00,279.48,2,Tartu,pood,naiste_riided
5558,2024-04-05 00:00:00,121.98,1,Pärnu,pood,aksessuaarid
5580,2024-04-05 00:00:00,158.94,1,null,online,jalanõusid
5581,2024-04-05 00:00:00,66.12,3,null,online,aksessuaarid
5585,2024-04-05 00:00:00,302.86,1,Tallinn,pood,jalanõusid
5592,2024-04-05 00:00:00,368.97,1,Tallinn,pood,jalanõusid
5595,2024-04-05 00:00:00,1128.99,3,null,online,jalanõusid
5610,2024-04-05 00:00:00,381.62,2,Tallinn,pood,jalanõusid
5615,2024-04-05 00:00:00,750.68,2,Tallinn,pood,jalanõusid
5676,2024-04-05 00:00:00,279.43,1,Tallinn,pood,meeste_riided
5700,2024-04-05 00:00:00,742.10,2,null,online,jalanõusid
5724,2024-04-05 00:00:00,208.54,2,null,online,laste_riided
5413,2024-04-06 00:00:00,53.01,1,Tartu,pood,meeste_riided
5441,2024-04-06 00:00:00,519.38,2,Tallinn,pood,meeste_riided
5465,2024-04-06 00:00:00,280.02,1,null,online,naiste_riided
5511,2024-04-06 00:00:00,160.71,1,Tallinn,pood,meeste_riided
5518,2024-04-06 00:00:00,-339.21,1,Tallinn,pood,jalanõusid
5544,2024-04-06 00:00:00,1166.88,4,Tallinn,pood,jalanõusid
5555,2024-04-06 00:00:00,171.24,3,Tallinn,pood,aksessuaarid
5578,2024-04-06 00:00:00,443.78,2,Tallinn,pood,naiste_riided
5583,2024-04-06 00:00:00,58.84,2,Tallinn,pood,aksessuaarid
5671,2024-04-06 00:00:00,624.82,2,null,online,meeste_riided
5683,2024-04-06 00:00:00,526.26,2,null,online,naiste_riided
5764,2024-04-06 00:00:00,105.23,1,null,online,laste_riided
5367,2024-04-07 00:00:00,74.70,1,Tartu,pood,jalanõusid
5376,2024-04-07 00:00:00,327.06,2,Tallinn,pood,meeste_riided
5402,2024-04-07 00:00:00,356.57,1,null,online,meeste_riided
5484,2024-04-07 00:00:00,-814.68,4,Tallinn,pood,meeste_riided
5531,2024-04-07 00:00:00,594.87,3,null,online,meeste_riided
5618,2024-04-07 00:00:00,564.58,2,null,online,jalanõusid
5643,2024-04-07 00:00:00,504.20,2,Tallinn,pood,jalanõusid
5657,2024-04-07 00:00:00,221.70,3,Tartu,pood,laste_riided
5661,2024-04-07 00:00:00,82.15,1,Tartu,pood,meeste_riided
5667,2024-04-07 00:00:00,347.24,2,null,online,aksessuaarid
5672,2024-04-07 00:00:00,163.53,1,Pärnu,pood,meeste_riided
5708,2024-04-07 00:00:00,276.97,1,null,online,jalanõusid
5730,2024-04-07 00:00:00,135.99,1,null,online,naiste_riided
5763,2024-04-07 00:00:00,276.97,1,Tartu,pood,jalanõusid
5766,2024-04-07 00:00:00,360.70,5,Tallinn,pood,laste_riided
5357,2024-04-08 00:00:00,-152.13,1,Tallinn,pood,meeste_riided
5358,2024-04-08 00:00:00,242.43,1,Tallinn,pood,meeste_riided
5404,2024-04-08 00:00:00,128.44,1,Tallinn,pood,laste_riided
5423,2024-04-08 00:00:00,79.59,1,null,online,meeste_riided
5471,2024-04-08 00:00:00,22.70,1,Tallinn,pood,laste_riided
5476,2024-04-08 00:00:00,495.62,2,null,online,meeste_riided
5485,2024-04-08 00:00:00,191.74,2,null,online,laste_riided
5492,2024-04-08 00:00:00,507.60,2,Pärnu,pood,jalanõusid
5514,2024-04-08 00:00:00,81.48,1,Tallinn,pood,jalanõusid
5537,2024-04-08 00:00:00,685.32,4,Pärnu,pood,meeste_riided
5550,2024-04-08 00:00:00,836.15,5,Tallinn,pood,laste_riided
5564,2024-04-08 00:00:00,375.34,1,null,online,jalanõusid
5566,2024-04-08 00:00:00,126.42,1,Pärnu,pood,meeste_riided
5577,2024-04-08 00:00:00,144.20,1,null,online,meeste_riided
5600,2024-04-08 00:00:00,-152.85,1,Tallinn,pood,laste_riided
5646,2024-04-08 00:00:00,507.60,2,Tartu,pood,jalanõusid
5649,2024-04-08 00:00:00,281.28,2,null,online,laste_riided
5653,2024-04-08 00:00:00,338.43,1,Tallinn,pood,meeste_riided
5694,2024-04-08 00:00:00,321.42,2,null,online,meeste_riided
5696,2024-04-08 00:00:00,153.40,2,null,online,naiste_riided
5707,2024-04-08 00:00:00,487.86,2,Tallinn,pood,meeste_riided
5722,2024-04-08 00:00:00,113.86,1,Tallinn,pood,aksessuaarid
5363,2024-04-09 00:00:00,991.45,5,Tallinn,pood,meeste_riided
5424,2024-04-09 00:00:00,29.48,1,Tallinn,pood,aksessuaarid
5469,2024-04-09 00:00:00,147.80,2,null,online,laste_riided
5478,2024-04-09 00:00:00,260.04,2,Pärnu,pood,laste_riided
5504,2024-04-09 00:00:00,128.37,1,null,online,laste_riided
5545,2024-04-09 00:00:00,130.02,1,null,online,laste_riided
5568,2024-04-09 00:00:00,84.54,1,null,online,jalanõusid
5579,2024-04-09 00:00:00,611.44,2,null,online,jalanõusid
5705,2024-04-09 00:00:00,70.01,1,Tartu,pood,meeste_riided
5754,2024-04-09 00:00:00,147.92,1,null,online,laste_riided
5372,2024-04-10 00:00:00,338.43,1,Tallinn,pood,meeste_riided
5377,2024-04-10 00:00:00,246.45,3,Tallinn,pood,meeste_riided
5406,2024-04-10 00:00:00,149.47,1,null,online,aksessuaarid
5467,2024-04-10 00:00:00,706.60,4,null,online,aksessuaarid
5497,2024-04-10 00:00:00,60.80,1,Pärnu,pood,laste_riided
5526,2024-04-10 00:00:00,315.87,3,Tallinn,pood,laste_riided
5554,2024-04-10 00:00:00,562.38,2,Tallinn,pood,meeste_riided
5573,2024-04-10 00:00:00,396.58,2,Pärnu,pood,meeste_riided
5603,2024-04-10 00:00:00,55.04,1,null,online,laste_riided
5650,2024-04-10 00:00:00,58.84,2,null,online,aksessuaarid
5729,2024-04-10 00:00:00,50.85,1,Tallinn,pood,aksessuaarid
5359,2024-04-11 00:00:00,123.64,1,Pärnu,pood,laste_riided
5382,2024-04-11 00:00:00,210.03,3,Tartu,pood,meeste_riided
5396,2024-04-11 00:00:00,125.52,1,Pärnu,pood,meeste_riided
5438,2024-04-11 00:00:00,191.61,3,Tallinn,pood,laste_riided
5440,2024-04-11 00:00:00,83.10,1,Tallinn,pood,meeste_riided
5474,2024-04-11 00:00:00,47.88,1,null,online,aksessuaarid
5520,2024-04-11 00:00:00,225.81,1,Tallinn,pood,naiste_riided
5528,2024-04-11 00:00:00,254.85,3,Tallinn,pood,laste_riided
5565,2024-04-11 00:00:00,321.42,2,null,online,meeste_riided
5582,2024-04-11 00:00:00,101.54,2,null,online,naiste_riided
5624,2024-04-11 00:00:00,314.55,3,null,online,laste_riided
5636,2024-04-11 00:00:00,777.84,4,Tallinn,pood,naiste_riided
5689,2024-04-11 00:00:00,210.76,1,Tartu,pood,naiste_riided
5710,2024-04-11 00:00:00,648.76,2,Tartu,pood,jalanõusid
5720,2024-04-11 00:00:00,149.55,1,Tallinn,pood,aksessuaarid
5723,2024-04-11 00:00:00,149.47,1,Tallinn,pood,aksessuaarid
5365,2024-04-12 00:00:00,82.15,1,null,online,meeste_riided
5373,2024-04-12 00:00:00,80.39,1,null,online,laste_riided
5385,2024-04-12 00:00:00,307.83,1,Tallinn,pood,naiste_riided
5468,2024-04-12 00:00:00,253.23,3,Tallinn,pood,jalanõusid
5488,2024-04-12 00:00:00,247.64,2,Tartu,pood,meeste_riided
5490,2024-04-12 00:00:00,178.58,2,Tartu,pood,meeste_riided
5524,2024-04-12 00:00:00,47.36,2,null,online,laste_riided
5532,2024-04-12 00:00:00,145.16,2,null,online,laste_riided
5534,2024-04-12 00:00:00,134.94,1,null,online,aksessuaarid
5540,2024-04-12 00:00:00,50.77,1,null,online,naiste_riided
5571,2024-04-12 00:00:00,298.94,2,null,online,aksessuaarid
5635,2024-04-12 00:00:00,29.42,1,null,online,aksessuaarid
5665,2024-04-12 00:00:00,125.12,2,null,online,aksessuaarid
5690,2024-04-12 00:00:00,358.41,1,null,online,jalanõusid
5699,2024-04-12 00:00:00,1212.15,5,Tallinn,pood,meeste_riided
5715,2024-04-12 00:00:00,208.83,1,null,online,naiste_riided
5728,2024-04-12 00:00:00,-152.13,1,null,online,meeste_riided
5738,2024-04-12 00:00:00,374.54,1,Tallinn,pood,meeste_riided
5411,2024-04-13 00:00:00,288.40,2,Pärnu,pood,meeste_riided
5449,2024-04-13 00:00:00,279.43,1,null,online,meeste_riided
5463,2024-04-13 00:00:00,828.60,3,Tartu,pood,naiste_riided
5495,2024-04-13 00:00:00,166.27,1,Tallinn,pood,naiste_riided
5523,2024-04-13 00:00:00,73.18,1,null,online,jalanõusid
5559,2024-04-13 00:00:00,123.64,1,Tallinn,pood,laste_riided
5628,2024-04-13 00:00:00,583.44,2,null,online,jalanõusid
5654,2024-04-13 00:00:00,110.08,2,null,online,laste_riided
5687,2024-04-13 00:00:00,144.36,1,Tallinn,pood,aksessuaarid
5691,2024-04-13 00:00:00,737.94,2,Tartu,pood,jalanõusid
5697,2024-04-13 00:00:00,65.60,1,Pärnu,pood,aksessuaarid
5727,2024-04-13 00:00:00,151.45,1,null,online,laste_riided
5735,2024-04-13 00:00:00,271.98,2,Tallinn,pood,naiste_riided
5745,2024-04-13 00:00:00,376.33,1,Pärnu,pood,jalanõusid
5399,2024-04-14 00:00:00,560.04,2,null,online,naiste_riided
5409,2024-04-14 00:00:00,327.07,1,Tartu,pood,meeste_riided
5458,2024-04-14 00:00:00,316.04,1,Tartu,pood,meeste_riided
5472,2024-04-14 00:00:00,424.86,3,null,online,laste_riided
5501,2024-04-14 00:00:00,214.52,2,Tallinn,pood,aksessuaarid
5515,2024-04-14 00:00:00,263.13,1,Tallinn,pood,naiste_riided
5529,2024-04-14 00:00:00,353.30,2,Tallinn,pood,aksessuaarid
5542,2024-04-14 00:00:00,795.60,3,null,online,naiste_riided
5673,2024-04-14 00:00:00,250.17,1,Tallinn,pood,naiste_riided
5675,2024-04-14 00:00:00,84.95,1,null,online,laste_riided
5711,2024-04-14 00:00:00,133.76,2,Tartu,pood,aksessuaarid
5714,2024-04-14 00:00:00,170.56,4,Tartu,pood,naiste_riided
5758,2024-04-14 00:00:00,229.01,1,null,online,meeste_riided
5366,2024-04-15 00:00:00,166.27,1,Tartu,pood,naiste_riided
5397,2024-04-15 00:00:00,281.19,1,Tallinn,pood,meeste_riided
5420,2024-04-15 00:00:00,291.72,1,Tallinn,pood,jalanõusid
5437,2024-04-15 00:00:00,154.71,1,Tallinn,pood,meeste_riided
5444,2024-04-15 00:00:00,147.92,1,Tallinn,pood,laste_riided
5494,2024-04-15 00:00:00,124.35,1,Pärnu,pood,meeste_riided
5498,2024-04-15 00:00:00,740.91,3,Tallinn,pood,meeste_riided
5601,2024-04-15 00:00:00,347.16,1,Pärnu,pood,meeste_riided
5620,2024-04-15 00:00:00,107.98,2,Tallinn,pood,laste_riided
5638,2024-04-15 00:00:00,749.08,2,Tallinn,pood,meeste_riided
5645,2024-04-15 00:00:00,271.98,2,Pärnu,pood,naiste_riided
5713,2024-04-15 00:00:00,148.82,2,null,online,jalanõusid
5752,2024-04-15 00:00:00,237.71,1,null,online,naiste_riided
5760,2024-04-15 00:00:00,154.71,1,null,online,meeste_riided
5491,2024-04-16 00:00:00,805.24,2,null,online,jalanõusid
5500,2024-04-16 00:00:00,163.64,1,Tallinn,pood,jalanõusid
5521,2024-04-16 00:00:00,175.25,1,Tallinn,pood,meeste_riided
5533,2024-04-16 00:00:00,199.14,2,Tallinn,pood,laste_riided
5598,2024-04-16 00:00:00,269.16,2,Tartu,pood,meeste_riided
5632,2024-04-16 00:00:00,133.76,2,null,online,aksessuaarid
5640,2024-04-16 00:00:00,204.87,1,Tallinn,pood,aksessuaarid
5684,2024-04-16 00:00:00,46.90,2,null,online,aksessuaarid
5701,2024-04-16 00:00:00,469.58,2,null,online,meeste_riided
5753,2024-04-16 00:00:00,54.81,1,Tallinn,pood,laste_riided
5761,2024-04-16 00:00:00,208.83,1,Pärnu,pood,naiste_riided
5368,2024-04-17 00:00:00,306.22,2,Tallinn,pood,aksessuaarid
5390,2024-04-17 00:00:00,244.25,5,Tallinn,pood,meeste_riided
5392,2024-04-17 00:00:00,184.07,1,Tallinn,pood,meeste_riided
5464,2024-04-17 00:00:00,104.08,2,Tallinn,pood,laste_riided
5466,2024-04-17 00:00:00,267.87,3,Tallinn,pood,meeste_riided
5512,2024-04-17 00:00:00,110.53,1,null,online,meeste_riided
5516,2024-04-17 00:00:00,704.37,3,Tallinn,pood,meeste_riided
5563,2024-04-17 00:00:00,549.74,2,Tallinn,pood,jalanõusid
5567,2024-04-17 00:00:00,51.50,1,Tartu,pood,laste_riided
5570,2024-04-17 00:00:00,136.30,1,Pärnu,pood,laste_riided
5587,2024-04-17 00:00:00,70.35,3,Tartu,pood,aksessuaarid
5588,2024-04-17 00:00:00,110.70,1,Tallinn,pood,laste_riided
5593,2024-04-17 00:00:00,130.00,2,Tallinn,pood,jalanõusid
5605,2024-04-17 00:00:00,55.04,1,Tartu,pood,laste_riided
5614,2024-04-17 00:00:00,214.72,2,Pärnu,pood,laste_riided
5660,2024-04-17 00:00:00,125.12,2,Pärnu,pood,aksessuaarid
5703,2024-04-17 00:00:00,742.10,2,Tallinn,pood,jalanõusid
5725,2024-04-17 00:00:00,1008.40,4,null,online,jalanõusid
5362,2024-04-18 00:00:00,45.40,2,Tallinn,pood,aksessuaarid
5400,2024-04-18 00:00:00,358.41,1,Tallinn,pood,jalanõusid
5448,2024-04-18 00:00:00,184.15,1,null,online,aksessuaarid
5455,2024-04-18 00:00:00,495.62,2,Tallinn,pood,meeste_riided
5460,2024-04-18 00:00:00,210.58,2,Tallinn,pood,laste_riided
5506,2024-04-18 00:00:00,63.87,1,Tallinn,pood,laste_riided
5525,2024-04-18 00:00:00,120.17,1,Tartu,pood,jalanõusid
5627,2024-04-18 00:00:00,544.10,2,Tartu,pood,naiste_riided
5647,2024-04-18 00:00:00,274.37,1,Tallinn,pood,naiste_riided
5652,2024-04-18 00:00:00,73.90,1,null,online,laste_riided
5716,2024-04-18 00:00:00,125.52,1,Tartu,pood,meeste_riided
5719,2024-04-18 00:00:00,351.33,1,Tartu,pood,naiste_riided
5731,2024-04-18 00:00:00,654.14,2,Tallinn,pood,meeste_riided
5737,2024-04-18 00:00:00,562.38,2,Tallinn,pood,meeste_riided
5415,2024-04-19 00:00:00,149.40,2,Tartu,pood,jalanõusid
5416,2024-04-19 00:00:00,475.42,2,null,online,naiste_riided
5426,2024-04-19 00:00:00,242.43,1,Tallinn,pood,meeste_riided
5452,2024-04-19 00:00:00,624.82,2,null,online,meeste_riided
5505,2024-04-19 00:00:00,191.48,1,Tallinn,pood,aksessuaarid
5557,2024-04-19 00:00:00,305.72,1,null,online,jalanõusid
5602,2024-04-19 00:00:00,405.04,4,Tallinn,pood,laste_riided
5739,2024-04-19 00:00:00,282.29,1,Tallinn,pood,jalanõusid
5381,2024-04-20 00:00:00,95.50,1,Tartu,pood,naiste_riided
5425,2024-04-20 00:00:00,106.38,2,Tallinn,pood,laste_riided
5439,2024-04-20 00:00:00,456.39,3,Tartu,pood,meeste_riided
5475,2024-04-20 00:00:00,172.28,2,Tallinn,pood,laste_riided
5496,2024-04-20 00:00:00,244.90,2,null,online,naiste_riided
5517,2024-04-20 00:00:00,229.55,1,Tartu,pood,naiste_riided
5522,2024-04-20 00:00:00,549.93,3,null,online,aksessuaarid
5560,2024-04-20 00:00:00,191.74,2,Tallinn,pood,laste_riided
5574,2024-04-20 00:00:00,127.90,2,Tallinn,pood,jalanõusid
5644,2024-04-20 00:00:00,218.99,1,Tallinn,pood,naiste_riided
5664,2024-04-20 00:00:00,83.26,2,null,online,naiste_riided
5686,2024-04-20 00:00:00,155.84,1,Pärnu,pood,aksessuaarid
5721,2024-04-20 00:00:00,308.84,1,Tallinn,pood,naiste_riided
5405,2024-04-21 00:00:00,476.82,3,Tartu,pood,jalanõusid
5442,2024-04-21 00:00:00,220.04,2,null,online,naiste_riided
5445,2024-04-21 00:00:00,165.12,3,null,online,laste_riided
5451,2024-04-21 00:00:00,175.25,1,null,online,meeste_riided
5461,2024-04-21 00:00:00,368.04,2,Tartu,pood,aksessuaarid
5489,2024-04-21 00:00:00,695.68,2,Tallinn,pood,meeste_riided
5503,2024-04-21 00:00:00,295.84,2,null,online,laste_riided
5535,2024-04-21 00:00:00,403.74,3,Tallinn,pood,meeste_riided
5546,2024-04-21 00:00:00,147.80,2,null,online,laste_riided
5594,2024-04-21 00:00:00,105.23,1,Tallinn,pood,laste_riided
5596,2024-04-21 00:00:00,156.12,3,Tallinn,pood,laste_riided
5623,2024-04-21 00:00:00,227.72,2,null,online,aksessuaarid
5625,2024-04-21 00:00:00,128.37,1,Tallinn,pood,laste_riided
5659,2024-04-21 00:00:00,16.37,1,null,online,aksessuaarid
5681,2024-04-21 00:00:00,109.90,2,Pärnu,pood,laste_riided
5743,2024-04-21 00:00:00,47.38,1,Tallinn,pood,laste_riided
5767,2024-04-21 00:00:00,958.26,3,Tallinn,pood,naiste_riided
5360,2024-04-22 00:00:00,482.36,4,Tallinn,pood,meeste_riided
5370,2024-04-22 00:00:00,368.67,1,Pärnu,pood,jalanõusid
5395,2024-04-22 00:00:00,125.98,1,Pärnu,pood,naiste_riided
5435,2024-04-22 00:00:00,244.14,2,null,online,aksessuaarid
5457,2024-04-22 00:00:00,250.17,1,null,online,naiste_riided
5481,2024-04-22 00:00:00,167.94,2,null,online,jalanõusid
5507,2024-04-22 00:00:00,196.91,1,Tallinn,pood,meeste_riided
5536,2024-04-22 00:00:00,72.60,1,Tartu,pood,laste_riided
5539,2024-04-22 00:00:00,607.71,3,Tallinn,pood,naiste_riided
5549,2024-04-22 00:00:00,222.10,1,Tallinn,pood,naiste_riided
5586,2024-04-22 00:00:00,153.30,3,Tallinn,pood,aksessuaarid
5663,2024-04-22 00:00:00,678.42,2,Tartu,pood,jalanõusid
5685,2024-04-22 00:00:00,1015.29,3,Tartu,pood,meeste_riided
5733,2024-04-22 00:00:00,436.84,2,null,online,meeste_riided
5361,2024-04-23 00:00:00,205.89,1,Tallinn,pood,aksessuaarid
5383,2024-04-23 00:00:00,203.08,4,null,online,naiste_riided
5391,2024-04-23 00:00:00,273.06,1,Tallinn,pood,jalanõusid
5422,2024-04-23 00:00:00,608.28,2,null,online,naiste_riided
5431,2024-04-23 00:00:00,605.72,2,Tallinn,pood,jalanõusid
5434,2024-04-23 00:00:00,-279.48,2,null,online,naiste_riided
5453,2024-04-23 00:00:00,150.11,1,null,online,naiste_riided
5480,2024-04-23 00:00:00,78.09,1,null,online,naiste_riided
5530,2024-04-23 00:00:00,142.57,1,null,online,meeste_riided
5548,2024-04-23 00:00:00,505.68,4,null,online,meeste_riided
5608,2024-04-23 00:00:00,32.93,1,Tallinn,pood,naiste_riided
5658,2024-04-23 00:00:00,51.50,1,Tallinn,pood,laste_riided
5662,2024-04-23 00:00:00,24.54,1,null,online,laste_riided
5698,2024-04-23 00:00:00,382.14,3,Tartu,pood,meeste_riided
5718,2024-04-23 00:00:00,153.11,1,null,online,aksessuaarid
5371,2024-04-24 00:00:00,225.36,2,Tallinn,pood,laste_riided
5408,2024-04-24 00:00:00,875.96,4,Pärnu,pood,naiste_riided
5417,2024-04-24 00:00:00,502.08,4,Tallinn,pood,meeste_riided
5433,2024-04-24 00:00:00,208.15,5,Tallinn,pood,naiste_riided
5443,2024-04-24 00:00:00,557.18,2,null,online,meeste_riided
5450,2024-04-24 00:00:00,80.39,1,Tartu,pood,laste_riided
5513,2024-04-24 00:00:00,290.55,1,null,online,naiste_riided
5572,2024-04-24 00:00:00,200.80,2,null,online,laste_riided
5590,2024-04-24 00:00:00,351.33,1,Tallinn,pood,naiste_riided
5599,2024-04-24 00:00:00,448.38,2,null,online,naiste_riided
5621,2024-04-24 00:00:00,158.94,1,Tartu,pood,jalanõusid
5641,2024-04-24 00:00:00,70.01,1,Tartu,pood,meeste_riided
5656,2024-04-24 00:00:00,301.85,5,Tallinn,pood,naiste_riided
5748,2024-04-24 00:00:00,279.48,2,null,online,naiste_riided
5762,2024-04-24 00:00:00,1115.37,3,Pärnu,pood,jalanõusid
5403,2024-04-25 00:00:00,276.97,1,null,online,jalanõusid
5412,2024-04-25 00:00:00,-665.67,3,Tallinn,pood,naiste_riided
5479,2024-04-25 00:00:00,491.18,2,null,online,naiste_riided
5527,2024-04-25 00:00:00,88.08,1,null,online,laste_riided
5604,2024-04-25 00:00:00,410.00,2,Tallinn,pood,meeste_riided
5619,2024-04-25 00:00:00,62.82,1,null,online,laste_riided
5626,2024-04-25 00:00:00,52.04,1,Tartu,pood,laste_riided
5639,2024-04-25 00:00:00,106.02,2,null,online,meeste_riided
5651,2024-04-25 00:00:00,737.90,5,Tallinn,pood,jalanõusid
5677,2024-04-25 00:00:00,475.42,2,null,online,naiste_riided
5679,2024-04-25 00:00:00,464.80,4,null,online,meeste_riided
5706,2024-04-25 00:00:00,504.66,2,null,online,naiste_riided
5709,2024-04-25 00:00:00,53.01,1,Tallinn,pood,meeste_riided
5740,2024-04-25 00:00:00,164.85,3,Tartu,pood,laste_riided
5755,2024-04-25 00:00:00,431.16,2,null,online,aksessuaarid
5355,2024-04-26 00:00:00,191.74,2,null,online,laste_riided
5419,2024-04-26 00:00:00,282.29,1,null,online,jalanõusid
5482,2024-04-26 00:00:00,443.78,2,Pärnu,pood,naiste_riided
5508,2024-04-26 00:00:00,889.20,3,null,online,naiste_riided
5576,2024-04-26 00:00:00,104.85,1,null,online,laste_riided
5630,2024-04-26 00:00:00,333.78,3,Tallinn,pood,naiste_riided
5633,2024-04-26 00:00:00,319.98,1,Pärnu,pood,jalanõusid
5642,2024-04-26 00:00:00,437.16,3,Pärnu,pood,aksessuaarid
5666,2024-04-26 00:00:00,105.09,1,Tartu,pood,meeste_riided
5682,2024-04-26 00:00:00,194.46,1,Tartu,pood,naiste_riided
5702,2024-04-26 00:00:00,260.20,5,Tartu,pood,laste_riided
5712,2024-04-26 00:00:00,677.43,3,null,online,naiste_riided
5742,2024-04-26 00:00:00,319.42,1,Tallinn,pood,naiste_riided
5750,2024-04-26 00:00:00,225.36,2,Tallinn,pood,laste_riided
5369,2024-04-27 00:00:00,149.47,1,Pärnu,pood,aksessuaarid
5386,2024-04-27 00:00:00,54.81,1,Tallinn,pood,laste_riided
5459,2024-04-27 00:00:00,80.39,1,null,online,laste_riided
5569,2024-04-27 00:00:00,160.78,2,Tartu,pood,laste_riided
5575,2024-04-27 00:00:00,62.55,1,Tallinn,pood,jalanõusid
5584,2024-04-27 00:00:00,163.53,1,Tallinn,pood,meeste_riided
5597,2024-04-27 00:00:00,210.58,2,Tartu,pood,laste_riided
5606,2024-04-27 00:00:00,703.24,2,null,online,meeste_riided
5611,2024-04-27 00:00:00,145.72,1,Tallinn,pood,aksessuaarid
5726,2024-04-27 00:00:00,493.94,2,Tallinn,pood,meeste_riided
5751,2024-04-27 00:00:00,1031.70,5,null,online,jalanõusid
5374,2024-04-28 00:00:00,-351.33,1,null,online,naiste_riided
5483,2024-04-28 00:00:00,306.22,2,null,online,aksessuaarid
5486,2024-04-28 00:00:00,28.56,1,null,online,aksessuaarid
5502,2024-04-28 00:00:00,324.38,1,Tartu,pood,jalanõusid
5509,2024-04-28 00:00:00,168.82,1,Pärnu,pood,laste_riided
5543,2024-04-28 00:00:00,356.57,1,Tallinn,pood,meeste_riided
5591,2024-04-28 00:00:00,417.08,4,Pärnu,pood,laste_riided
5607,2024-04-28 00:00:00,218.99,1,Tallinn,pood,naiste_riided
5634,2024-04-28 00:00:00,373.05,3,Tartu,pood,meeste_riided
5655,2024-04-28 00:00:00,94.25,1,Tallinn,pood,laste_riided
5693,2024-04-28 00:00:00,548.74,2,Tallinn,pood,naiste_riided
5704,2024-04-28 00:00:00,731.08,4,Tallinn,pood,naiste_riided
5759,2024-04-28 00:00:00,295.84,2,null,online,laste_riided
5356,2024-04-29 00:00:00,530.40,2,Tallinn,pood,naiste_riided
5428,2024-04-29 00:00:00,107.98,2,Tallinn,pood,laste_riided
5487,2024-04-29 00:00:00,320.42,2,Tartu,pood,meeste_riided
5561,2024-04-29 00:00:00,376.33,1,Tallinn,pood,jalanõusid
5589,2024-04-29 00:00:00,49.08,2,null,online,laste_riided
5613,2024-04-29 00:00:00,258.91,1,null,online,meeste_riided
5695,2024-04-29 00:00:00,125.12,2,Tallinn,pood,aksessuaarid
5732,2024-04-29 00:00:00,402.62,1,Tartu,pood,jalanõusid
5741,2024-04-29 00:00:00,83.10,1,null,online,meeste_riided
5364,2024-04-30 00:00:00,273.06,1,Tartu,pood,jalanõusid
5429,2024-04-30 00:00:00,565.90,2,Pärnu,pood,naiste_riided
5432,2024-04-30 00:00:00,-86.80,1,null,online,naiste_riided
5446,2024-04-30 00:00:00,94.65,1,Tartu,pood,laste_riided
5447,2024-04-30 00:00:00,168.34,1,Tallinn,pood,naiste_riided
5493,2024-04-30 00:00:00,347.16,1,Tartu,pood,meeste_riided
5519,2024-04-30 00:00:00,339.90,2,Tartu,pood,aksessuaarid
5538,2024-04-30 00:00:00,319.98,1,Tartu,pood,jalanõusid
5547,2024-04-30 00:00:00,274.50,1,null,online,meeste_riided
5552,2024-04-30 00:00:00,247.52,1,Pärnu,pood,naiste_riided
5556,2024-04-30 00:00:00,251.96,2,null,online,naiste_riided
5562,2024-04-30 00:00:00,16.62,1,Tallinn,pood,aksessuaarid
5612,2024-04-30 00:00:00,211.35,1,null,online,naiste_riided
5648,2024-04-30 00:00:00,221.89,1,Tartu,pood,naiste_riided
5668,2024-04-30 00:00:00,184.07,1,Tallinn,pood,meeste_riided
5674,2024-04-30 00:00:00,241.13,1,Tallinn,pood,jalanõusid
5734,2024-04-30 00:00:00,199.80,1,null,online,aksessuaarid
5757,2024-04-30 00:00:00,274.37,1,null,online,naiste_riided
5769,2024-05-01 00:00:00,517.82,2,Tallinn,pood,meeste_riided
5771,2024-05-01 00:00:00,16.37,1,Tallinn,pood,aksessuaarid
5794,2024-05-01 00:00:00,196.91,1,Tallinn,pood,meeste_riided
5823,2024-05-01 00:00:00,65.00,1,Tallinn,pood,jalanõusid
5897,2024-05-01 00:00:00,635.76,4,Tartu,pood,jalanõusid
5912,2024-05-01 00:00:00,232.61,1,Tartu,pood,jalanõusid
5924,2024-05-01 00:00:00,35.68,1,null,online,laste_riided
6004,2024-05-01 00:00:00,52.04,1,Tallinn,pood,laste_riided
6009,2024-05-01 00:00:00,448.38,2,Tartu,pood,naiste_riided
6024,2024-05-01 00:00:00,307.24,2,Tallinn,pood,jalanõusid
6062,2024-05-01 00:00:00,274.75,5,Tartu,pood,laste_riided
6112,2024-05-01 00:00:00,157.49,1,Pärnu,pood,jalanõusid
5867,2024-05-02 00:00:00,101.54,2,Tartu,pood,naiste_riided
5878,2024-05-02 00:00:00,200.77,1,Pärnu,pood,naiste_riided
5935,2024-05-02 00:00:00,697.83,3,null,online,jalanõusid
5964,2024-05-02 00:00:00,321.82,2,null,online,meeste_riided
5969,2024-05-02 00:00:00,-151.08,1,null,online,meeste_riided
6005,2024-05-02 00:00:00,182.40,3,Tallinn,pood,laste_riided
6077,2024-05-02 00:00:00,506.52,2,null,online,meeste_riided
6088,2024-05-02 00:00:00,100.57,1,Pärnu,pood,laste_riided
6119,2024-05-02 00:00:00,703.24,2,Tallinn,pood,meeste_riided
6177,2024-05-02 00:00:00,228.81,1,Pärnu,pood,jalanõusid
5793,2024-05-03 00:00:00,62.55,1,Tallinn,pood,jalanõusid
5831,2024-05-03 00:00:00,378.60,4,Pärnu,pood,laste_riided
5845,2024-05-03 00:00:00,368.97,1,Tartu,pood,jalanõusid
5859,2024-05-03 00:00:00,191.74,2,Tartu,pood,laste_riided
5860,2024-05-03 00:00:00,79.59,1,null,online,meeste_riided
6017,2024-05-03 00:00:00,-194.57,1,null,online,aksessuaarid
6029,2024-05-03 00:00:00,53.19,1,null,online,laste_riided
6058,2024-05-03 00:00:00,608.28,2,Tartu,pood,naiste_riided
6072,2024-05-03 00:00:00,107.67,1,Tallinn,pood,meeste_riided
6076,2024-05-03 00:00:00,125.12,2,Pärnu,pood,aksessuaarid
6105,2024-05-03 00:00:00,491.18,2,Tartu,pood,naiste_riided
6125,2024-05-03 00:00:00,290.55,1,Tartu,pood,naiste_riided
6127,2024-05-03 00:00:00,1302.24,3,null,online,jalanõusid
6143,2024-05-03 00:00:00,281.19,1,Tartu,pood,meeste_riided
5797,2024-05-04 00:00:00,257.39,1,Tallinn,pood,naiste_riided
5854,2024-05-04 00:00:00,53.24,2,Tartu,pood,laste_riided
5864,2024-05-04 00:00:00,695.68,2,Pärnu,pood,meeste_riided
5868,2024-05-04 00:00:00,98.68,1,null,online,laste_riided
5871,2024-05-04 00:00:00,305.72,1,Tallinn,pood,jalanõusid
5915,2024-05-04 00:00:00,138.90,1,Tallinn,pood,meeste_riided
5927,2024-05-04 00:00:00,188.50,2,Tartu,pood,laste_riided
5956,2024-05-04 00:00:00,467.52,3,null,online,aksessuaarid
5999,2024-05-04 00:00:00,514.78,2,Tallinn,pood,naiste_riided
6013,2024-05-04 00:00:00,53.19,1,null,online,laste_riided
6098,2024-05-04 00:00:00,324.27,3,Tartu,pood,naiste_riided
6101,2024-05-04 00:00:00,32.93,1,Tallinn,pood,naiste_riided
6134,2024-05-04 00:00:00,417.66,2,null,online,naiste_riided
6150,2024-05-04 00:00:00,346.70,1,Tallinn,pood,naiste_riided
6179,2024-05-04 00:00:00,166.27,1,Tartu,pood,naiste_riided
5792,2024-05-05 00:00:00,276.20,1,Pärnu,pood,naiste_riided
5799,2024-05-05 00:00:00,86.14,1,Tallinn,pood,laste_riided
5834,2024-05-05 00:00:00,560.04,2,null,online,naiste_riided
5836,2024-05-05 00:00:00,205.89,1,Tartu,pood,aksessuaarid
5881,2024-05-05 00:00:00,763.24,4,null,online,jalanõusid
5898,2024-05-05 00:00:00,424.84,4,Tartu,pood,laste_riided
5902,2024-05-05 00:00:00,251.52,1,Pärnu,pood,jalanõusid
5908,2024-05-05 00:00:00,592.80,2,null,online,naiste_riided
5913,2024-05-05 00:00:00,500.34,2,Tartu,pood,naiste_riided
5920,2024-05-05 00:00:00,401.54,2,Tallinn,pood,naiste_riided
5930,2024-05-05 00:00:00,339.90,2,Tallinn,pood,aksessuaarid
5983,2024-05-05 00:00:00,63.30,2,Tallinn,pood,laste_riided
6056,2024-05-05 00:00:00,270.69,1,Tartu,pood,jalanõusid
6083,2024-05-05 00:00:00,350.19,1,null,online,jalanõusid
6093,2024-05-05 00:00:00,28.56,1,Tallinn,pood,aksessuaarid
6129,2024-05-05 00:00:00,160.71,1,Tallinn,pood,meeste_riided
6173,2024-05-05 00:00:00,184.02,1,Tartu,pood,aksessuaarid
6175,2024-05-05 00:00:00,675.84,3,Tallinn,pood,aksessuaarid
5774,2024-05-06 00:00:00,94.14,2,Tallinn,pood,aksessuaarid
5800,2024-05-06 00:00:00,1128.99,3,null,online,jalanõusid
5949,2024-05-06 00:00:00,130.02,1,null,online,laste_riided
6021,2024-05-06 00:00:00,101.26,1,null,online,laste_riided
6086,2024-05-06 00:00:00,272.05,1,Tartu,pood,naiste_riided
6131,2024-05-06 00:00:00,271.98,2,Tallinn,pood,naiste_riided
6138,2024-05-06 00:00:00,192.22,2,null,online,jalanõusid
6158,2024-05-06 00:00:00,737.94,2,null,online,jalanõusid
6169,2024-05-06 00:00:00,257.39,1,Tartu,pood,naiste_riided
6178,2024-05-06 00:00:00,114.94,1,null,online,meeste_riided
5777,2024-05-07 00:00:00,291.44,2,null,online,aksessuaarid
5809,2024-05-07 00:00:00,831.35,5,null,online,naiste_riided
5810,2024-05-07 00:00:00,107.67,1,Tartu,pood,meeste_riided
5813,2024-05-07 00:00:00,58.49,1,Tallinn,pood,jalanõusid
5825,2024-05-07 00:00:00,-421.52,2,Tallinn,pood,naiste_riided
5832,2024-05-07 00:00:00,229.60,2,Tartu,pood,laste_riided
5846,2024-05-07 00:00:00,15.09,1,null,online,aksessuaarid
5848,2024-05-07 00:00:00,382.96,2,Tartu,pood,aksessuaarid
5852,2024-05-07 00:00:00,200.77,1,null,online,naiste_riided
5963,2024-05-07 00:00:00,29.42,1,Tallinn,pood,aksessuaarid
5978,2024-05-07 00:00:00,141.05,1,Tallinn,pood,jalanõusid
5985,2024-05-07 00:00:00,219.83,1,Tartu,pood,aksessuaarid
5992,2024-05-07 00:00:00,71.88,4,Tartu,pood,aksessuaarid
6026,2024-05-07 00:00:00,560.26,2,null,online,jalanõusid
6034,2024-05-07 00:00:00,487.86,2,null,online,meeste_riided
6042,2024-05-07 00:00:00,134.58,1,Tartu,pood,meeste_riided
6046,2024-05-07 00:00:00,190.78,2,null,online,aksessuaarid
6068,2024-05-07 00:00:00,418.10,2,Tartu,pood,naiste_riided
6073,2024-05-07 00:00:00,187.16,1,Tallinn,pood,jalanõusid
6080,2024-05-07 00:00:00,432.60,3,Tallinn,pood,meeste_riided
6091,2024-05-07 00:00:00,231.13,1,Tallinn,pood,aksessuaarid
6104,2024-05-07 00:00:00,54.95,1,Tartu,pood,laste_riided
6137,2024-05-07 00:00:00,557.18,2,null,online,meeste_riided
6141,2024-05-07 00:00:00,274.87,1,Pärnu,pood,jalanõusid
5795,2024-05-08 00:00:00,366.21,3,null,online,aksessuaarid
5802,2024-05-08 00:00:00,374.32,2,Tallinn,pood,jalanõusid
5863,2024-05-08 00:00:00,208.83,1,null,online,naiste_riided
5918,2024-05-08 00:00:00,219.24,2,Tallinn,pood,naiste_riided
5953,2024-05-08 00:00:00,121.98,1,Pärnu,pood,aksessuaarid
5996,2024-05-08 00:00:00,224.19,1,Tallinn,pood,naiste_riided
6018,2024-05-08 00:00:00,30.18,2,Pärnu,pood,aksessuaarid
6057,2024-05-08 00:00:00,423.15,3,null,online,jalanõusid
6079,2024-05-08 00:00:00,404.82,3,Tallinn,pood,aksessuaarid
6084,2024-05-08 00:00:00,605.72,2,null,online,jalanõusid
6087,2024-05-08 00:00:00,272.60,2,Tallinn,pood,laste_riided
6115,2024-05-08 00:00:00,208.72,1,null,online,aksessuaarid
6151,2024-05-08 00:00:00,30.05,1,null,online,laste_riided
6165,2024-05-08 00:00:00,94.65,1,null,online,laste_riided
5772,2024-05-09 00:00:00,280.13,1,Tallinn,pood,jalanõusid
5789,2024-05-09 00:00:00,693.40,2,null,online,naiste_riided
5843,2024-05-09 00:00:00,166.27,1,Tartu,pood,naiste_riided
5880,2024-05-09 00:00:00,614.61,3,Tallinn,pood,aksessuaarid
5894,2024-05-09 00:00:00,632.08,2,Tallinn,pood,meeste_riided
6002,2024-05-09 00:00:00,169.08,2,Tallinn,pood,jalanõusid
6020,2024-05-09 00:00:00,469.82,2,null,online,jalanõusid
6142,2024-05-09 00:00:00,-206.34,1,null,online,jalanõusid
5778,2024-05-10 00:00:00,158.94,1,null,online,jalanõusid
5784,2024-05-10 00:00:00,88.08,1,Tartu,pood,laste_riided
5850,2024-05-10 00:00:00,206.52,1,Tallinn,pood,naiste_riided
5855,2024-05-10 00:00:00,188.46,3,Tallinn,pood,laste_riided
5893,2024-05-10 00:00:00,124.89,3,null,online,naiste_riided
5933,2024-05-10 00:00:00,232.61,1,Pärnu,pood,jalanõusid
5941,2024-05-10 00:00:00,54.95,1,Tallinn,pood,laste_riided
6040,2024-05-10 00:00:00,131.20,2,Tartu,pood,aksessuaarid
6049,2024-05-10 00:00:00,63.30,2,Tartu,pood,laste_riided
6118,2024-05-10 00:00:00,295.84,2,Pärnu,pood,laste_riided
6146,2024-05-10 00:00:00,605.80,4,Tallinn,pood,laste_riided
5780,2024-05-11 00:00:00,152.85,1,null,online,laste_riided
5783,2024-05-11 00:00:00,48.85,1,null,online,meeste_riided
5824,2024-05-11 00:00:00,557.18,2,Tallinn,pood,meeste_riided
5833,2024-05-11 00:00:00,678.42,2,Tallinn,pood,jalanõusid
5874,2024-05-11 00:00:00,123.64,1,Tallinn,pood,laste_riided
5906,2024-05-11 00:00:00,260.00,4,Tartu,pood,jalanõusid
5922,2024-05-11 00:00:00,1484.20,4,Tartu,pood,jalanõusid
5974,2024-05-11 00:00:00,162.96,2,null,online,jalanõusid
6028,2024-05-11 00:00:00,552.06,3,Tartu,pood,aksessuaarid
6037,2024-05-11 00:00:00,756.30,3,null,online,jalanõusid
6041,2024-05-11 00:00:00,416.70,3,null,online,meeste_riided
6117,2024-05-11 00:00:00,241.17,3,Tallinn,pood,laste_riided
6170,2024-05-11 00:00:00,285.14,2,Pärnu,pood,meeste_riided
5798,2024-05-12 00:00:00,160.91,1,Tallinn,pood,meeste_riided
5803,2024-05-12 00:00:00,54.95,1,Tallinn,pood,laste_riided
5807,2024-05-12 00:00:00,243.93,1,Tallinn,pood,meeste_riided
5869,2024-05-12 00:00:00,81.85,1,null,online,meeste_riided
5877,2024-05-12 00:00:00,617.68,2,null,online,naiste_riided
5907,2024-05-12 00:00:00,83.10,1,Tartu,pood,meeste_riided
5936,2024-05-12 00:00:00,271.35,1,Tartu,pood,jalanõusid
5950,2024-05-12 00:00:00,324.38,1,Tallinn,pood,jalanõusid
5980,2024-05-12 00:00:00,145.46,2,Tallinn,pood,naiste_riided
6011,2024-05-12 00:00:00,608.28,2,Tallinn,pood,naiste_riided
6053,2024-05-12 00:00:00,417.08,4,Tartu,pood,laste_riided
6063,2024-05-12 00:00:00,47.88,1,Tallinn,pood,aksessuaarid
6107,2024-05-12 00:00:00,318.63,3,Tallinn,pood,laste_riided
6121,2024-05-12 00:00:00,72.60,1,null,online,laste_riided
6122,2024-05-12 00:00:00,207.23,1,Pärnu,pood,jalanõusid
6157,2024-05-12 00:00:00,47.88,1,Tartu,pood,aksessuaarid
5837,2024-05-13 00:00:00,102.20,2,Pärnu,pood,aksessuaarid
5849,2024-05-13 00:00:00,120.17,1,Pärnu,pood,jalanõusid
5876,2024-05-13 00:00:00,250.17,1,Tallinn,pood,naiste_riided
5901,2024-05-13 00:00:00,198.63,3,null,online,laste_riided
5942,2024-05-13 00:00:00,270.99,1,null,online,meeste_riided
6067,2024-05-13 00:00:00,1110.50,5,Tallinn,pood,naiste_riided
5785,2024-05-14 00:00:00,149.47,1,Tallinn,pood,aksessuaarid
5801,2024-05-14 00:00:00,984.55,5,Tallinn,pood,meeste_riided
5806,2024-05-14 00:00:00,105.23,1,null,online,laste_riided
5829,2024-05-14 00:00:00,109.62,1,Pärnu,pood,naiste_riided
5955,2024-05-14 00:00:00,166.27,1,null,online,naiste_riided
6007,2024-05-14 00:00:00,158.94,1,Tallinn,pood,jalanõusid
6031,2024-05-14 00:00:00,208.72,1,Tallinn,pood,aksessuaarid
6061,2024-05-14 00:00:00,149.55,1,Tallinn,pood,aksessuaarid
6085,2024-05-14 00:00:00,60.10,2,Pärnu,pood,laste_riided
6094,2024-05-14 00:00:00,358.70,2,Tallinn,pood,naiste_riided
6123,2024-05-14 00:00:00,86.46,1,Tallinn,pood,laste_riided
6133,2024-05-14 00:00:00,646.74,3,Tartu,pood,aksessuaarid
6140,2024-05-14 00:00:00,448.41,3,null,online,aksessuaarid
5781,2024-05-15 00:00:00,536.80,5,Tallinn,pood,laste_riided
5853,2024-05-15 00:00:00,250.72,2,Tallinn,pood,laste_riided
5858,2024-05-15 00:00:00,678.42,2,Tallinn,pood,jalanõusid
5870,2024-05-15 00:00:00,246.97,1,Tallinn,pood,meeste_riided
5875,2024-05-15 00:00:00,221.06,2,Tallinn,pood,meeste_riided
5973,2024-05-15 00:00:00,62.55,1,null,online,jalanõusid
5991,2024-05-15 00:00:00,51.10,1,Pärnu,pood,aksessuaarid
6070,2024-05-15 00:00:00,114.80,1,null,online,laste_riided
6090,2024-05-15 00:00:00,156.18,2,null,online,naiste_riided
6148,2024-05-15 00:00:00,694.32,2,Tartu,pood,meeste_riided
6155,2024-05-15 00:00:00,442.74,3,Tallinn,pood,jalanõusid
5768,2024-05-16 00:00:00,635.76,4,Tallinn,pood,jalanõusid
5841,2024-05-16 00:00:00,288.40,2,null,online,meeste_riided
5899,2024-05-16 00:00:00,332.55,1,Tartu,pood,meeste_riided
5919,2024-05-16 00:00:00,678.42,2,Pärnu,pood,jalanõusid
5993,2024-05-16 00:00:00,169.08,2,Tallinn,pood,jalanõusid
6032,2024-05-16 00:00:00,230.10,3,null,online,naiste_riided
6054,2024-05-16 00:00:00,209.05,1,null,online,naiste_riided
6103,2024-05-16 00:00:00,71.36,2,Tallinn,pood,laste_riided
6120,2024-05-16 00:00:00,626.49,3,Tartu,pood,naiste_riided
6135,2024-05-16 00:00:00,321.82,2,Tartu,pood,meeste_riided
6144,2024-05-16 00:00:00,376.56,3,Tallinn,pood,meeste_riided
6152,2024-05-16 00:00:00,296.04,3,null,online,laste_riided
6168,2024-05-16 00:00:00,46.90,2,Pärnu,pood,aksessuaarid
5782,2024-05-17 00:00:00,253.80,1,Tartu,pood,jalanõusid
5814,2024-05-17 00:00:00,819.96,3,Tallinn,pood,jalanõusid
5827,2024-05-17 00:00:00,605.80,4,null,online,laste_riided
5872,2024-05-17 00:00:00,45.40,2,Tartu,pood,laste_riided
5910,2024-05-17 00:00:00,55.04,1,Pärnu,pood,laste_riided
5934,2024-05-17 00:00:00,125.36,1,null,online,laste_riided
5962,2024-05-17 00:00:00,95.87,1,Tartu,pood,laste_riided
6039,2024-05-17 00:00:00,16.37,1,null,online,aksessuaarid
6044,2024-05-17 00:00:00,120.17,1,Tallinn,pood,jalanõusid
6048,2024-05-17 00:00:00,402.62,1,null,online,jalanõusid
6055,2024-05-17 00:00:00,72.14,1,Tallinn,pood,laste_riided
6108,2024-05-17 00:00:00,702.66,2,Tallinn,pood,naiste_riided
6110,2024-05-17 00:00:00,385.11,3,null,online,laste_riided
6153,2024-05-17 00:00:00,105.09,1,null,online,meeste_riided
5808,2024-05-18 00:00:00,93.13,1,Tallinn,pood,aksessuaarid
5822,2024-05-18 00:00:00,71.36,2,null,online,laste_riided
5828,2024-05-18 00:00:00,26.79,1,Tartu,pood,aksessuaarid
5844,2024-05-18 00:00:00,282.95,1,Tallinn,pood,naiste_riided
5866,2024-05-18 00:00:00,74.81,1,Tartu,pood,aksessuaarid
5900,2024-05-18 00:00:00,199.14,2,null,online,laste_riided
5909,2024-05-18 00:00:00,482.26,2,Tartu,pood,jalanõusid
5917,2024-05-18 00:00:00,199.14,2,Tallinn,pood,laste_riided
5923,2024-05-18 00:00:00,194.46,1,Tartu,pood,naiste_riided
5931,2024-05-18 00:00:00,376.56,3,null,online,meeste_riided
5944,2024-05-18 00:00:00,517.82,2,Tallinn,pood,meeste_riided
5972,2024-05-18 00:00:00,116.87,1,Tallinn,pood,jalanõusid
5988,2024-05-18 00:00:00,285.14,2,null,online,meeste_riided
6027,2024-05-18 00:00:00,206.34,1,Pärnu,pood,jalanõusid
6078,2024-05-18 00:00:00,57.08,1,Tartu,pood,aksessuaarid
6092,2024-05-18 00:00:00,104.27,1,null,online,laste_riided
6171,2024-05-18 00:00:00,552.21,3,Tallinn,pood,meeste_riided
5804,2024-05-19 00:00:00,169.08,2,Tartu,pood,jalanõusid
5811,2024-05-19 00:00:00,112.68,1,null,online,laste_riided
5820,2024-05-19 00:00:00,145.20,2,Tallinn,pood,laste_riided
5847,2024-05-19 00:00:00,89.39,1,Tartu,pood,meeste_riided
5857,2024-05-19 00:00:00,28.56,1,Tallinn,pood,aksessuaarid
5887,2024-05-19 00:00:00,98.68,1,Tartu,pood,laste_riided
5943,2024-05-19 00:00:00,45.40,2,Tallinn,pood,laste_riided
5968,2024-05-19 00:00:00,148.82,2,null,online,jalanõusid
6006,2024-05-19 00:00:00,159.03,3,Tallinn,pood,meeste_riided
6019,2024-05-19 00:00:00,259.69,1,Pärnu,pood,meeste_riided
6047,2024-05-19 00:00:00,908.58,3,Tallinn,pood,jalanõusid
6089,2024-05-19 00:00:00,155.84,1,null,online,aksessuaarid
6099,2024-05-19 00:00:00,62.56,1,null,online,aksessuaarid
6116,2024-05-19 00:00:00,440.08,4,Tartu,pood,naiste_riided
6132,2024-05-19 00:00:00,273.66,3,null,online,meeste_riided
5770,2024-05-20 00:00:00,282.95,1,Tartu,pood,naiste_riided
5773,2024-05-20 00:00:00,260.72,2,null,online,naiste_riided
5796,2024-05-20 00:00:00,247.28,2,Pärnu,pood,laste_riided
5904,2024-05-20 00:00:00,629.96,4,Pärnu,pood,jalanõusid
5929,2024-05-20 00:00:00,234.91,1,Pärnu,pood,jalanõusid
5981,2024-05-20 00:00:00,244.14,2,Pärnu,pood,aksessuaarid
5998,2024-05-20 00:00:00,331.59,3,Tallinn,pood,meeste_riided
6001,2024-05-20 00:00:00,54.81,1,Tartu,pood,laste_riided
6023,2024-05-20 00:00:00,232.61,1,null,online,jalanõusid
6043,2024-05-20 00:00:00,733.24,4,null,online,aksessuaarid
6051,2024-05-20 00:00:00,171.33,1,Pärnu,pood,meeste_riided
6064,2024-05-20 00:00:00,648.76,2,Tartu,pood,jalanõusid
6159,2024-05-20 00:00:00,53.19,1,Tallinn,pood,laste_riided
6174,2024-05-20 00:00:00,611.44,2,Tallinn,pood,jalanõusid
5776,2024-05-21 00:00:00,752.66,2,Tartu,pood,jalanõusid
5812,2024-05-21 00:00:00,444.20,2,null,online,naiste_riided
5817,2024-05-21 00:00:00,312.41,1,null,online,meeste_riided
5862,2024-05-21 00:00:00,160.21,1,Pärnu,pood,meeste_riided
5879,2024-05-21 00:00:00,176.65,1,Pärnu,pood,aksessuaarid
5889,2024-05-21 00:00:00,263.13,1,Tallinn,pood,naiste_riided
5928,2024-05-21 00:00:00,198.29,1,Tartu,pood,meeste_riided
5940,2024-05-21 00:00:00,145.50,1,Pärnu,pood,jalanõusid
5971,2024-05-21 00:00:00,253.80,1,null,online,jalanõusid
5982,2024-05-21 00:00:00,166.27,1,null,online,naiste_riided
5990,2024-05-21 00:00:00,121.98,1,null,online,aksessuaarid
6050,2024-05-21 00:00:00,296.58,1,Tallinn,pood,meeste_riided
6059,2024-05-21 00:00:00,-72.60,1,Tallinn,pood,laste_riided
6065,2024-05-21 00:00:00,356.57,1,Tallinn,pood,meeste_riided
6081,2024-05-21 00:00:00,176.65,1,Tallinn,pood,aksessuaarid
6095,2024-05-21 00:00:00,557.18,2,Pärnu,pood,meeste_riided
6130,2024-05-21 00:00:00,166.27,1,null,online,naiste_riided
6166,2024-05-21 00:00:00,417.44,2,Tallinn,pood,aksessuaarid
5888,2024-05-22 00:00:00,281.19,1,null,online,meeste_riided
5892,2024-05-22 00:00:00,304.26,2,null,online,meeste_riided
5911,2024-05-22 00:00:00,291.72,1,Tallinn,pood,jalanõusid
5947,2024-05-22 00:00:00,153.40,2,Tallinn,pood,naiste_riided
6010,2024-05-22 00:00:00,73.90,1,null,online,laste_riided
6038,2024-05-22 00:00:00,160.91,1,Tartu,pood,meeste_riided
6075,2024-05-22 00:00:00,132.30,1,Tallinn,pood,jalanõusid
6156,2024-05-22 00:00:00,95.50,1,Tartu,pood,naiste_riided
6161,2024-05-22 00:00:00,72.73,1,null,online,naiste_riided
5818,2024-05-23 00:00:00,-278.59,1,null,online,meeste_riided
5856,2024-05-23 00:00:00,215.58,1,Tallinn,pood,aksessuaarid
5883,2024-05-23 00:00:00,201.14,2,Tallinn,pood,laste_riided
5885,2024-05-23 00:00:00,292.61,1,Tallinn,pood,jalanõusid
5886,2024-05-23 00:00:00,167.23,1,null,online,laste_riided
5905,2024-05-23 00:00:00,814.05,3,Tartu,pood,jalanõusid
5925,2024-05-23 00:00:00,191.74,2,Tallinn,pood,laste_riided
5951,2024-05-23 00:00:00,125.52,1,Tartu,pood,meeste_riided
5957,2024-05-23 00:00:00,487.86,2,null,online,meeste_riided
6000,2024-05-23 00:00:00,312.81,3,Pärnu,pood,laste_riided
6033,2024-05-23 00:00:00,152.13,1,null,online,meeste_riided
6036,2024-05-23 00:00:00,105.09,1,Tartu,pood,meeste_riided
6074,2024-05-23 00:00:00,83.10,1,Tartu,pood,meeste_riided
6082,2024-05-23 00:00:00,140.64,1,Tallinn,pood,laste_riided
6097,2024-05-23 00:00:00,366.62,2,null,online,aksessuaarid
6102,2024-05-23 00:00:00,457.62,2,Tallinn,pood,jalanõusid
5816,2024-05-24 00:00:00,1736.32,4,Tartu,pood,jalanõusid
5851,2024-05-24 00:00:00,132.30,1,Tallinn,pood,jalanõusid
5873,2024-05-24 00:00:00,823.11,3,Tartu,pood,naiste_riided
5932,2024-05-24 00:00:00,60.80,1,Tartu,pood,laste_riided
5952,2024-05-24 00:00:00,736.77,3,Tallinn,pood,naiste_riided
5966,2024-05-24 00:00:00,81.85,1,null,online,meeste_riided
5967,2024-05-24 00:00:00,208.72,1,Tartu,pood,aksessuaarid
6012,2024-05-24 00:00:00,55.04,1,Tallinn,pood,laste_riided
6030,2024-05-24 00:00:00,23.45,1,Tartu,pood,aksessuaarid
6114,2024-05-24 00:00:00,45.40,2,Tallinn,pood,aksessuaarid
6160,2024-05-24 00:00:00,241.13,1,Tallinn,pood,jalanõusid
6162,2024-05-24 00:00:00,131.04,2,Tallinn,pood,jalanõusid
5819,2024-05-25 00:00:00,475.42,2,null,online,naiste_riided
5884,2024-05-25 00:00:00,398.28,4,Tartu,pood,laste_riided
5939,2024-05-25 00:00:00,793.68,4,Tallinn,pood,jalanõusid
5948,2024-05-25 00:00:00,292.61,1,null,online,jalanõusid
5959,2024-05-25 00:00:00,299.10,2,Tallinn,pood,aksessuaarid
5960,2024-05-25 00:00:00,60.37,1,Tallinn,pood,naiste_riided
5984,2024-05-25 00:00:00,70.01,1,Tallinn,pood,meeste_riided
6025,2024-05-25 00:00:00,24.54,1,Tallinn,pood,laste_riided
6066,2024-05-25 00:00:00,350.05,5,null,online,meeste_riided
6109,2024-05-25 00:00:00,218.54,1,null,online,jalanõusid
6111,2024-05-25 00:00:00,224.19,1,Tartu,pood,naiste_riided
6139,2024-05-25 00:00:00,140.64,1,null,online,laste_riided
6149,2024-05-25 00:00:00,605.80,4,Tallinn,pood,laste_riided
5791,2024-05-26 00:00:00,52.04,1,Tallinn,pood,laste_riided
5815,2024-05-26 00:00:00,737.34,2,Pärnu,pood,jalanõusid
5840,2024-05-26 00:00:00,93.13,1,null,online,aksessuaarid
5882,2024-05-26 00:00:00,22.70,1,null,online,aksessuaarid
5890,2024-05-26 00:00:00,275.20,5,Tartu,pood,laste_riided
5916,2024-05-26 00:00:00,173.62,1,Tallinn,pood,aksessuaarid
5921,2024-05-26 00:00:00,141.62,1,null,online,laste_riided
5975,2024-05-26 00:00:00,91.22,1,Pärnu,pood,meeste_riided
5979,2024-05-26 00:00:00,74.41,1,Tallinn,pood,jalanõusid
6124,2024-05-26 00:00:00,310.90,2,Tallinn,pood,aksessuaarid
5775,2024-05-27 00:00:00,106.69,1,null,online,meeste_riided
5786,2024-05-27 00:00:00,274.87,1,null,online,jalanõusid
5805,2024-05-27 00:00:00,389.14,2,Tartu,pood,aksessuaarid
5826,2024-05-27 00:00:00,296.58,1,Tallinn,pood,meeste_riided
5830,2024-05-27 00:00:00,158.51,1,null,online,naiste_riided
5838,2024-05-27 00:00:00,327.28,2,Tallinn,pood,jalanõusid
5839,2024-05-27 00:00:00,536.80,5,Tallinn,pood,laste_riided
5861,2024-05-27 00:00:00,309.42,2,Tallinn,pood,meeste_riided
5945,2024-05-27 00:00:00,458.02,2,null,online,meeste_riided
5946,2024-05-27 00:00:00,939.16,4,Tallinn,pood,meeste_riided
5987,2024-05-27 00:00:00,500.34,2,null,online,naiste_riided
6045,2024-05-27 00:00:00,874.08,3,Tallinn,pood,naiste_riided
6069,2024-05-27 00:00:00,86.14,1,Tallinn,pood,laste_riided
6113,2024-05-27 00:00:00,350.61,3,Tallinn,pood,jalanõusid
6126,2024-05-27 00:00:00,81.48,1,Tallinn,pood,jalanõusid
6136,2024-05-27 00:00:00,234.10,2,Pärnu,pood,aksessuaarid
5895,2024-05-28 00:00:00,200.64,3,Tallinn,pood,aksessuaarid
5937,2024-05-28 00:00:00,283.24,2,null,online,laste_riided
5938,2024-05-28 00:00:00,22.04,1,Tallinn,pood,aksessuaarid
5958,2024-05-28 00:00:00,208.54,2,null,online,laste_riided
5976,2024-05-28 00:00:00,742.56,3,Tallinn,pood,naiste_riided
5986,2024-05-28 00:00:00,615.66,2,null,online,naiste_riided
5989,2024-05-28 00:00:00,182.40,3,Tallinn,pood,laste_riided
6022,2024-05-28 00:00:00,67.75,1,Pärnu,pood,jalanõusid
6035,2024-05-28 00:00:00,365.54,2,Tallinn,pood,naiste_riided
6052,2024-05-28 00:00:00,48.58,1,Tallinn,pood,laste_riided
6100,2024-05-28 00:00:00,-150.11,1,null,online,naiste_riided
6128,2024-05-28 00:00:00,95.87,1,Tallinn,pood,laste_riided
6145,2024-05-28 00:00:00,530.40,2,Tallinn,pood,naiste_riided
6147,2024-05-28 00:00:00,338.04,3,null,online,laste_riided
6154,2024-05-28 00:00:00,442.38,2,null,online,jalanõusid
6167,2024-05-28 00:00:00,28.56,1,null,online,aksessuaarid
5842,2024-05-29 00:00:00,93.70,1,Tallinn,pood,meeste_riided
5865,2024-05-29 00:00:00,475.42,2,null,online,naiste_riided
5896,2024-05-29 00:00:00,254.76,2,Tallinn,pood,meeste_riided
5914,2024-05-29 00:00:00,413.04,2,null,online,naiste_riided
5926,2024-05-29 00:00:00,552.40,2,Tartu,pood,naiste_riided
5995,2024-05-29 00:00:00,57.08,1,null,online,aksessuaarid
6016,2024-05-29 00:00:00,86.14,1,null,online,laste_riided
6096,2024-05-29 00:00:00,265.20,1,null,online,naiste_riided
6106,2024-05-29 00:00:00,548.74,2,null,online,naiste_riided
6172,2024-05-29 00:00:00,41.79,1,Tallinn,pood,laste_riided
6180,2024-05-29 00:00:00,295.84,2,null,online,laste_riided
5787,2024-05-30 00:00:00,144.28,2,null,online,laste_riided
5788,2024-05-30 00:00:00,160.21,1,null,online,meeste_riided
5821,2024-05-30 00:00:00,665.67,3,Tartu,pood,naiste_riided
5891,2024-05-30 00:00:00,76.70,1,Tallinn,pood,naiste_riided
5903,2024-05-30 00:00:00,916.55,5,Tallinn,pood,aksessuaarid
5961,2024-05-30 00:00:00,923.49,3,Pärnu,pood,naiste_riided
5970,2024-05-30 00:00:00,232.61,1,null,online,jalanõusid
5977,2024-05-30 00:00:00,328.26,3,null,online,aksessuaarid
6008,2024-05-30 00:00:00,1093.28,4,null,online,jalanõusid
6014,2024-05-30 00:00:00,42.64,1,Tartu,pood,naiste_riided
6060,2024-05-30 00:00:00,86.14,1,Pärnu,pood,laste_riided
6071,2024-05-30 00:00:00,210.46,2,Tartu,pood,laste_riided
6176,2024-05-30 00:00:00,51.50,1,null,online,laste_riided
5779,2024-05-31 00:00:00,197.36,2,Tartu,pood,laste_riided
5790,2024-05-31 00:00:00,-368.14,2,null,online,meeste_riided
5835,2024-05-31 00:00:00,219.19,1,Tallinn,pood,naiste_riided
5954,2024-05-31 00:00:00,60.37,1,Tartu,pood,naiste_riided
5965,2024-05-31 00:00:00,109.62,1,null,online,naiste_riided
5994,2024-05-31 00:00:00,45.27,3,null,online,aksessuaarid
5997,2024-05-31 00:00:00,615.66,2,null,online,naiste_riided
6003,2024-05-31 00:00:00,459.10,2,Tartu,pood,naiste_riided
6015,2024-05-31 00:00:00,212.42,2,null,online,laste_riided
6163,2024-05-31 00:00:00,518.46,2,Tartu,pood,meeste_riided
6164,2024-05-31 00:00:00,272.05,1,Tallinn,pood,naiste_riided
6192,2024-06-01 00:00:00,250.17,1,null,online,naiste_riided
6204,2024-06-01 00:00:00,549.32,4,null,online,meeste_riided
6257,2024-06-01 00:00:00,144.28,2,Tallinn,pood,laste_riided
6305,2024-06-01 00:00:00,227.72,2,Tallinn,pood,aksessuaarid
6336,2024-06-01 00:00:00,99.57,1,null,online,laste_riided
6399,2024-06-01 00:00:00,488.58,3,Tallinn,pood,naiste_riided
6406,2024-06-01 00:00:00,871.65,3,null,online,naiste_riided
6444,2024-06-01 00:00:00,347.16,1,Tallinn,pood,meeste_riided
6457,2024-06-01 00:00:00,238.77,3,Tartu,pood,meeste_riided
6459,2024-06-01 00:00:00,210.58,2,Tallinn,pood,laste_riided
6503,2024-06-01 00:00:00,139.74,1,Tallinn,pood,naiste_riided
6524,2024-06-01 00:00:00,225.81,1,Tallinn,pood,naiste_riided
6533,2024-06-01 00:00:00,41.79,1,null,online,laste_riided
6581,2024-06-01 00:00:00,347.84,1,null,online,meeste_riided
6233,2024-06-02 00:00:00,-414.46,2,null,online,jalanõusid
6351,2024-06-02 00:00:00,632.08,2,Tallinn,pood,meeste_riided
6352,2024-06-02 00:00:00,332.55,1,Tallinn,pood,meeste_riided
6395,2024-06-02 00:00:00,439.66,2,Tallinn,pood,aksessuaarid
6403,2024-06-02 00:00:00,661.50,5,Tallinn,pood,jalanõusid
6410,2024-06-02 00:00:00,365.54,2,null,online,naiste_riided
6423,2024-06-02 00:00:00,789.39,3,Tallinn,pood,naiste_riided
6476,2024-06-02 00:00:00,117.05,1,Tallinn,pood,aksessuaarid
6543,2024-06-02 00:00:00,94.65,1,Tallinn,pood,laste_riided
6607,2024-06-02 00:00:00,282.95,1,Tallinn,pood,naiste_riided
6624,2024-06-02 00:00:00,389.14,2,Tallinn,pood,aksessuaarid
6635,2024-06-02 00:00:00,168.82,1,Tallinn,pood,laste_riided
6207,2024-06-03 00:00:00,278.59,1,Tartu,pood,meeste_riided
6236,2024-06-03 00:00:00,229.60,2,Tartu,pood,laste_riided
6238,2024-06-03 00:00:00,158.51,1,Tallinn,pood,naiste_riided
6243,2024-06-03 00:00:00,765.55,5,Tallinn,pood,aksessuaarid
6286,2024-06-03 00:00:00,301.20,3,null,online,laste_riided
6366,2024-06-03 00:00:00,106.71,1,Tartu,pood,aksessuaarid
6424,2024-06-03 00:00:00,302.86,1,Tallinn,pood,jalanõusid
6504,2024-06-03 00:00:00,302.79,3,null,online,meeste_riided
6572,2024-06-03 00:00:00,147.80,2,Tallinn,pood,laste_riided
6595,2024-06-03 00:00:00,282.10,2,null,online,jalanõusid
6597,2024-06-03 00:00:00,320.07,3,null,online,meeste_riided
6618,2024-06-03 00:00:00,100.57,1,Tallinn,pood,laste_riided
6680,2024-06-03 00:00:00,274.37,1,Tallinn,pood,naiste_riided
6184,2024-06-04 00:00:00,178.78,2,null,online,meeste_riided
6254,2024-06-04 00:00:00,243.93,1,Pärnu,pood,meeste_riided
6262,2024-06-04 00:00:00,700.38,2,Pärnu,pood,jalanõusid
6265,2024-06-04 00:00:00,191.74,2,Tallinn,pood,laste_riided
6267,2024-06-04 00:00:00,125.52,1,Tallinn,pood,meeste_riided
6277,2024-06-04 00:00:00,63.62,1,Tallinn,pood,jalanõusid
6466,2024-06-04 00:00:00,213.42,2,Tallinn,pood,aksessuaarid
6491,2024-06-04 00:00:00,132.42,2,null,online,laste_riided
6517,2024-06-04 00:00:00,224.19,1,null,online,naiste_riided
6540,2024-06-04 00:00:00,564.58,2,Tallinn,pood,jalanõusid
6549,2024-06-04 00:00:00,147.16,1,Pärnu,pood,aksessuaarid
6599,2024-06-04 00:00:00,603.94,2,Tallinn,pood,naiste_riided
6641,2024-06-04 00:00:00,291.72,1,Tallinn,pood,jalanõusid
6673,2024-06-04 00:00:00,939.64,4,Tallinn,pood,jalanõusid
6225,2024-06-05 00:00:00,157.49,1,Tartu,pood,jalanõusid
6255,2024-06-05 00:00:00,55.04,1,Tallinn,pood,laste_riided
6258,2024-06-05 00:00:00,210.18,2,Tallinn,pood,meeste_riided
6266,2024-06-05 00:00:00,503.04,2,Tallinn,pood,jalanõusid
6346,2024-06-05 00:00:00,208.11,1,Tallinn,pood,meeste_riided
6379,2024-06-05 00:00:00,292.61,1,Tallinn,pood,jalanõusid
6437,2024-06-05 00:00:00,215.58,1,Tallinn,pood,aksessuaarid
6494,2024-06-05 00:00:00,114.16,2,Tallinn,pood,aksessuaarid
6525,2024-06-05 00:00:00,71.36,2,Tartu,pood,laste_riided
6538,2024-06-05 00:00:00,272.05,1,null,online,naiste_riided
6539,2024-06-05 00:00:00,281.28,2,null,online,laste_riided
6648,2024-06-05 00:00:00,172.28,2,null,online,laste_riided
6663,2024-06-05 00:00:00,72.60,1,Tartu,pood,laste_riided
6677,2024-06-05 00:00:00,218.42,1,Tartu,pood,meeste_riided
6213,2024-06-06 00:00:00,296.58,1,Tartu,pood,meeste_riided
6246,2024-06-06 00:00:00,229.55,1,Tartu,pood,naiste_riided
6256,2024-06-06 00:00:00,1302.24,3,null,online,jalanõusid
6261,2024-06-06 00:00:00,26.62,1,Tallinn,pood,laste_riided
6330,2024-06-06 00:00:00,375.34,1,Tallinn,pood,jalanõusid
6334,2024-06-06 00:00:00,100.40,1,null,online,laste_riided
6343,2024-06-06 00:00:00,200.77,1,Tallinn,pood,naiste_riided
6380,2024-06-06 00:00:00,145.72,1,Tallinn,pood,aksessuaarid
6407,2024-06-06 00:00:00,350.50,2,Pärnu,pood,meeste_riided
6412,2024-06-06 00:00:00,16.37,1,null,online,aksessuaarid
6460,2024-06-06 00:00:00,225.81,1,Tallinn,pood,naiste_riided
6477,2024-06-06 00:00:00,1484.20,4,Pärnu,pood,jalanõusid
6506,2024-06-06 00:00:00,1117.72,4,Tartu,pood,meeste_riided
6523,2024-06-06 00:00:00,327.07,1,null,online,meeste_riided
6528,2024-06-06 00:00:00,562.38,2,Tallinn,pood,meeste_riided
6532,2024-06-06 00:00:00,141.62,1,Tartu,pood,laste_riided
6553,2024-06-06 00:00:00,453.24,3,Tallinn,pood,meeste_riided
6592,2024-06-06 00:00:00,776.73,3,null,online,meeste_riided
6602,2024-06-06 00:00:00,158.51,1,null,online,naiste_riided
6649,2024-06-06 00:00:00,150.11,1,null,online,naiste_riided
6687,2024-06-06 00:00:00,665.10,2,null,online,meeste_riided
6182,2024-06-07 00:00:00,256.88,2,null,online,laste_riided
6251,2024-06-07 00:00:00,562.38,2,Tallinn,pood,meeste_riided
6259,2024-06-07 00:00:00,351.33,1,null,online,naiste_riided
6298,2024-06-07 00:00:00,737.90,5,null,online,jalanõusid
6303,2024-06-07 00:00:00,181.68,1,Tallinn,pood,aksessuaarid
6340,2024-06-07 00:00:00,399.60,2,Tallinn,pood,aksessuaarid
6355,2024-06-07 00:00:00,135.99,1,Tartu,pood,naiste_riided
6421,2024-06-07 00:00:00,611.01,3,null,online,meeste_riided
6432,2024-06-07 00:00:00,1498.16,4,null,online,meeste_riided
6499,2024-06-07 00:00:00,88.08,1,null,online,laste_riided
6515,2024-06-07 00:00:00,437.98,2,Tartu,pood,naiste_riided
6520,2024-06-07 00:00:00,32.74,2,Tallinn,pood,aksessuaarid
6521,2024-06-07 00:00:00,617.68,2,Tallinn,pood,naiste_riided
6659,2024-06-07 00:00:00,603.94,2,Pärnu,pood,naiste_riided
6181,2024-06-08 00:00:00,200.77,1,Tartu,pood,naiste_riided
6186,2024-06-08 00:00:00,227.72,2,null,online,aksessuaarid
6283,2024-06-08 00:00:00,45.21,1,Tallinn,pood,aksessuaarid
6285,2024-06-08 00:00:00,82.15,1,Tallinn,pood,meeste_riided
6295,2024-06-08 00:00:00,693.40,2,Pärnu,pood,naiste_riided
6338,2024-06-08 00:00:00,631.08,3,Tallinn,pood,jalanõusid
6345,2024-06-08 00:00:00,65.60,1,null,online,aksessuaarid
6354,2024-06-08 00:00:00,371.79,1,null,online,jalanõusid
6356,2024-06-08 00:00:00,805.24,2,Tartu,pood,jalanõusid
6361,2024-06-08 00:00:00,73.90,1,Pärnu,pood,laste_riided
6427,2024-06-08 00:00:00,257.39,1,Tallinn,pood,naiste_riided
6429,2024-06-08 00:00:00,122.45,1,null,online,naiste_riided
6431,2024-06-08 00:00:00,163.64,1,Tallinn,pood,jalanõusid
6490,2024-06-08 00:00:00,66.21,1,null,online,laste_riided
6508,2024-06-08 00:00:00,737.94,2,null,online,jalanõusid
6542,2024-06-08 00:00:00,843.04,4,Tartu,pood,naiste_riided
6614,2024-06-08 00:00:00,103.16,2,Tartu,pood,laste_riided
6617,2024-06-08 00:00:00,252.33,1,null,online,naiste_riided
6620,2024-06-08 00:00:00,78.09,1,null,online,naiste_riided
6643,2024-06-08 00:00:00,152.85,1,Tallinn,pood,laste_riided
6675,2024-06-08 00:00:00,-202.57,1,null,online,naiste_riided
6240,2024-06-09 00:00:00,519.38,2,Tartu,pood,meeste_riided
6260,2024-06-09 00:00:00,176.65,1,Tallinn,pood,aksessuaarid
6291,2024-06-09 00:00:00,51.58,1,null,online,laste_riided
6315,2024-06-09 00:00:00,610.17,3,Tartu,pood,aksessuaarid
6320,2024-06-09 00:00:00,83.10,1,Tallinn,pood,meeste_riided
6383,2024-06-09 00:00:00,296.40,1,Tallinn,pood,naiste_riided
6392,2024-06-09 00:00:00,208.83,1,null,online,naiste_riided
6446,2024-06-09 00:00:00,206.34,1,null,online,jalanõusid
6461,2024-06-09 00:00:00,304.14,1,Tallinn,pood,naiste_riided
6502,2024-06-09 00:00:00,254.76,2,Tallinn,pood,meeste_riided
6505,2024-06-09 00:00:00,299.10,2,Tallinn,pood,aksessuaarid
6512,2024-06-09 00:00:00,184.15,1,Tallinn,pood,aksessuaarid
6552,2024-06-09 00:00:00,495.04,2,null,online,naiste_riided
6188,2024-06-10 00:00:00,77.40,2,Tallinn,pood,laste_riided
6200,2024-06-10 00:00:00,153.40,2,Pärnu,pood,naiste_riided
6205,2024-06-10 00:00:00,156.12,3,null,online,laste_riided
6210,2024-06-10 00:00:00,116.98,2,Tallinn,pood,jalanõusid
6237,2024-06-10 00:00:00,183.31,1,Pärnu,pood,aksessuaarid
6276,2024-06-10 00:00:00,307.83,1,null,online,naiste_riided
6325,2024-06-10 00:00:00,271.35,1,null,online,jalanõusid
6374,2024-06-10 00:00:00,53.58,2,Pärnu,pood,aksessuaarid
6381,2024-06-10 00:00:00,44.08,2,Tallinn,pood,aksessuaarid
6419,2024-06-10 00:00:00,210.58,2,Tallinn,pood,laste_riided
6420,2024-06-10 00:00:00,-88.26,3,Tartu,pood,aksessuaarid
6452,2024-06-10 00:00:00,269.16,2,null,online,meeste_riided
6493,2024-06-10 00:00:00,789.39,3,Tartu,pood,naiste_riided
6566,2024-06-10 00:00:00,253.23,3,Tallinn,pood,jalanõusid
6582,2024-06-10 00:00:00,358.70,2,Tallinn,pood,naiste_riided
6590,2024-06-10 00:00:00,290.55,1,null,online,naiste_riided
6632,2024-06-10 00:00:00,107.36,1,Tallinn,pood,laste_riided
6220,2024-06-11 00:00:00,38.70,1,Tallinn,pood,laste_riided
6278,2024-06-11 00:00:00,203.39,1,Tallinn,pood,aksessuaarid
6341,2024-06-11 00:00:00,373.54,2,Tallinn,pood,aksessuaarid
6425,2024-06-11 00:00:00,130.00,2,null,online,jalanõusid
6448,2024-06-11 00:00:00,208.11,1,Tallinn,pood,meeste_riided
6511,2024-06-11 00:00:00,120.59,1,Tallinn,pood,meeste_riided
6568,2024-06-11 00:00:00,86.80,1,Tallinn,pood,naiste_riided
6580,2024-06-11 00:00:00,417.66,2,null,online,naiste_riided
6584,2024-06-11 00:00:00,937.23,3,Tallinn,pood,meeste_riided
6589,2024-06-11 00:00:00,234.91,1,null,online,jalanõusid
6594,2024-06-11 00:00:00,469.98,2,Tallinn,pood,naiste_riided
6654,2024-06-11 00:00:00,47.07,1,Tallinn,pood,aksessuaarid
6691,2024-06-11 00:00:00,475.42,2,Tallinn,pood,naiste_riided
6269,2024-06-12 00:00:00,156.13,1,null,online,aksessuaarid
6271,2024-06-12 00:00:00,69.39,1,Tallinn,pood,jalanõusid
6280,2024-06-12 00:00:00,180.14,1,Tallinn,pood,naiste_riided
6313,2024-06-12 00:00:00,109.90,2,null,online,laste_riided
6350,2024-06-12 00:00:00,214.52,2,Tallinn,pood,aksessuaarid
6365,2024-06-12 00:00:00,107.36,1,Tallinn,pood,laste_riided
6389,2024-06-12 00:00:00,24.54,1,Tartu,pood,laste_riided
6415,2024-06-12 00:00:00,125.36,1,Tallinn,pood,laste_riided
6474,2024-06-12 00:00:00,339.21,1,Tallinn,pood,jalanõusid
6541,2024-06-12 00:00:00,222.10,1,Tallinn,pood,naiste_riided
6585,2024-06-12 00:00:00,29.48,1,Tallinn,pood,aksessuaarid
6215,2024-06-13 00:00:00,66.21,1,Tartu,pood,laste_riided
6222,2024-06-13 00:00:00,45.21,1,Tallinn,pood,aksessuaarid
6224,2024-06-13 00:00:00,548.74,2,null,online,naiste_riided
6247,2024-06-13 00:00:00,243.96,2,Tallinn,pood,aksessuaarid
6296,2024-06-13 00:00:00,814.05,3,null,online,jalanõusid
6304,2024-06-13 00:00:00,1106.01,3,Tartu,pood,jalanõusid
6307,2024-06-13 00:00:00,464.13,3,null,online,meeste_riided
6323,2024-06-13 00:00:00,421.74,2,null,online,meeste_riided
6328,2024-06-13 00:00:00,31.65,1,null,online,laste_riided
6329,2024-06-13 00:00:00,247.81,1,null,online,meeste_riided
6440,2024-06-13 00:00:00,552.45,3,null,online,aksessuaarid
6471,2024-06-13 00:00:00,94.14,2,Pärnu,pood,aksessuaarid
6481,2024-06-13 00:00:00,240.34,2,null,online,jalanõusid
6510,2024-06-13 00:00:00,990.08,4,Tartu,pood,naiste_riided
6660,2024-06-13 00:00:00,58.49,1,Tallinn,pood,jalanõusid
6662,2024-06-13 00:00:00,638.84,2,null,online,naiste_riided
6685,2024-06-13 00:00:00,180.14,1,Tallinn,pood,naiste_riided
6187,2024-06-14 00:00:00,178.58,2,Tallinn,pood,meeste_riided
6195,2024-06-14 00:00:00,120.20,4,Tallinn,pood,laste_riided
6202,2024-06-14 00:00:00,329.99,1,Tartu,pood,jalanõusid
6223,2024-06-14 00:00:00,38.70,1,Tallinn,pood,laste_riided
6230,2024-06-14 00:00:00,103.16,2,null,online,laste_riided
6279,2024-06-14 00:00:00,80.39,1,null,online,laste_riided
6339,2024-06-14 00:00:00,338.43,1,Tartu,pood,meeste_riided
6371,2024-06-14 00:00:00,655.26,3,null,online,meeste_riided
6418,2024-06-14 00:00:00,51.58,1,Pärnu,pood,laste_riided
6435,2024-06-14 00:00:00,624.52,4,Tallinn,pood,aksessuaarid
6436,2024-06-14 00:00:00,55.04,1,null,online,laste_riided
6464,2024-06-14 00:00:00,213.38,2,null,online,meeste_riided
6469,2024-06-14 00:00:00,234.79,1,null,online,meeste_riided
6480,2024-06-14 00:00:00,614.61,3,Tallinn,pood,aksessuaarid
6575,2024-06-14 00:00:00,77.60,1,Pärnu,pood,meeste_riided
6577,2024-06-14 00:00:00,168.34,1,null,online,naiste_riided
6609,2024-06-14 00:00:00,155.84,1,Pärnu,pood,aksessuaarid
6619,2024-06-14 00:00:00,789.39,3,null,online,naiste_riided
6633,2024-06-14 00:00:00,615.66,2,null,online,naiste_riided
6647,2024-06-14 00:00:00,22.70,1,null,online,laste_riided
6650,2024-06-14 00:00:00,371.79,1,Tallinn,pood,jalanõusid
6656,2024-06-14 00:00:00,269.85,1,null,online,meeste_riided
6657,2024-06-14 00:00:00,350.19,1,Tartu,pood,jalanõusid
6671,2024-06-14 00:00:00,312.81,3,null,online,laste_riided
6191,2024-06-15 00:00:00,469.82,2,null,online,jalanõusid
6206,2024-06-15 00:00:00,566.48,4,Tallinn,pood,laste_riided
6297,2024-06-15 00:00:00,24.54,1,Pärnu,pood,laste_riided
6314,2024-06-15 00:00:00,376.08,3,Tallinn,pood,laste_riided
6332,2024-06-15 00:00:00,272.05,1,Tallinn,pood,naiste_riided
6363,2024-06-15 00:00:00,693.40,2,null,online,naiste_riided
6396,2024-06-15 00:00:00,232.61,1,Pärnu,pood,jalanõusid
6468,2024-06-15 00:00:00,22.70,1,Tallinn,pood,laste_riided
6489,2024-06-15 00:00:00,324.27,3,Tartu,pood,naiste_riided
6492,2024-06-15 00:00:00,252.33,1,Tartu,pood,naiste_riided
6495,2024-06-15 00:00:00,198.29,1,Tallinn,pood,meeste_riided
6576,2024-06-15 00:00:00,83.58,2,Pärnu,pood,laste_riided
6591,2024-06-15 00:00:00,32.93,1,null,online,naiste_riided
6613,2024-06-15 00:00:00,277.80,2,Tartu,pood,meeste_riided
6655,2024-06-15 00:00:00,257.39,1,Tartu,pood,naiste_riided
6664,2024-06-15 00:00:00,136.30,1,Tallinn,pood,laste_riided
6686,2024-06-15 00:00:00,389.14,2,null,online,aksessuaarid
6690,2024-06-15 00:00:00,101.54,2,Pärnu,pood,naiste_riided
6185,2024-06-16 00:00:00,480.63,3,Tallinn,pood,meeste_riided
6208,2024-06-16 00:00:00,147.16,1,Tallinn,pood,aksessuaarid
6239,2024-06-16 00:00:00,565.90,2,Tartu,pood,naiste_riided
6250,2024-06-16 00:00:00,58.49,1,null,online,jalanõusid
6273,2024-06-16 00:00:00,368.04,2,null,online,aksessuaarid
6293,2024-06-16 00:00:00,487.86,2,Tallinn,pood,meeste_riided
6324,2024-06-16 00:00:00,351.62,1,Tartu,pood,meeste_riided
6337,2024-06-16 00:00:00,282.29,1,Pärnu,pood,jalanõusid
6367,2024-06-16 00:00:00,198.29,1,Tallinn,pood,meeste_riided
6369,2024-06-16 00:00:00,583.71,3,Tallinn,pood,aksessuaarid
6391,2024-06-16 00:00:00,279.39,3,Tallinn,pood,aksessuaarid
6393,2024-06-16 00:00:00,83.23,1,Tallinn,pood,naiste_riided
6441,2024-06-16 00:00:00,305.70,2,Tartu,pood,laste_riided
6449,2024-06-16 00:00:00,135.50,2,null,online,jalanõusid
6467,2024-06-16 00:00:00,188.91,1,Tartu,pood,aksessuaarid
6530,2024-06-16 00:00:00,-624.33,3,Tallinn,pood,meeste_riided
6558,2024-06-16 00:00:00,258.91,1,Tartu,pood,meeste_riided
6586,2024-06-16 00:00:00,731.79,3,null,online,meeste_riided
6598,2024-06-16 00:00:00,128.44,1,null,online,laste_riided
6679,2024-06-16 00:00:00,155.20,2,Tartu,pood,meeste_riided
6183,2024-06-17 00:00:00,28.56,1,null,online,aksessuaarid
6319,2024-06-17 00:00:00,196.91,1,Tallinn,pood,meeste_riided
6322,2024-06-17 00:00:00,703.24,2,null,online,meeste_riided
6348,2024-06-17 00:00:00,232.61,1,Tallinn,pood,jalanõusid
6385,2024-06-17 00:00:00,165.12,3,Tallinn,pood,laste_riided
6509,2024-06-17 00:00:00,384.44,4,Tallinn,pood,jalanõusid
6518,2024-06-17 00:00:00,594.87,3,null,online,meeste_riided
6537,2024-06-17 00:00:00,188.50,2,Tartu,pood,laste_riided
6550,2024-06-17 00:00:00,280.13,1,null,online,jalanõusid
6600,2024-06-17 00:00:00,229.55,1,null,online,naiste_riided
6608,2024-06-17 00:00:00,72.58,1,Tartu,pood,laste_riided
6190,2024-06-18 00:00:00,51.50,1,Pärnu,pood,laste_riided
6211,2024-06-18 00:00:00,66.88,1,Pärnu,pood,aksessuaarid
6234,2024-06-18 00:00:00,141.62,1,Tartu,pood,laste_riided
6245,2024-06-18 00:00:00,158.94,1,Tartu,pood,jalanõusid
6327,2024-06-18 00:00:00,277.80,2,Tallinn,pood,meeste_riided
6331,2024-06-18 00:00:00,72.73,1,null,online,naiste_riided
6362,2024-06-18 00:00:00,728.60,5,Tallinn,pood,aksessuaarid
6375,2024-06-18 00:00:00,107.36,1,Tallinn,pood,laste_riided
6400,2024-06-18 00:00:00,740.91,3,Tartu,pood,meeste_riided
6405,2024-06-18 00:00:00,153.40,2,null,online,naiste_riided
6428,2024-06-18 00:00:00,216.18,2,null,online,naiste_riided
6486,2024-06-18 00:00:00,360.28,2,Tallinn,pood,naiste_riided
6497,2024-06-18 00:00:00,24.54,1,Tallinn,pood,laste_riided
6535,2024-06-18 00:00:00,107.36,1,null,online,laste_riided
6561,2024-06-18 00:00:00,116.98,2,null,online,jalanõusid
6562,2024-06-18 00:00:00,388.92,2,null,online,naiste_riided
6565,2024-06-18 00:00:00,302.86,1,null,online,jalanõusid
6616,2024-06-18 00:00:00,52.04,1,null,online,laste_riided
6661,2024-06-18 00:00:00,22.70,1,Tallinn,pood,aksessuaarid
6681,2024-06-18 00:00:00,196.91,1,Tallinn,pood,meeste_riided
6189,2024-06-19 00:00:00,302.86,1,Pärnu,pood,jalanõusid
6199,2024-06-19 00:00:00,23.68,1,Tartu,pood,laste_riided
6216,2024-06-19 00:00:00,442.12,4,null,online,meeste_riided
6290,2024-06-19 00:00:00,90.80,4,Pärnu,pood,laste_riided
6299,2024-06-19 00:00:00,358.70,2,Tartu,pood,naiste_riided
6302,2024-06-19 00:00:00,107.16,4,null,online,aksessuaarid
6318,2024-06-19 00:00:00,54.95,1,null,online,laste_riided
6382,2024-06-19 00:00:00,422.70,2,null,online,naiste_riided
6387,2024-06-19 00:00:00,417.66,2,Tartu,pood,naiste_riided
6408,2024-06-19 00:00:00,421.74,2,null,online,meeste_riided
6409,2024-06-19 00:00:00,317.88,2,null,online,jalanõusid
6413,2024-06-19 00:00:00,310.90,2,Tartu,pood,aksessuaarid
6417,2024-06-19 00:00:00,140.64,1,Tallinn,pood,laste_riided
6475,2024-06-19 00:00:00,72.60,1,Pärnu,pood,laste_riided
6500,2024-06-19 00:00:00,312.26,2,Tallinn,pood,aksessuaarid
6522,2024-06-19 00:00:00,-208.54,2,Tartu,pood,laste_riided
6587,2024-06-19 00:00:00,22.04,1,null,online,aksessuaarid
6642,2024-06-19 00:00:00,95.87,1,null,online,laste_riided
6689,2024-06-19 00:00:00,232.61,1,Tallinn,pood,jalanõusid
6214,2024-06-20 00:00:00,155.56,2,Tallinn,pood,laste_riided
6268,2024-06-20 00:00:00,125.10,2,Tallinn,pood,jalanõusid
6317,2024-06-20 00:00:00,76.70,1,null,online,naiste_riided
6359,2024-06-20 00:00:00,868.16,2,Tallinn,pood,jalanõusid
6426,2024-06-20 00:00:00,101.26,1,Tartu,pood,laste_riided
6472,2024-06-20 00:00:00,437.08,2,Tartu,pood,jalanõusid
6498,2024-06-20 00:00:00,280.02,1,Tartu,pood,naiste_riided
6529,2024-06-20 00:00:00,368.14,2,Tallinn,pood,meeste_riided
6551,2024-06-20 00:00:00,271.35,1,Tartu,pood,jalanõusid
6601,2024-06-20 00:00:00,1696.05,5,null,online,jalanõusid
6605,2024-06-20 00:00:00,24.54,1,null,online,laste_riided
6623,2024-06-20 00:00:00,58.84,2,Tallinn,pood,aksessuaarid
6631,2024-06-20 00:00:00,121.60,2,Tallinn,pood,laste_riided
6638,2024-06-20 00:00:00,83.23,1,Tartu,pood,naiste_riided
6646,2024-06-20 00:00:00,338.43,1,Tallinn,pood,meeste_riided
6669,2024-06-20 00:00:00,694.32,2,Tartu,pood,meeste_riided
6682,2024-06-20 00:00:00,80.37,3,Tartu,pood,aksessuaarid
6688,2024-06-20 00:00:00,371.05,1,null,online,jalanõusid
6226,2024-06-21 00:00:00,263.13,1,Tartu,pood,naiste_riided
6288,2024-06-21 00:00:00,50.85,1,null,online,aksessuaarid
6306,2024-06-21 00:00:00,204.87,1,Tallinn,pood,aksessuaarid
6309,2024-06-21 00:00:00,72.73,1,null,online,naiste_riided
6310,2024-06-21 00:00:00,72.58,1,Tallinn,pood,laste_riided
6333,2024-06-21 00:00:00,97.16,2,null,online,laste_riided
6364,2024-06-21 00:00:00,194.46,1,Tallinn,pood,naiste_riided
6373,2024-06-21 00:00:00,365.54,2,Tallinn,pood,naiste_riided
6376,2024-06-21 00:00:00,-418.10,2,Pärnu,pood,naiste_riided
6398,2024-06-21 00:00:00,-140.02,2,Tartu,pood,meeste_riided
6453,2024-06-21 00:00:00,90.42,2,null,online,aksessuaarid
6639,2024-06-21 00:00:00,228.81,1,Tartu,pood,jalanõusid
6668,2024-06-21 00:00:00,184.07,1,null,online,meeste_riided
6683,2024-06-21 00:00:00,116.87,1,null,online,jalanõusid
6201,2024-06-22 00:00:00,317.02,2,Pärnu,pood,naiste_riided
6209,2024-06-22 00:00:00,434.08,1,Tallinn,pood,jalanõusid
6228,2024-06-22 00:00:00,247.52,1,null,online,naiste_riided
6231,2024-06-22 00:00:00,90.80,4,Tartu,pood,aksessuaarid
6272,2024-06-22 00:00:00,234.79,1,null,online,meeste_riided
6294,2024-06-22 00:00:00,211.35,1,Pärnu,pood,naiste_riided
6300,2024-06-22 00:00:00,476.95,5,null,online,aksessuaarid
6360,2024-06-22 00:00:00,158.94,1,Tartu,pood,jalanõusid
6404,2024-06-22 00:00:00,514.64,4,Tallinn,pood,jalanõusid
6455,2024-06-22 00:00:00,320.13,3,Pärnu,pood,aksessuaarid
6483,2024-06-22 00:00:00,241.17,3,null,online,laste_riided
6484,2024-06-22 00:00:00,211.35,1,null,online,naiste_riided
6501,2024-06-22 00:00:00,253.80,1,Tallinn,pood,jalanõusid
6531,2024-06-22 00:00:00,160.71,1,null,online,meeste_riided
6534,2024-06-22 00:00:00,147.92,1,Tallinn,pood,laste_riided
6536,2024-06-22 00:00:00,442.84,2,null,online,jalanõusid
6567,2024-06-22 00:00:00,348.60,3,Tartu,pood,meeste_riided
6573,2024-06-22 00:00:00,190.78,2,Tallinn,pood,aksessuaarid
6628,2024-06-22 00:00:00,1174.55,5,Tartu,pood,jalanõusid
6674,2024-06-22 00:00:00,72.60,1,Tallinn,pood,laste_riided
6212,2024-06-23 00:00:00,200.77,1,Tallinn,pood,naiste_riided
6229,2024-06-23 00:00:00,213.64,2,null,online,laste_riided
6326,2024-06-23 00:00:00,-225.81,1,null,online,naiste_riided
6353,2024-06-23 00:00:00,159.18,2,null,online,meeste_riided
6401,2024-06-23 00:00:00,241.13,1,null,online,jalanõusid
6434,2024-06-23 00:00:00,136.30,1,Pärnu,pood,laste_riided
6507,2024-06-23 00:00:00,188.91,1,Tallinn,pood,aksessuaarid
6516,2024-06-23 00:00:00,276.97,1,null,online,jalanõusid
6574,2024-06-23 00:00:00,153.11,1,null,online,aksessuaarid
6579,2024-06-23 00:00:00,292.61,1,null,online,jalanõusid
6629,2024-06-23 00:00:00,94.65,1,Pärnu,pood,laste_riided
6644,2024-06-23 00:00:00,142.57,1,Tartu,pood,meeste_riided
6670,2024-06-23 00:00:00,261.46,2,null,online,laste_riided
6193,2024-06-24 00:00:00,76.70,1,null,online,naiste_riided
6248,2024-06-24 00:00:00,26.62,1,Tartu,pood,laste_riided
6249,2024-06-24 00:00:00,-207.23,1,Tartu,pood,jalanõusid
6263,2024-06-24 00:00:00,332.54,2,Tartu,pood,naiste_riided
6275,2024-06-24 00:00:00,101.70,2,null,online,aksessuaarid
6287,2024-06-24 00:00:00,222.10,1,Tartu,pood,naiste_riided
6321,2024-06-24 00:00:00,777.69,3,Tallinn,pood,meeste_riided
6443,2024-06-24 00:00:00,73.18,1,Tallinn,pood,jalanõusid
6450,2024-06-24 00:00:00,103.16,2,null,online,laste_riided
6456,2024-06-24 00:00:00,134.94,1,Tartu,pood,aksessuaarid
6465,2024-06-24 00:00:00,35.68,1,null,online,laste_riided
6473,2024-06-24 00:00:00,560.04,2,Tartu,pood,naiste_riided
6482,2024-06-24 00:00:00,218.84,2,Tallinn,pood,aksessuaarid
6485,2024-06-24 00:00:00,560.31,3,null,online,aksessuaarid
6563,2024-06-24 00:00:00,268.17,3,Tartu,pood,meeste_riided
6606,2024-06-24 00:00:00,205.00,1,Tallinn,pood,meeste_riided
6626,2024-06-24 00:00:00,145.46,2,Pärnu,pood,naiste_riided
6666,2024-06-24 00:00:00,180.14,1,Tallinn,pood,naiste_riided
6203,2024-06-25 00:00:00,1649.95,5,null,online,jalanõusid
6241,2024-06-25 00:00:00,104.85,1,null,online,laste_riided
6252,2024-06-25 00:00:00,469.58,2,Tallinn,pood,meeste_riided
6289,2024-06-25 00:00:00,987.88,4,null,online,meeste_riided
6358,2024-06-25 00:00:00,66.21,1,Tallinn,pood,laste_riided
6372,2024-06-25 00:00:00,353.30,2,Tartu,pood,aksessuaarid
6390,2024-06-25 00:00:00,274.78,1,null,online,meeste_riided
6411,2024-06-25 00:00:00,-697.83,3,Tallinn,pood,jalanõusid
6546,2024-06-25 00:00:00,436.84,2,null,online,meeste_riided
6556,2024-06-25 00:00:00,192.22,2,null,online,jalanõusid
6559,2024-06-25 00:00:00,53.99,1,Tallinn,pood,laste_riided
6571,2024-06-25 00:00:00,55.04,1,null,online,laste_riided
6588,2024-06-25 00:00:00,538.35,5,Tallinn,pood,meeste_riided
6611,2024-06-25 00:00:00,282.10,2,Tallinn,pood,jalanõusid
6612,2024-06-25 00:00:00,228.81,1,Tallinn,pood,jalanõusid
6636,2024-06-25 00:00:00,843.57,3,null,online,meeste_riided
6637,2024-06-25 00:00:00,206.34,1,Tallinn,pood,jalanõusid
6676,2024-06-25 00:00:00,60.80,1,null,online,laste_riided
6678,2024-06-25 00:00:00,159.18,2,Tallinn,pood,meeste_riided
6253,2024-06-26 00:00:00,131.20,2,Tartu,pood,aksessuaarid
6301,2024-06-26 00:00:00,205.89,1,Tallinn,pood,aksessuaarid
6349,2024-06-26 00:00:00,74.70,1,Pärnu,pood,jalanõusid
6357,2024-06-26 00:00:00,796.25,5,Tallinn,pood,meeste_riided
6378,2024-06-26 00:00:00,377.82,2,null,online,aksessuaarid
6422,2024-06-26 00:00:00,301.71,3,null,online,laste_riided
6438,2024-06-26 00:00:00,194.57,1,Tallinn,pood,aksessuaarid
6439,2024-06-26 00:00:00,138.13,1,null,online,laste_riided
6442,2024-06-26 00:00:00,93.13,1,null,online,aksessuaarid
6447,2024-06-26 00:00:00,256.88,2,Tallinn,pood,laste_riided
6463,2024-06-26 00:00:00,160.71,1,null,online,meeste_riided
6470,2024-06-26 00:00:00,312.41,1,null,online,meeste_riided
6496,2024-06-26 00:00:00,546.64,2,Tallinn,pood,jalanõusid
6547,2024-06-26 00:00:00,34.04,1,Tartu,pood,laste_riided
6560,2024-06-26 00:00:00,1069.71,3,null,online,meeste_riided
6615,2024-06-26 00:00:00,273.32,1,Tallinn,pood,jalanõusid
6625,2024-06-26 00:00:00,752.66,2,Tartu,pood,jalanõusid
6630,2024-06-26 00:00:00,973.14,3,null,online,jalanõusid
6640,2024-06-26 00:00:00,305.72,1,null,online,jalanõusid
6651,2024-06-26 00:00:00,1015.29,3,Tallinn,pood,meeste_riided
6194,2024-06-27 00:00:00,55.04,1,Tallinn,pood,laste_riided
6198,2024-06-27 00:00:00,247.52,1,Tallinn,pood,naiste_riided
6221,2024-06-27 00:00:00,504.20,2,Tallinn,pood,jalanõusid
6232,2024-06-27 00:00:00,179.35,1,Tartu,pood,naiste_riided
6235,2024-06-27 00:00:00,307.83,1,null,online,naiste_riided
6308,2024-06-27 00:00:00,127.90,2,Pärnu,pood,jalanõusid
6394,2024-06-27 00:00:00,101.54,2,null,online,naiste_riided
6414,2024-06-27 00:00:00,638.84,2,Tallinn,pood,naiste_riided
6416,2024-06-27 00:00:00,812.97,3,Pärnu,pood,meeste_riided
6433,2024-06-27 00:00:00,160.71,1,Tallinn,pood,meeste_riided
6479,2024-06-27 00:00:00,136.30,1,null,online,laste_riided
6569,2024-06-27 00:00:00,1045.25,5,Tallinn,pood,naiste_riided
6578,2024-06-27 00:00:00,74.70,1,Tallinn,pood,jalanõusid
6583,2024-06-27 00:00:00,541.98,2,null,online,meeste_riided
6596,2024-06-27 00:00:00,141.62,1,Pärnu,pood,laste_riided
6603,2024-06-27 00:00:00,38.70,1,Tartu,pood,laste_riided
6604,2024-06-27 00:00:00,208.95,5,null,online,laste_riided
6622,2024-06-27 00:00:00,519.38,2,null,online,meeste_riided
6645,2024-06-27 00:00:00,69.39,1,Tallinn,pood,jalanõusid
6667,2024-06-27 00:00:00,100.57,1,Tallinn,pood,laste_riided
6227,2024-06-28 00:00:00,173.62,1,Tallinn,pood,aksessuaarid
6242,2024-06-28 00:00:00,127.38,1,null,online,meeste_riided
6274,2024-06-28 00:00:00,211.35,1,null,online,naiste_riided
6292,2024-06-28 00:00:00,110.08,2,Tartu,pood,laste_riided
6342,2024-06-28 00:00:00,252.84,2,null,online,meeste_riided
6388,2024-06-28 00:00:00,84.54,1,Tartu,pood,jalanõusid
6430,2024-06-28 00:00:00,58.96,2,Tallinn,pood,aksessuaarid
6451,2024-06-28 00:00:00,332.92,4,Tallinn,pood,naiste_riided
6514,2024-06-28 00:00:00,286.84,2,null,online,meeste_riided
6544,2024-06-28 00:00:00,331.59,3,Tallinn,pood,meeste_riided
6545,2024-06-28 00:00:00,868.16,2,null,online,jalanõusid
6557,2024-06-28 00:00:00,271.98,2,Tallinn,pood,naiste_riided
6564,2024-06-28 00:00:00,302.79,3,Pärnu,pood,meeste_riided
6610,2024-06-28 00:00:00,208.17,3,null,online,jalanõusid
6621,2024-06-28 00:00:00,314.55,3,Tallinn,pood,laste_riided
6627,2024-06-28 00:00:00,252.33,1,Tartu,pood,naiste_riided
6634,2024-06-28 00:00:00,73.18,1,Tallinn,pood,jalanõusid
6652,2024-06-28 00:00:00,737.94,2,null,online,jalanõusid
6653,2024-06-28 00:00:00,246.97,1,Tallinn,pood,meeste_riided
6658,2024-06-28 00:00:00,47.07,1,Tartu,pood,aksessuaarid
6665,2024-06-28 00:00:00,154.71,1,Tartu,pood,meeste_riided
6217,2024-06-29 00:00:00,160.71,1,null,online,meeste_riided
6311,2024-06-29 00:00:00,749.08,2,Tallinn,pood,meeste_riided
6312,2024-06-29 00:00:00,122.45,1,null,online,naiste_riided
6335,2024-06-29 00:00:00,105.29,1,null,online,laste_riided
6344,2024-06-29 00:00:00,190.81,1,Tallinn,pood,jalanõusid
6347,2024-06-29 00:00:00,95.87,1,Tallinn,pood,laste_riided
6370,2024-06-29 00:00:00,138.13,1,Pärnu,pood,laste_riided
6384,2024-06-29 00:00:00,81.48,1,Tallinn,pood,jalanõusid
6386,2024-06-29 00:00:00,164.43,3,Tallinn,pood,laste_riided
6402,2024-06-29 00:00:00,60.80,1,null,online,laste_riided
6445,2024-06-29 00:00:00,-624.82,2,Tallinn,pood,meeste_riided
6454,2024-06-29 00:00:00,107.98,2,null,online,laste_riided
6458,2024-06-29 00:00:00,560.26,2,Tartu,pood,jalanõusid
6462,2024-06-29 00:00:00,62.55,1,Tallinn,pood,jalanõusid
6478,2024-06-29 00:00:00,270.69,1,Pärnu,pood,jalanõusid
6488,2024-06-29 00:00:00,194.57,1,Pärnu,pood,aksessuaarid
6526,2024-06-29 00:00:00,246.97,1,null,online,meeste_riided
6527,2024-06-29 00:00:00,110.70,1,null,online,laste_riided
6548,2024-06-29 00:00:00,124.35,1,null,online,meeste_riided
6555,2024-06-29 00:00:00,320.13,3,null,online,aksessuaarid
6570,2024-06-29 00:00:00,279.43,1,Tartu,pood,meeste_riided
6593,2024-06-29 00:00:00,291.36,1,null,online,naiste_riided
6684,2024-06-29 00:00:00,632.08,2,Tartu,pood,meeste_riided
6196,2024-06-30 00:00:00,247.81,1,Tallinn,pood,meeste_riided
6197,2024-06-30 00:00:00,549.32,4,null,online,meeste_riided
6218,2024-06-30 00:00:00,552.40,2,null,online,naiste_riided
6219,2024-06-30 00:00:00,517.82,2,null,online,meeste_riided
6244,2024-06-30 00:00:00,52.04,1,Pärnu,pood,laste_riided
6264,2024-06-30 00:00:00,273.32,1,Tallinn,pood,jalanõusid
6270,2024-06-30 00:00:00,1145.05,5,Tallinn,pood,meeste_riided
6282,2024-06-30 00:00:00,184.07,1,Tartu,pood,meeste_riided
6284,2024-06-30 00:00:00,138.13,1,Tallinn,pood,laste_riided
6368,2024-06-30 00:00:00,168.82,2,Tartu,pood,jalanõusid
6377,2024-06-30 00:00:00,157.49,1,Tallinn,pood,jalanõusid
6397,2024-06-30 00:00:00,375.34,1,Tallinn,pood,jalanõusid
6487,2024-06-30 00:00:00,434.08,1,Tallinn,pood,jalanõusid
6513,2024-06-30 00:00:00,413.04,2,Tartu,pood,naiste_riided
6519,2024-06-30 00:00:00,824.61,3,Tallinn,pood,jalanõusid
6554,2024-06-30 00:00:00,365.54,2,Tallinn,pood,naiste_riided
6672,2024-06-30 00:00:00,501.69,3,Tallinn,pood,laste_riided
6728,2024-07-01 00:00:00,213.64,2,null,online,laste_riided
6748,2024-07-01 00:00:00,184.15,1,null,online,aksessuaarid
6775,2024-07-01 00:00:00,444.20,2,null,online,naiste_riided
6793,2024-07-01 00:00:00,310.90,2,null,online,aksessuaarid
6839,2024-07-01 00:00:00,132.30,1,Tallinn,pood,jalanõusid
6855,2024-07-01 00:00:00,106.38,2,null,online,laste_riided
6870,2024-07-01 00:00:00,109.62,1,null,online,naiste_riided
6903,2024-07-01 00:00:00,519.38,2,Tallinn,pood,meeste_riided
6973,2024-07-01 00:00:00,240.34,2,null,online,jalanõusid
7002,2024-07-01 00:00:00,1077.90,5,Tartu,pood,aksessuaarid
7004,2024-07-01 00:00:00,219.24,2,null,online,naiste_riided
7043,2024-07-01 00:00:00,141.62,1,Pärnu,pood,laste_riided
7046,2024-07-01 00:00:00,742.10,2,null,online,jalanõusid
7143,2024-07-01 00:00:00,70.35,3,Tartu,pood,aksessuaarid
7167,2024-07-01 00:00:00,583.38,3,Tartu,pood,naiste_riided
7179,2024-07-01 00:00:00,110.53,1,Tallinn,pood,meeste_riided
6764,2024-07-02 00:00:00,491.18,2,null,online,naiste_riided
6780,2024-07-02 00:00:00,756.99,3,Tallinn,pood,naiste_riided
6785,2024-07-02 00:00:00,303.78,3,null,online,laste_riided
6803,2024-07-02 00:00:00,342.66,2,Tallinn,pood,meeste_riided
6840,2024-07-02 00:00:00,351.33,1,Tallinn,pood,naiste_riided
6850,2024-07-02 00:00:00,96.11,1,null,online,jalanõusid
6856,2024-07-02 00:00:00,122.07,1,Pärnu,pood,aksessuaarid
6868,2024-07-02 00:00:00,253.23,3,null,online,jalanõusid
6974,2024-07-02 00:00:00,73.90,1,Tallinn,pood,laste_riided
6975,2024-07-02 00:00:00,144.20,1,Tallinn,pood,meeste_riided
6979,2024-07-02 00:00:00,114.80,1,Pärnu,pood,laste_riided
6991,2024-07-02 00:00:00,140.02,2,Tartu,pood,meeste_riided
7005,2024-07-02 00:00:00,86.80,1,Tallinn,pood,naiste_riided
7037,2024-07-02 00:00:00,101.70,2,Tallinn,pood,aksessuaarid
7045,2024-07-02 00:00:00,529.95,3,Tallinn,pood,aksessuaarid
7053,2024-07-02 00:00:00,294.32,2,Tartu,pood,aksessuaarid
7133,2024-07-02 00:00:00,50.85,1,Pärnu,pood,aksessuaarid
7165,2024-07-02 00:00:00,183.31,1,null,online,aksessuaarid
7173,2024-07-02 00:00:00,22.70,1,null,online,aksessuaarid
7175,2024-07-02 00:00:00,157.49,1,Pärnu,pood,jalanõusid
7182,2024-07-02 00:00:00,191.48,1,Tallinn,pood,aksessuaarid
6741,2024-07-03 00:00:00,121.51,1,null,online,jalanõusid
6763,2024-07-03 00:00:00,113.86,1,Tartu,pood,aksessuaarid
6783,2024-07-03 00:00:00,116.98,2,Tallinn,pood,jalanõusid
6792,2024-07-03 00:00:00,205.00,1,null,online,meeste_riided
6797,2024-07-03 00:00:00,267.87,3,Tallinn,pood,meeste_riided
6811,2024-07-03 00:00:00,73.90,1,Tallinn,pood,laste_riided
6834,2024-07-03 00:00:00,306.22,2,Tallinn,pood,aksessuaarid
6841,2024-07-03 00:00:00,287.61,3,Tallinn,pood,laste_riided
6881,2024-07-03 00:00:00,38.70,1,null,online,laste_riided
6893,2024-07-03 00:00:00,419.40,4,Pärnu,pood,laste_riided
6909,2024-07-03 00:00:00,114.94,1,Tartu,pood,meeste_riided
6922,2024-07-03 00:00:00,149.40,2,null,online,jalanõusid
6948,2024-07-03 00:00:00,302.79,3,Tallinn,pood,meeste_riided
6954,2024-07-03 00:00:00,253.26,1,Tartu,pood,meeste_riided
7017,2024-07-03 00:00:00,1562.05,5,null,online,meeste_riided
7033,2024-07-03 00:00:00,159.25,1,Tartu,pood,meeste_riided
7063,2024-07-03 00:00:00,166.27,1,Tartu,pood,naiste_riided
7068,2024-07-03 00:00:00,414.46,2,Pärnu,pood,jalanõusid
7115,2024-07-03 00:00:00,66.21,1,Tallinn,pood,laste_riided
6706,2024-07-04 00:00:00,274.87,1,null,online,jalanõusid
6715,2024-07-04 00:00:00,221.42,1,Tallinn,pood,jalanõusid
6743,2024-07-04 00:00:00,72.60,1,null,online,laste_riided
6758,2024-07-04 00:00:00,416.70,3,Tallinn,pood,meeste_riided
6801,2024-07-04 00:00:00,85.28,2,Tartu,pood,naiste_riided
6845,2024-07-04 00:00:00,-83.58,2,null,online,laste_riided
6849,2024-07-04 00:00:00,598.20,4,null,online,aksessuaarid
6920,2024-07-04 00:00:00,176.16,2,Tallinn,pood,laste_riided
6978,2024-07-04 00:00:00,274.78,1,null,online,meeste_riided
6983,2024-07-04 00:00:00,60.80,1,null,online,laste_riided
6988,2024-07-04 00:00:00,285.14,2,Tallinn,pood,meeste_riided
7003,2024-07-04 00:00:00,83.58,2,Tartu,pood,laste_riided
7011,2024-07-04 00:00:00,116.10,3,Tallinn,pood,laste_riided
7051,2024-07-04 00:00:00,140.64,1,null,online,laste_riided
7078,2024-07-04 00:00:00,750.68,2,Pärnu,pood,jalanõusid
7114,2024-07-04 00:00:00,183.31,1,null,online,aksessuaarid
7132,2024-07-04 00:00:00,257.32,2,Tartu,pood,jalanõusid
7134,2024-07-04 00:00:00,151.08,1,null,online,meeste_riided
6718,2024-07-05 00:00:00,184.15,1,null,online,aksessuaarid
6751,2024-07-05 00:00:00,124.35,1,Pärnu,pood,meeste_riided
6777,2024-07-05 00:00:00,98.68,1,Tallinn,pood,laste_riided
6875,2024-07-05 00:00:00,122.45,1,null,online,naiste_riided
6957,2024-07-05 00:00:00,156.13,1,Tallinn,pood,aksessuaarid
6961,2024-07-05 00:00:00,296.40,1,null,online,naiste_riided
7022,2024-07-05 00:00:00,755.40,5,null,online,meeste_riided
7058,2024-07-05 00:00:00,91.22,1,Tallinn,pood,meeste_riided
7091,2024-07-05 00:00:00,160.71,1,Tartu,pood,meeste_riided
7092,2024-07-05 00:00:00,1207.88,4,Tartu,pood,naiste_riided
7172,2024-07-05 00:00:00,921.81,3,Tallinn,pood,jalanõusid
6708,2024-07-06 00:00:00,269.88,2,null,online,aksessuaarid
6713,2024-07-06 00:00:00,604.32,4,null,online,meeste_riided
6778,2024-07-06 00:00:00,96.50,1,Tallinn,pood,meeste_riided
6854,2024-07-06 00:00:00,63.62,1,null,online,jalanõusid
6866,2024-07-06 00:00:00,122.45,1,Tartu,pood,naiste_riided
6927,2024-07-06 00:00:00,96.11,1,Tallinn,pood,jalanõusid
6943,2024-07-06 00:00:00,126.60,4,Tallinn,pood,laste_riided
7036,2024-07-06 00:00:00,356.57,1,Tallinn,pood,meeste_riided
7052,2024-07-06 00:00:00,175.25,1,null,online,meeste_riided
7075,2024-07-06 00:00:00,35.68,1,Tallinn,pood,laste_riided
7076,2024-07-06 00:00:00,632.08,2,Tallinn,pood,meeste_riided
7110,2024-07-06 00:00:00,106.02,2,Tartu,pood,meeste_riided
7113,2024-07-06 00:00:00,50.77,1,null,online,naiste_riided
7131,2024-07-06 00:00:00,91.22,1,Tallinn,pood,meeste_riided
7149,2024-07-06 00:00:00,431.16,2,null,online,aksessuaarid
7194,2024-07-06 00:00:00,169.90,2,Tallinn,pood,laste_riided
7202,2024-07-06 00:00:00,215.34,2,null,online,meeste_riided
6704,2024-07-07 00:00:00,282.29,1,Tallinn,pood,jalanõusid
6721,2024-07-07 00:00:00,-203.40,4,null,online,aksessuaarid
6749,2024-07-07 00:00:00,167.23,1,Tartu,pood,laste_riided
6767,2024-07-07 00:00:00,15.09,1,null,online,aksessuaarid
6821,2024-07-07 00:00:00,460.12,2,null,online,meeste_riided
6838,2024-07-07 00:00:00,81.48,1,null,online,jalanõusid
6896,2024-07-07 00:00:00,171.33,1,Tallinn,pood,meeste_riided
6898,2024-07-07 00:00:00,156.13,1,Pärnu,pood,aksessuaarid
6935,2024-07-07 00:00:00,351.15,3,Tallinn,pood,aksessuaarid
6996,2024-07-07 00:00:00,371.05,1,null,online,jalanõusid
7049,2024-07-07 00:00:00,282.10,2,Pärnu,pood,jalanõusid
7069,2024-07-07 00:00:00,219.83,1,null,online,aksessuaarid
7093,2024-07-07 00:00:00,338.43,1,Tallinn,pood,meeste_riided
7096,2024-07-07 00:00:00,83.23,1,Tallinn,pood,naiste_riided
7157,2024-07-07 00:00:00,742.10,2,Tallinn,pood,jalanõusid
7181,2024-07-07 00:00:00,158.51,1,Pärnu,pood,naiste_riided
7195,2024-07-07 00:00:00,274.50,1,Tallinn,pood,meeste_riided
6724,2024-07-08 00:00:00,209.70,2,Tallinn,pood,laste_riided
6744,2024-07-08 00:00:00,291.36,1,null,online,naiste_riided
6761,2024-07-08 00:00:00,1150.30,5,Tartu,pood,meeste_riided
6782,2024-07-08 00:00:00,211.35,1,null,online,naiste_riided
6843,2024-07-08 00:00:00,436.84,2,Tallinn,pood,meeste_riided
6847,2024-07-08 00:00:00,196.91,1,null,online,meeste_riided
6869,2024-07-08 00:00:00,79.86,3,null,online,laste_riided
6907,2024-07-08 00:00:00,140.02,2,null,online,meeste_riided
6914,2024-07-08 00:00:00,676.86,2,null,online,meeste_riided
6940,2024-07-08 00:00:00,320.42,2,null,online,meeste_riided
6946,2024-07-08 00:00:00,139.74,1,null,online,naiste_riided
6984,2024-07-08 00:00:00,169.95,1,Tallinn,pood,aksessuaarid
7021,2024-07-08 00:00:00,145.74,3,Pärnu,pood,laste_riided
7056,2024-07-08 00:00:00,208.15,5,null,online,naiste_riided
7121,2024-07-08 00:00:00,1040.10,3,Tallinn,pood,naiste_riided
7160,2024-07-08 00:00:00,42.64,1,null,online,naiste_riided
7162,2024-07-08 00:00:00,611.01,3,Tallinn,pood,meeste_riided
6707,2024-07-09 00:00:00,225.28,1,Pärnu,pood,aksessuaarid
6726,2024-07-09 00:00:00,207.23,1,null,online,jalanõusid
6736,2024-07-09 00:00:00,290.55,1,null,online,naiste_riided
6750,2024-07-09 00:00:00,201.86,2,null,online,meeste_riided
6760,2024-07-09 00:00:00,371.05,1,null,online,jalanõusid
6820,2024-07-09 00:00:00,145.20,2,Tallinn,pood,laste_riided
6837,2024-07-09 00:00:00,132.30,1,Pärnu,pood,jalanõusid
6899,2024-07-09 00:00:00,84.41,1,Pärnu,pood,jalanõusid
6941,2024-07-09 00:00:00,424.86,3,Tallinn,pood,laste_riided
6952,2024-07-09 00:00:00,247.64,2,Pärnu,pood,meeste_riided
6967,2024-07-09 00:00:00,22.70,1,null,online,laste_riided
7024,2024-07-09 00:00:00,72.14,1,Tartu,pood,laste_riided
7177,2024-07-09 00:00:00,396.90,3,Tartu,pood,jalanõusid
6753,2024-07-10 00:00:00,79.59,1,Tallinn,pood,meeste_riided
6759,2024-07-10 00:00:00,229.01,1,Tallinn,pood,meeste_riided
6768,2024-07-10 00:00:00,81.48,1,Tallinn,pood,jalanõusid
6814,2024-07-10 00:00:00,-453.24,3,Pärnu,pood,meeste_riided
6895,2024-07-10 00:00:00,548.74,2,Tallinn,pood,naiste_riided
6916,2024-07-10 00:00:00,1186.32,4,null,online,meeste_riided
6945,2024-07-10 00:00:00,438.38,2,Tallinn,pood,naiste_riided
6962,2024-07-10 00:00:00,131.20,2,null,online,aksessuaarid
7014,2024-07-10 00:00:00,134.94,1,Tartu,pood,aksessuaarid
7090,2024-07-10 00:00:00,324.38,1,Pärnu,pood,jalanõusid
7108,2024-07-10 00:00:00,198.63,3,null,online,laste_riided
7124,2024-07-10 00:00:00,243.96,2,Tallinn,pood,aksessuaarid
7156,2024-07-10 00:00:00,549.00,2,Tartu,pood,meeste_riided
7170,2024-07-10 00:00:00,184.15,1,Tallinn,pood,aksessuaarid
7190,2024-07-10 00:00:00,199.14,2,Tallinn,pood,laste_riided
6755,2024-07-11 00:00:00,271.98,2,null,online,naiste_riided
6762,2024-07-11 00:00:00,131.20,2,null,online,aksessuaarid
6769,2024-07-11 00:00:00,29.42,1,Tartu,pood,aksessuaarid
6773,2024-07-11 00:00:00,1750.95,5,null,online,jalanõusid
6799,2024-07-11 00:00:00,319.35,5,Tallinn,pood,laste_riided
6818,2024-07-11 00:00:00,304.14,1,null,online,naiste_riided
6860,2024-07-11 00:00:00,507.60,2,null,online,jalanõusid
6894,2024-07-11 00:00:00,582.72,2,null,online,naiste_riided
7010,2024-07-11 00:00:00,48.58,1,null,online,laste_riided
7120,2024-07-11 00:00:00,110.70,1,null,online,laste_riided
7126,2024-07-11 00:00:00,53.99,1,null,online,laste_riided
7146,2024-07-11 00:00:00,526.26,2,Tallinn,pood,naiste_riided
7180,2024-07-11 00:00:00,51.50,1,null,online,laste_riided
7198,2024-07-11 00:00:00,176.16,2,null,online,laste_riided
6701,2024-07-12 00:00:00,288.72,2,null,online,aksessuaarid
6722,2024-07-12 00:00:00,141.62,1,null,online,laste_riided
6819,2024-07-12 00:00:00,58.96,2,null,online,aksessuaarid
6862,2024-07-12 00:00:00,187.16,1,null,online,jalanõusid
6864,2024-07-12 00:00:00,659.49,3,Tallinn,pood,aksessuaarid
6879,2024-07-12 00:00:00,560.04,2,Pärnu,pood,naiste_riided
6884,2024-07-12 00:00:00,218.84,2,null,online,aksessuaarid
6904,2024-07-12 00:00:00,72.73,1,Tallinn,pood,naiste_riided
6958,2024-07-12 00:00:00,219.38,1,null,online,aksessuaarid
6993,2024-07-12 00:00:00,271.35,1,Tallinn,pood,jalanõusid
7025,2024-07-12 00:00:00,541.98,2,Tallinn,pood,meeste_riided
7035,2024-07-12 00:00:00,178.78,2,null,online,meeste_riided
7080,2024-07-12 00:00:00,46.90,2,Tartu,pood,aksessuaarid
7084,2024-07-12 00:00:00,196.91,1,null,online,meeste_riided
7098,2024-07-12 00:00:00,912.42,3,Pärnu,pood,naiste_riided
7191,2024-07-12 00:00:00,351.62,1,null,online,meeste_riided
7196,2024-07-12 00:00:00,548.74,2,Tartu,pood,naiste_riided
6694,2024-07-13 00:00:00,285.14,2,Pärnu,pood,meeste_riided
6725,2024-07-13 00:00:00,392.19,3,Tallinn,pood,laste_riided
6734,2024-07-13 00:00:00,16.62,1,null,online,aksessuaarid
6745,2024-07-13 00:00:00,84.54,1,Tallinn,pood,jalanõusid
6802,2024-07-13 00:00:00,121.51,1,Tallinn,pood,jalanõusid
6902,2024-07-13 00:00:00,316.04,1,Pärnu,pood,meeste_riided
6936,2024-07-13 00:00:00,35.68,1,Pärnu,pood,laste_riided
6981,2024-07-13 00:00:00,258.42,3,null,online,laste_riided
7007,2024-07-13 00:00:00,819.48,4,Tallinn,pood,aksessuaarid
7055,2024-07-13 00:00:00,339.21,1,Tartu,pood,jalanõusid
7097,2024-07-13 00:00:00,614.61,3,Tallinn,pood,aksessuaarid
7117,2024-07-13 00:00:00,105.09,1,Tallinn,pood,meeste_riided
7140,2024-07-13 00:00:00,84.95,1,Tallinn,pood,laste_riided
7147,2024-07-13 00:00:00,700.38,2,null,online,jalanõusid
7169,2024-07-13 00:00:00,453.24,3,Tallinn,pood,meeste_riided
6729,2024-07-14 00:00:00,234.91,1,Tartu,pood,jalanõusid
6770,2024-07-14 00:00:00,142.57,1,Tallinn,pood,meeste_riided
6786,2024-07-14 00:00:00,110.02,1,null,online,naiste_riided
6805,2024-07-14 00:00:00,455.44,4,Tartu,pood,aksessuaarid
6830,2024-07-14 00:00:00,94.76,2,null,online,laste_riided
6853,2024-07-14 00:00:00,157.49,1,Tallinn,pood,jalanõusid
6878,2024-07-14 00:00:00,211.35,1,Tallinn,pood,naiste_riided
6889,2024-07-14 00:00:00,548.74,2,null,online,naiste_riided
6959,2024-07-14 00:00:00,110.53,1,Tallinn,pood,meeste_riided
6977,2024-07-14 00:00:00,77.78,1,Pärnu,pood,laste_riided
6986,2024-07-14 00:00:00,109.42,1,Pärnu,pood,aksessuaarid
7044,2024-07-14 00:00:00,155.20,2,null,online,meeste_riided
7073,2024-07-14 00:00:00,344.82,3,Tallinn,pood,meeste_riided
7112,2024-07-14 00:00:00,132.30,1,null,online,jalanõusid
7125,2024-07-14 00:00:00,208.11,1,Tallinn,pood,meeste_riided
7141,2024-07-14 00:00:00,1075.23,3,null,online,jalanõusid
7148,2024-07-14 00:00:00,221.19,1,Tallinn,pood,jalanõusid
7176,2024-07-14 00:00:00,619.56,3,Tartu,pood,naiste_riided
7178,2024-07-14 00:00:00,407.34,2,Tartu,pood,meeste_riided
6716,2024-07-15 00:00:00,530.40,2,null,online,naiste_riided
6754,2024-07-15 00:00:00,542.70,2,Tartu,pood,jalanõusid
6787,2024-07-15 00:00:00,306.22,2,Tallinn,pood,aksessuaarid
6798,2024-07-15 00:00:00,659.98,2,Tallinn,pood,jalanõusid
6891,2024-07-15 00:00:00,693.40,2,Tartu,pood,naiste_riided
6911,2024-07-15 00:00:00,63.87,1,null,online,laste_riided
6929,2024-07-15 00:00:00,16.37,1,Tartu,pood,aksessuaarid
6999,2024-07-15 00:00:00,258.91,1,null,online,meeste_riided
7001,2024-07-15 00:00:00,507.60,2,Tallinn,pood,jalanõusid
7064,2024-07-15 00:00:00,104.08,2,Tallinn,pood,laste_riided
7072,2024-07-15 00:00:00,138.13,1,Tallinn,pood,laste_riided
7118,2024-07-15 00:00:00,273.06,1,Tallinn,pood,jalanõusid
7137,2024-07-15 00:00:00,142.14,3,Tallinn,pood,laste_riided
7155,2024-07-15 00:00:00,276.97,1,Tallinn,pood,jalanõusid
7185,2024-07-15 00:00:00,319.42,1,Tallinn,pood,naiste_riided
6739,2024-07-16 00:00:00,585.22,2,Tallinn,pood,jalanõusid
6742,2024-07-16 00:00:00,307.83,1,Pärnu,pood,naiste_riided
6746,2024-07-16 00:00:00,77.78,1,Tallinn,pood,laste_riided
6806,2024-07-16 00:00:00,143.42,1,Tartu,pood,meeste_riided
6892,2024-07-16 00:00:00,513.48,4,Tartu,pood,laste_riided
6900,2024-07-16 00:00:00,128.37,1,Pärnu,pood,laste_riided
6960,2024-07-16 00:00:00,506.52,2,Tartu,pood,meeste_riided
7020,2024-07-16 00:00:00,105.29,1,Tartu,pood,laste_riided
7081,2024-07-16 00:00:00,694.32,2,Pärnu,pood,meeste_riided
7116,2024-07-16 00:00:00,805.24,2,Tartu,pood,jalanõusid
7158,2024-07-16 00:00:00,144.28,2,Tallinn,pood,laste_riided
7159,2024-07-16 00:00:00,23.45,1,Tallinn,pood,aksessuaarid
6710,2024-07-17 00:00:00,1075.23,3,null,online,jalanõusid
6719,2024-07-17 00:00:00,183.31,1,Tallinn,pood,aksessuaarid
6730,2024-07-17 00:00:00,84.41,1,Tallinn,pood,jalanõusid
6823,2024-07-17 00:00:00,200.77,1,null,online,naiste_riided
6861,2024-07-17 00:00:00,140.02,2,null,online,meeste_riided
6873,2024-07-17 00:00:00,603.94,2,Tallinn,pood,naiste_riided
6918,2024-07-17 00:00:00,225.81,1,null,online,naiste_riided
6919,2024-07-17 00:00:00,77.78,1,Tartu,pood,laste_riided
6930,2024-07-17 00:00:00,-146.55,3,Pärnu,pood,meeste_riided
7027,2024-07-17 00:00:00,148.82,2,Pärnu,pood,jalanõusid
7030,2024-07-17 00:00:00,219.54,3,null,online,jalanõusid
7059,2024-07-17 00:00:00,402.62,1,Tallinn,pood,jalanõusid
6696,2024-07-18 00:00:00,693.40,2,null,online,naiste_riided
6776,2024-07-18 00:00:00,315.27,3,null,online,meeste_riided
6835,2024-07-18 00:00:00,441.48,3,null,online,aksessuaarid
6857,2024-07-18 00:00:00,91.22,1,Tallinn,pood,meeste_riided
6933,2024-07-18 00:00:00,251.96,2,Tallinn,pood,naiste_riided
6985,2024-07-18 00:00:00,138.90,1,Tallinn,pood,meeste_riided
7016,2024-07-18 00:00:00,63.87,1,Pärnu,pood,laste_riided
7034,2024-07-18 00:00:00,107.67,1,Tallinn,pood,meeste_riided
7057,2024-07-18 00:00:00,168.82,2,Tallinn,pood,jalanõusid
7103,2024-07-18 00:00:00,110.53,1,Pärnu,pood,meeste_riided
7127,2024-07-18 00:00:00,566.48,4,null,online,laste_riided
7138,2024-07-18 00:00:00,574.44,3,Pärnu,pood,aksessuaarid
7174,2024-07-18 00:00:00,81.85,1,Tartu,pood,meeste_riided
6703,2024-07-19 00:00:00,191.00,2,null,online,naiste_riided
6766,2024-07-19 00:00:00,1365.30,5,null,online,jalanõusid
6779,2024-07-19 00:00:00,325.72,2,null,online,naiste_riided
6794,2024-07-19 00:00:00,138.13,1,null,online,laste_riided
6809,2024-07-19 00:00:00,233.74,2,null,online,jalanõusid
6828,2024-07-19 00:00:00,53.58,2,null,online,aksessuaarid
6867,2024-07-19 00:00:00,279.43,1,Tallinn,pood,meeste_riided
6890,2024-07-19 00:00:00,319.42,1,null,online,naiste_riided
6942,2024-07-19 00:00:00,120.59,1,Tallinn,pood,meeste_riided
6963,2024-07-19 00:00:00,163.64,1,Tartu,pood,jalanõusid
6964,2024-07-19 00:00:00,125.12,2,Tallinn,pood,aksessuaarid
6987,2024-07-19 00:00:00,123.82,1,Tallinn,pood,meeste_riided
7006,2024-07-19 00:00:00,22.04,1,Tallinn,pood,aksessuaarid
7104,2024-07-19 00:00:00,219.83,1,Pärnu,pood,aksessuaarid
7109,2024-07-19 00:00:00,100.93,1,Tallinn,pood,meeste_riided
7111,2024-07-19 00:00:00,206.34,1,Tallinn,pood,jalanõusid
7130,2024-07-19 00:00:00,29.42,1,null,online,aksessuaarid
6700,2024-07-20 00:00:00,200.77,1,null,online,naiste_riided
6709,2024-07-20 00:00:00,434.08,1,Pärnu,pood,jalanõusid
6732,2024-07-20 00:00:00,438.38,2,null,online,naiste_riided
6795,2024-07-20 00:00:00,687.03,3,null,online,meeste_riided
6826,2024-07-20 00:00:00,26.62,1,null,online,laste_riided
6833,2024-07-20 00:00:00,1173.95,5,Tallinn,pood,meeste_riided
6851,2024-07-20 00:00:00,153.11,1,Tartu,pood,aksessuaarid
6863,2024-07-20 00:00:00,423.15,3,Pärnu,pood,jalanõusid
6926,2024-07-20 00:00:00,490.59,3,Pärnu,pood,meeste_riided
6994,2024-07-20 00:00:00,-812.07,3,Tallinn,pood,jalanõusid
6997,2024-07-20 00:00:00,404.82,3,Tallinn,pood,aksessuaarid
7065,2024-07-20 00:00:00,693.40,2,Tallinn,pood,naiste_riided
7067,2024-07-20 00:00:00,411.99,3,Tallinn,pood,meeste_riided
7094,2024-07-20 00:00:00,316.04,1,Tallinn,pood,meeste_riided
7099,2024-07-20 00:00:00,356.57,1,null,online,meeste_riided
7102,2024-07-20 00:00:00,338.04,3,Tartu,pood,laste_riided
7119,2024-07-20 00:00:00,608.28,2,Tallinn,pood,naiste_riided
7144,2024-07-20 00:00:00,585.22,2,null,online,jalanõusid
7152,2024-07-20 00:00:00,47.38,1,Tallinn,pood,laste_riided
7189,2024-07-20 00:00:00,95.87,1,Tallinn,pood,laste_riided
6702,2024-07-21 00:00:00,166.27,1,Tallinn,pood,naiste_riided
6738,2024-07-21 00:00:00,495.62,2,null,online,meeste_riided
6747,2024-07-21 00:00:00,128.66,1,Tallinn,pood,jalanõusid
6752,2024-07-21 00:00:00,276.97,1,Tallinn,pood,jalanõusid
6771,2024-07-21 00:00:00,256.74,2,Tallinn,pood,laste_riided
6772,2024-07-21 00:00:00,443.78,2,Tallinn,pood,naiste_riided
6815,2024-07-21 00:00:00,241.13,1,Tallinn,pood,jalanõusid
6858,2024-07-21 00:00:00,245.55,3,Pärnu,pood,meeste_riided
6859,2024-07-21 00:00:00,24.54,1,Pärnu,pood,laste_riided
6910,2024-07-21 00:00:00,316.04,1,Pärnu,pood,meeste_riided
6915,2024-07-21 00:00:00,574.44,3,Tallinn,pood,aksessuaarid
6921,2024-07-21 00:00:00,50.77,1,null,online,naiste_riided
6928,2024-07-21 00:00:00,320.46,3,Tallinn,pood,laste_riided
6944,2024-07-21 00:00:00,160.71,1,Pärnu,pood,meeste_riided
6992,2024-07-21 00:00:00,465.65,5,null,online,aksessuaarid
7009,2024-07-21 00:00:00,593.16,2,Pärnu,pood,meeste_riided
7039,2024-07-21 00:00:00,84.95,1,null,online,laste_riided
7079,2024-07-21 00:00:00,223.23,3,null,online,jalanõusid
7123,2024-07-21 00:00:00,65.86,2,null,online,naiste_riided
7129,2024-07-21 00:00:00,192.22,2,Tallinn,pood,jalanõusid
7139,2024-07-21 00:00:00,205.00,1,null,online,meeste_riided
7166,2024-07-21 00:00:00,409.74,2,Tartu,pood,aksessuaarid
7200,2024-07-21 00:00:00,1330.20,4,null,online,meeste_riided
6720,2024-07-22 00:00:00,475.53,3,null,online,naiste_riided
6756,2024-07-22 00:00:00,100.57,1,Tartu,pood,laste_riided
6791,2024-07-22 00:00:00,686.65,5,Tartu,pood,meeste_riided
6796,2024-07-22 00:00:00,438.38,2,Tallinn,pood,naiste_riided
6800,2024-07-22 00:00:00,642.84,4,Tartu,pood,meeste_riided
6825,2024-07-22 00:00:00,149.55,1,Tartu,pood,aksessuaarid
6901,2024-07-22 00:00:00,216.42,3,Tallinn,pood,laste_riided
6934,2024-07-22 00:00:00,133.10,5,Pärnu,pood,laste_riided
6937,2024-07-22 00:00:00,72.14,1,null,online,laste_riided
6955,2024-07-22 00:00:00,329.99,1,Tallinn,pood,jalanõusid
6956,2024-07-22 00:00:00,377.00,4,null,online,laste_riided
7032,2024-07-22 00:00:00,65.00,1,null,online,jalanõusid
7062,2024-07-22 00:00:00,68.08,2,null,online,laste_riided
7106,2024-07-22 00:00:00,93.13,1,null,online,aksessuaarid
7128,2024-07-22 00:00:00,350.50,2,null,online,meeste_riided
7164,2024-07-22 00:00:00,319.98,1,null,online,jalanõusid
7184,2024-07-22 00:00:00,312.41,1,Tartu,pood,meeste_riided
6698,2024-07-23 00:00:00,274.50,1,Tallinn,pood,meeste_riided
6784,2024-07-23 00:00:00,45.21,1,Tallinn,pood,aksessuaarid
6808,2024-07-23 00:00:00,234.91,1,null,online,jalanõusid
6827,2024-07-23 00:00:00,219.19,1,Tallinn,pood,naiste_riided
6836,2024-07-23 00:00:00,374.54,1,null,online,meeste_riided
6885,2024-07-23 00:00:00,273.32,1,Pärnu,pood,jalanõusid
6931,2024-07-23 00:00:00,101.26,1,null,online,laste_riided
6939,2024-07-23 00:00:00,86.46,1,Tallinn,pood,laste_riided
6951,2024-07-23 00:00:00,171.33,1,Pärnu,pood,meeste_riided
6972,2024-07-23 00:00:00,247.81,1,Tallinn,pood,meeste_riided
6990,2024-07-23 00:00:00,518.46,2,Tartu,pood,meeste_riided
7048,2024-07-23 00:00:00,53.24,2,Tartu,pood,laste_riided
7086,2024-07-23 00:00:00,128.37,1,Tallinn,pood,laste_riided
7145,2024-07-23 00:00:00,160.71,1,null,online,meeste_riided
7151,2024-07-23 00:00:00,120.17,1,Tallinn,pood,jalanõusid
7188,2024-07-23 00:00:00,137.33,1,Tallinn,pood,meeste_riided
6711,2024-07-24 00:00:00,307.83,1,Pärnu,pood,naiste_riided
6832,2024-07-24 00:00:00,396.58,2,Pärnu,pood,meeste_riided
6844,2024-07-24 00:00:00,282.75,3,null,online,laste_riided
6846,2024-07-24 00:00:00,208.72,1,Tallinn,pood,aksessuaarid
6872,2024-07-24 00:00:00,254.76,2,Pärnu,pood,meeste_riided
6925,2024-07-24 00:00:00,259.69,1,null,online,meeste_riided
6968,2024-07-24 00:00:00,93.70,1,null,online,meeste_riided
7061,2024-07-24 00:00:00,117.92,4,Pärnu,pood,aksessuaarid
7066,2024-07-24 00:00:00,130.00,2,Tallinn,pood,jalanõusid
7083,2024-07-24 00:00:00,184.07,1,Tallinn,pood,meeste_riided
7100,2024-07-24 00:00:00,564.58,2,null,online,jalanõusid
7101,2024-07-24 00:00:00,159.18,2,null,online,meeste_riided
7150,2024-07-24 00:00:00,72.58,1,null,online,laste_riided
7168,2024-07-24 00:00:00,495.62,2,null,online,meeste_riided
7171,2024-07-24 00:00:00,694.32,2,Tartu,pood,meeste_riided
7199,2024-07-24 00:00:00,132.30,1,Tallinn,pood,jalanõusid
6781,2024-07-25 00:00:00,337.64,2,Tartu,pood,laste_riided
6842,2024-07-25 00:00:00,253.80,1,Tallinn,pood,jalanõusid
6886,2024-07-25 00:00:00,155.45,1,Tallinn,pood,aksessuaarid
6923,2024-07-25 00:00:00,130.36,1,Tallinn,pood,naiste_riided
6924,2024-07-25 00:00:00,141.05,1,Tartu,pood,jalanõusid
6932,2024-07-25 00:00:00,339.80,4,Tallinn,pood,laste_riided
6965,2024-07-25 00:00:00,304.14,1,null,online,naiste_riided
6966,2024-07-25 00:00:00,76.70,1,Tallinn,pood,naiste_riided
6998,2024-07-25 00:00:00,97.70,2,null,online,meeste_riided
7012,2024-07-25 00:00:00,618.84,4,Pärnu,pood,meeste_riided
7029,2024-07-25 00:00:00,206.34,1,Tallinn,pood,jalanõusid
7038,2024-07-25 00:00:00,154.71,1,null,online,meeste_riided
7040,2024-07-25 00:00:00,72.14,1,Pärnu,pood,laste_riided
7060,2024-07-25 00:00:00,302.86,1,Pärnu,pood,jalanõusid
7088,2024-07-25 00:00:00,270.69,1,Tallinn,pood,jalanõusid
7136,2024-07-25 00:00:00,360.70,5,Tartu,pood,laste_riided
7201,2024-07-25 00:00:00,198.42,1,Tallinn,pood,jalanõusid
6693,2024-07-26 00:00:00,373.54,2,Pärnu,pood,aksessuaarid
6737,2024-07-26 00:00:00,407.34,2,Tallinn,pood,meeste_riided
6790,2024-07-26 00:00:00,106.82,1,Tartu,pood,laste_riided
6824,2024-07-26 00:00:00,542.70,2,null,online,jalanõusid
6848,2024-07-26 00:00:00,321.42,2,null,online,meeste_riided
6883,2024-07-26 00:00:00,560.26,2,Tallinn,pood,jalanõusid
6897,2024-07-26 00:00:00,144.28,2,null,online,laste_riided
6913,2024-07-26 00:00:00,99.57,1,null,online,laste_riided
6971,2024-07-26 00:00:00,53.19,1,null,online,laste_riided
7015,2024-07-26 00:00:00,186.77,1,null,online,aksessuaarid
7041,2024-07-26 00:00:00,1487.16,4,null,online,jalanõusid
7054,2024-07-26 00:00:00,368.30,2,Tallinn,pood,aksessuaarid
7186,2024-07-26 00:00:00,244.90,2,Pärnu,pood,naiste_riided
7192,2024-07-26 00:00:00,167.23,1,Tallinn,pood,laste_riided
7193,2024-07-26 00:00:00,44.08,2,null,online,aksessuaarid
6697,2024-07-27 00:00:00,184.07,1,null,online,meeste_riided
6765,2024-07-27 00:00:00,127.24,2,Tallinn,pood,jalanõusid
6807,2024-07-27 00:00:00,750.68,2,Tallinn,pood,jalanõusid
6829,2024-07-27 00:00:00,316.04,1,Tallinn,pood,meeste_riided
6880,2024-07-27 00:00:00,99.57,1,Tartu,pood,laste_riided
6906,2024-07-27 00:00:00,116.20,1,null,online,meeste_riided
6917,2024-07-27 00:00:00,238.77,3,Tartu,pood,meeste_riided
6938,2024-07-27 00:00:00,201.86,1,null,online,meeste_riided
6947,2024-07-27 00:00:00,959.94,3,Tartu,pood,jalanõusid
6953,2024-07-27 00:00:00,31.65,1,Tartu,pood,laste_riided
6970,2024-07-27 00:00:00,351.62,1,Tallinn,pood,meeste_riided
6989,2024-07-27 00:00:00,486.04,4,Tallinn,pood,jalanõusid
7008,2024-07-27 00:00:00,717.40,4,Tallinn,pood,naiste_riided
7013,2024-07-27 00:00:00,202.57,1,Tallinn,pood,naiste_riided
7028,2024-07-27 00:00:00,514.78,2,null,online,naiste_riided
7089,2024-07-27 00:00:00,200.80,2,null,online,laste_riided
7107,2024-07-27 00:00:00,42.64,1,Tartu,pood,naiste_riided
7153,2024-07-27 00:00:00,130.02,1,Tallinn,pood,laste_riided
6692,2024-07-28 00:00:00,295.84,2,null,online,laste_riided
6705,2024-07-28 00:00:00,48.85,1,null,online,meeste_riided
6714,2024-07-28 00:00:00,300.22,2,null,online,naiste_riided
6723,2024-07-28 00:00:00,270.99,1,null,online,meeste_riided
6731,2024-07-28 00:00:00,210.18,2,null,online,meeste_riided
6735,2024-07-28 00:00:00,742.10,2,Tallinn,pood,jalanõusid
6757,2024-07-28 00:00:00,219.38,1,Tallinn,pood,aksessuaarid
6810,2024-07-28 00:00:00,1075.23,3,Tallinn,pood,jalanõusid
6817,2024-07-28 00:00:00,166.27,1,null,online,naiste_riided
6882,2024-07-28 00:00:00,274.37,1,Tallinn,pood,naiste_riided
6887,2024-07-28 00:00:00,128.37,1,null,online,laste_riided
6908,2024-07-28 00:00:00,79.59,1,Tallinn,pood,meeste_riided
6950,2024-07-28 00:00:00,221.19,1,null,online,jalanõusid
6995,2024-07-28 00:00:00,676.86,2,null,online,meeste_riided
7018,2024-07-28 00:00:00,106.38,2,null,online,laste_riided
7019,2024-07-28 00:00:00,634.05,3,Tartu,pood,naiste_riided
7042,2024-07-28 00:00:00,205.00,1,null,online,meeste_riided
7071,2024-07-28 00:00:00,484.86,2,Tallinn,pood,meeste_riided
7077,2024-07-28 00:00:00,71.36,2,null,online,laste_riided
7095,2024-07-28 00:00:00,187.68,3,null,online,aksessuaarid
7135,2024-07-28 00:00:00,305.72,1,Tartu,pood,jalanõusid
7142,2024-07-28 00:00:00,495.62,2,Tartu,pood,meeste_riided
7163,2024-07-28 00:00:00,182.44,2,Tartu,pood,meeste_riided
6699,2024-07-29 00:00:00,222.52,2,null,online,naiste_riided
6712,2024-07-29 00:00:00,91.22,1,null,online,meeste_riided
6717,2024-07-29 00:00:00,460.12,2,Tartu,pood,meeste_riided
6727,2024-07-29 00:00:00,298.71,3,Tallinn,pood,laste_riided
6733,2024-07-29 00:00:00,299.24,4,null,online,aksessuaarid
6804,2024-07-29 00:00:00,15.09,1,Pärnu,pood,aksessuaarid
6816,2024-07-29 00:00:00,549.74,2,Tallinn,pood,jalanõusid
6888,2024-07-29 00:00:00,198.63,3,null,online,laste_riided
6976,2024-07-29 00:00:00,168.82,2,null,online,jalanõusid
7031,2024-07-29 00:00:00,210.46,2,Tartu,pood,laste_riided
7047,2024-07-29 00:00:00,93.70,1,Tallinn,pood,meeste_riided
7074,2024-07-29 00:00:00,219.19,1,Tallinn,pood,naiste_riided
7082,2024-07-29 00:00:00,94.25,1,Pärnu,pood,laste_riided
7087,2024-07-29 00:00:00,169.90,2,Tallinn,pood,laste_riided
7183,2024-07-29 00:00:00,94.25,1,null,online,laste_riided
7187,2024-07-29 00:00:00,82.15,1,Tartu,pood,meeste_riided
6740,2024-07-30 00:00:00,737.34,2,null,online,jalanõusid
6789,2024-07-30 00:00:00,163.64,1,Tartu,pood,jalanõusid
6822,2024-07-30 00:00:00,153.11,1,Pärnu,pood,aksessuaarid
6831,2024-07-30 00:00:00,374.54,1,null,online,meeste_riided
6865,2024-07-30 00:00:00,147.80,2,Tartu,pood,laste_riided
6876,2024-07-30 00:00:00,472.47,3,Tallinn,pood,jalanõusid
6877,2024-07-30 00:00:00,241.18,2,null,online,meeste_riided
6905,2024-07-30 00:00:00,105.09,1,Tartu,pood,meeste_riided
6912,2024-07-30 00:00:00,491.18,2,Tallinn,pood,naiste_riided
6949,2024-07-30 00:00:00,748.64,4,Tartu,pood,jalanõusid
6969,2024-07-30 00:00:00,305.72,1,Tallinn,pood,jalanõusid
6980,2024-07-30 00:00:00,180.14,1,Tartu,pood,naiste_riided
6982,2024-07-30 00:00:00,382.14,3,Tallinn,pood,meeste_riided
7023,2024-07-30 00:00:00,846.87,3,Tallinn,pood,jalanõusid
7085,2024-07-30 00:00:00,136.30,1,null,online,laste_riided
7105,2024-07-30 00:00:00,926.52,3,Tartu,pood,naiste_riided
7154,2024-07-30 00:00:00,149.55,1,null,online,aksessuaarid
7161,2024-07-30 00:00:00,89.39,1,null,online,meeste_riided
7197,2024-07-30 00:00:00,241.13,1,null,online,jalanõusid
6695,2024-07-31 00:00:00,221.40,2,Tartu,pood,laste_riided
6774,2024-07-31 00:00:00,237.71,1,Tallinn,pood,naiste_riided
6788,2024-07-31 00:00:00,100.57,1,Tallinn,pood,laste_riided
6812,2024-07-31 00:00:00,453.24,3,Tallinn,pood,meeste_riided
6813,2024-07-31 00:00:00,191.48,1,null,online,aksessuaarid
6852,2024-07-31 00:00:00,549.56,2,null,online,meeste_riided
6874,2024-07-31 00:00:00,148.82,2,Tallinn,pood,jalanõusid
7000,2024-07-31 00:00:00,260.04,2,null,online,laste_riided
7026,2024-07-31 00:00:00,219.38,1,Tallinn,pood,aksessuaarid
7050,2024-07-31 00:00:00,1129.05,5,null,online,naiste_riided
7070,2024-07-31 00:00:00,127.24,2,Tallinn,pood,jalanõusid
7122,2024-07-31 00:00:00,166.27,1,Tallinn,pood,naiste_riided
7209,2024-08-01 00:00:00,276.20,1,Tallinn,pood,naiste_riided
7226,2024-08-01 00:00:00,917.16,3,Tartu,pood,jalanõusid
7275,2024-08-01 00:00:00,328.26,3,Tartu,pood,aksessuaarid
7278,2024-08-01 00:00:00,574.70,5,null,online,meeste_riided
7300,2024-08-01 00:00:00,140.64,1,null,online,laste_riided
7407,2024-08-01 00:00:00,487.92,4,null,online,aksessuaarid
7416,2024-08-01 00:00:00,157.49,1,Tartu,pood,jalanõusid
7430,2024-08-01 00:00:00,151.08,1,Tallinn,pood,meeste_riided
7477,2024-08-01 00:00:00,140.64,1,Tartu,pood,laste_riided
7525,2024-08-01 00:00:00,421.92,3,Tartu,pood,laste_riided
7569,2024-08-01 00:00:00,171.33,1,Tartu,pood,meeste_riided
7615,2024-08-01 00:00:00,856.65,5,null,online,meeste_riided
7647,2024-08-01 00:00:00,834.88,4,Tallinn,pood,aksessuaarid
7672,2024-08-01 00:00:00,805.24,2,Tartu,pood,jalanõusid
7681,2024-08-01 00:00:00,420.72,2,Tallinn,pood,jalanõusid
7366,2024-08-02 00:00:00,130.73,1,Pärnu,pood,laste_riided
7423,2024-08-02 00:00:00,433.08,3,Tallinn,pood,aksessuaarid
7425,2024-08-02 00:00:00,432.60,3,null,online,meeste_riided
7502,2024-08-02 00:00:00,214.52,2,Tallinn,pood,aksessuaarid
7597,2024-08-02 00:00:00,228.81,1,null,online,jalanõusid
7600,2024-08-02 00:00:00,353.30,2,Tallinn,pood,aksessuaarid
7622,2024-08-02 00:00:00,231.13,1,null,online,aksessuaarid
7664,2024-08-02 00:00:00,422.70,2,Tartu,pood,naiste_riided
7684,2024-08-02 00:00:00,307.83,1,null,online,naiste_riided
7701,2024-08-02 00:00:00,-106.38,2,Tallinn,pood,laste_riided
7210,2024-08-03 00:00:00,-939.64,4,null,online,jalanõusid
7220,2024-08-03 00:00:00,731.79,3,Tallinn,pood,meeste_riided
7241,2024-08-03 00:00:00,475.42,2,Tallinn,pood,naiste_riided
7263,2024-08-03 00:00:00,290.55,1,null,online,naiste_riided
7292,2024-08-03 00:00:00,62.56,1,Tallinn,pood,aksessuaarid
7365,2024-08-03 00:00:00,233.74,2,Tallinn,pood,jalanõusid
7373,2024-08-03 00:00:00,224.19,1,Tallinn,pood,naiste_riided
7461,2024-08-03 00:00:00,130.36,1,null,online,naiste_riided
7474,2024-08-03 00:00:00,171.33,1,Tallinn,pood,meeste_riided
7507,2024-08-03 00:00:00,209.70,2,null,online,laste_riided
7563,2024-08-03 00:00:00,247.81,1,Tallinn,pood,meeste_riided
7619,2024-08-03 00:00:00,65.60,1,Tallinn,pood,aksessuaarid
7623,2024-08-03 00:00:00,23.45,1,null,online,aksessuaarid
7700,2024-08-03 00:00:00,184.07,1,Tallinn,pood,meeste_riided
7707,2024-08-03 00:00:00,332.54,2,Tallinn,pood,naiste_riided
7708,2024-08-03 00:00:00,437.08,2,Tartu,pood,jalanõusid
7264,2024-08-04 00:00:00,417.44,2,null,online,aksessuaarid
7356,2024-08-04 00:00:00,125.98,1,Tallinn,pood,naiste_riided
7391,2024-08-04 00:00:00,53.58,2,Tartu,pood,aksessuaarid
7484,2024-08-04 00:00:00,225.28,1,Tallinn,pood,aksessuaarid
7498,2024-08-04 00:00:00,217.74,3,null,online,laste_riided
7508,2024-08-04 00:00:00,130.36,1,null,online,naiste_riided
7509,2024-08-04 00:00:00,260.00,4,null,online,jalanõusid
7531,2024-08-04 00:00:00,-125.36,1,Tartu,pood,laste_riided
7532,2024-08-04 00:00:00,450.33,3,Tallinn,pood,naiste_riided
7559,2024-08-04 00:00:00,484.86,2,Tallinn,pood,meeste_riided
7568,2024-08-04 00:00:00,155.84,1,Tallinn,pood,aksessuaarid
7587,2024-08-04 00:00:00,196.91,1,Tallinn,pood,meeste_riided
7631,2024-08-04 00:00:00,366.21,3,null,online,aksessuaarid
7635,2024-08-04 00:00:00,412.68,2,null,online,jalanõusid
7652,2024-08-04 00:00:00,283.95,3,Tartu,pood,laste_riided
7669,2024-08-04 00:00:00,1756.65,5,null,online,naiste_riided
7252,2024-08-05 00:00:00,338.43,1,Tallinn,pood,meeste_riided
7272,2024-08-05 00:00:00,254.76,2,Pärnu,pood,meeste_riided
7357,2024-08-05 00:00:00,332.55,1,Tartu,pood,meeste_riided
7473,2024-08-05 00:00:00,234.79,1,Tallinn,pood,meeste_riided
7580,2024-08-05 00:00:00,430.70,5,Tallinn,pood,laste_riided
7605,2024-08-05 00:00:00,22.70,1,Tallinn,pood,laste_riided
7636,2024-08-05 00:00:00,444.20,2,Pärnu,pood,naiste_riided
7651,2024-08-05 00:00:00,167.23,1,Tallinn,pood,laste_riided
7661,2024-08-05 00:00:00,53.99,1,null,online,laste_riided
7666,2024-08-05 00:00:00,152.85,1,null,online,laste_riided
7702,2024-08-05 00:00:00,88.44,3,Tartu,pood,aksessuaarid
7227,2024-08-06 00:00:00,116.87,1,Tallinn,pood,jalanõusid
7282,2024-08-06 00:00:00,219.24,2,Tallinn,pood,naiste_riided
7350,2024-08-06 00:00:00,126.42,1,Tallinn,pood,meeste_riided
7351,2024-08-06 00:00:00,1060.80,4,null,online,naiste_riided
7375,2024-08-06 00:00:00,110.53,1,Tallinn,pood,meeste_riided
7378,2024-08-06 00:00:00,915.24,4,null,online,jalanõusid
7397,2024-08-06 00:00:00,694.32,2,Tallinn,pood,meeste_riided
7406,2024-08-06 00:00:00,469.98,2,Pärnu,pood,naiste_riided
7424,2024-08-06 00:00:00,541.98,2,null,online,meeste_riided
7465,2024-08-06 00:00:00,114.16,2,Tallinn,pood,aksessuaarid
7471,2024-08-06 00:00:00,1123.62,3,Pärnu,pood,meeste_riided
7526,2024-08-06 00:00:00,169.95,1,Tartu,pood,aksessuaarid
7527,2024-08-06 00:00:00,45.40,2,Tallinn,pood,aksessuaarid
7543,2024-08-06 00:00:00,1739.20,5,Tallinn,pood,meeste_riided
7570,2024-08-06 00:00:00,187.40,2,null,online,meeste_riided
7585,2024-08-06 00:00:00,438.76,2,Pärnu,pood,aksessuaarid
7632,2024-08-06 00:00:00,100.93,1,Tartu,pood,meeste_riided
7644,2024-08-06 00:00:00,232.61,1,Tallinn,pood,jalanõusid
7655,2024-08-06 00:00:00,55.04,1,Tallinn,pood,laste_riided
7297,2024-08-07 00:00:00,583.44,2,Tallinn,pood,jalanõusid
7345,2024-08-07 00:00:00,291.72,1,null,online,jalanõusid
7377,2024-08-07 00:00:00,442.38,2,Tallinn,pood,jalanõusid
7409,2024-08-07 00:00:00,81.48,1,Tallinn,pood,jalanõusid
7438,2024-08-07 00:00:00,338.43,1,null,online,meeste_riided
7463,2024-08-07 00:00:00,110.53,1,Tallinn,pood,meeste_riided
7541,2024-08-07 00:00:00,114.16,2,null,online,aksessuaarid
7711,2024-08-07 00:00:00,388.92,2,Pärnu,pood,naiste_riided
7249,2024-08-08 00:00:00,229.55,1,Pärnu,pood,naiste_riided
7309,2024-08-08 00:00:00,145.16,2,Pärnu,pood,laste_riided
7311,2024-08-08 00:00:00,156.13,1,null,online,aksessuaarid
7335,2024-08-08 00:00:00,213.42,2,Pärnu,pood,aksessuaarid
7431,2024-08-08 00:00:00,225.81,1,Tallinn,pood,naiste_riided
7466,2024-08-08 00:00:00,106.71,1,Tallinn,pood,aksessuaarid
7467,2024-08-08 00:00:00,116.10,3,null,online,laste_riided
7468,2024-08-08 00:00:00,396.84,2,null,online,jalanõusid
7478,2024-08-08 00:00:00,91.22,1,Tallinn,pood,meeste_riided
7529,2024-08-08 00:00:00,273.06,1,Tallinn,pood,jalanõusid
7539,2024-08-08 00:00:00,110.08,2,null,online,laste_riided
7618,2024-08-08 00:00:00,581.10,2,Tallinn,pood,naiste_riided
7646,2024-08-08 00:00:00,131.20,2,Tallinn,pood,aksessuaarid
7649,2024-08-08 00:00:00,982.36,4,Tallinn,pood,naiste_riided
7683,2024-08-08 00:00:00,615.00,3,Tartu,pood,meeste_riided
7233,2024-08-09 00:00:00,-347.16,1,Tartu,pood,meeste_riided
7259,2024-08-09 00:00:00,135.50,2,null,online,jalanõusid
7283,2024-08-09 00:00:00,319.98,1,null,online,jalanõusid
7288,2024-08-09 00:00:00,22.04,1,Tallinn,pood,aksessuaarid
7329,2024-08-09 00:00:00,136.30,1,null,online,laste_riided
7389,2024-08-09 00:00:00,52.04,1,Tartu,pood,laste_riided
7399,2024-08-09 00:00:00,287.61,3,null,online,laste_riided
7405,2024-08-09 00:00:00,403.72,2,null,online,meeste_riided
7444,2024-08-09 00:00:00,441.48,3,Tartu,pood,aksessuaarid
7451,2024-08-09 00:00:00,221.06,2,null,online,meeste_riided
7479,2024-08-09 00:00:00,191.48,1,null,online,aksessuaarid
7497,2024-08-09 00:00:00,687.03,3,Tallinn,pood,meeste_riided
7499,2024-08-09 00:00:00,193.00,2,null,online,meeste_riided
7533,2024-08-09 00:00:00,274.66,2,Tartu,pood,meeste_riided
7571,2024-08-09 00:00:00,218.99,1,Tallinn,pood,naiste_riided
7604,2024-08-09 00:00:00,270.69,1,null,online,jalanõusid
7237,2024-08-10 00:00:00,109.62,1,null,online,naiste_riided
7305,2024-08-10 00:00:00,642.84,4,null,online,meeste_riided
7306,2024-08-10 00:00:00,229.60,2,null,online,laste_riided
7321,2024-08-10 00:00:00,225.36,2,Tallinn,pood,laste_riided
7340,2024-08-10 00:00:00,603.94,2,Tallinn,pood,naiste_riided
7426,2024-08-10 00:00:00,225.81,1,Tartu,pood,naiste_riided
7445,2024-08-10 00:00:00,28.56,1,null,online,aksessuaarid
7476,2024-08-10 00:00:00,166.46,2,null,online,naiste_riided
7481,2024-08-10 00:00:00,280.13,1,null,online,jalanõusid
7506,2024-08-10 00:00:00,282.29,1,Pärnu,pood,jalanõusid
7544,2024-08-10 00:00:00,504.66,2,Tartu,pood,naiste_riided
7606,2024-08-10 00:00:00,146.55,3,null,online,meeste_riided
7624,2024-08-10 00:00:00,295.16,2,null,online,jalanõusid
7640,2024-08-10 00:00:00,371.05,1,null,online,jalanõusid
7653,2024-08-10 00:00:00,164.30,2,Tartu,pood,meeste_riided
7657,2024-08-10 00:00:00,225.81,1,Tallinn,pood,naiste_riided
7670,2024-08-10 00:00:00,1330.20,4,Tallinn,pood,meeste_riided
7704,2024-08-10 00:00:00,98.79,3,Tartu,pood,naiste_riided
7211,2024-08-11 00:00:00,190.81,1,Tallinn,pood,jalanõusid
7219,2024-08-11 00:00:00,218.42,1,null,online,meeste_riided
7229,2024-08-11 00:00:00,203.25,3,null,online,jalanõusid
7243,2024-08-11 00:00:00,-171.33,1,null,online,meeste_riided
7267,2024-08-11 00:00:00,358.41,1,null,online,jalanõusid
7331,2024-08-11 00:00:00,68.08,2,Tallinn,pood,laste_riided
7341,2024-08-11 00:00:00,191.74,2,null,online,laste_riided
7346,2024-08-11 00:00:00,110.53,1,Tallinn,pood,meeste_riided
7355,2024-08-11 00:00:00,72.14,1,null,online,laste_riided
7442,2024-08-11 00:00:00,451.62,2,Tartu,pood,naiste_riided
7457,2024-08-11 00:00:00,147.58,1,Pärnu,pood,jalanõusid
7503,2024-08-11 00:00:00,431.16,2,Pärnu,pood,aksessuaarid
7591,2024-08-11 00:00:00,128.37,1,Tallinn,pood,laste_riided
7599,2024-08-11 00:00:00,153.30,3,Pärnu,pood,aksessuaarid
7612,2024-08-11 00:00:00,243.93,1,Tallinn,pood,meeste_riided
7678,2024-08-11 00:00:00,53.01,1,Pärnu,pood,meeste_riided
7697,2024-08-11 00:00:00,421.92,3,null,online,laste_riided
7706,2024-08-11 00:00:00,291.72,1,Tallinn,pood,jalanõusid
7212,2024-08-12 00:00:00,328.26,3,Pärnu,pood,aksessuaarid
7216,2024-08-12 00:00:00,105.29,1,Tartu,pood,laste_riided
7236,2024-08-12 00:00:00,270.69,1,Tallinn,pood,jalanõusid
7238,2024-08-12 00:00:00,32.93,1,null,online,naiste_riided
7261,2024-08-12 00:00:00,291.44,2,Tartu,pood,aksessuaarid
7316,2024-08-12 00:00:00,1079.40,4,Tallinn,pood,meeste_riided
7371,2024-08-12 00:00:00,159.25,1,null,online,meeste_riided
7433,2024-08-12 00:00:00,281.19,1,Tallinn,pood,meeste_riided
7441,2024-08-12 00:00:00,259.23,1,null,online,meeste_riided
7443,2024-08-12 00:00:00,199.80,1,Tartu,pood,aksessuaarid
7489,2024-08-12 00:00:00,246.97,1,Tallinn,pood,meeste_riided
7494,2024-08-12 00:00:00,66.88,1,Tallinn,pood,aksessuaarid
7537,2024-08-12 00:00:00,53.01,1,Pärnu,pood,meeste_riided
7551,2024-08-12 00:00:00,140.02,2,null,online,meeste_riided
7611,2024-08-12 00:00:00,332.40,4,Tallinn,pood,meeste_riided
7629,2024-08-12 00:00:00,407.34,2,Tallinn,pood,meeste_riided
7645,2024-08-12 00:00:00,166.27,1,Tallinn,pood,naiste_riided
7247,2024-08-13 00:00:00,154.71,1,null,online,meeste_riided
7250,2024-08-13 00:00:00,137.33,1,Pärnu,pood,meeste_riided
7251,2024-08-13 00:00:00,654.14,2,Pärnu,pood,meeste_riided
7266,2024-08-13 00:00:00,332.92,4,Tallinn,pood,naiste_riided
7295,2024-08-13 00:00:00,341.58,3,null,online,aksessuaarid
7367,2024-08-13 00:00:00,110.53,1,null,online,meeste_riided
7387,2024-08-13 00:00:00,281.19,1,Tallinn,pood,meeste_riided
7440,2024-08-13 00:00:00,53.19,1,null,online,laste_riided
7460,2024-08-13 00:00:00,274.66,2,Tallinn,pood,meeste_riided
7485,2024-08-13 00:00:00,376.33,1,Tallinn,pood,jalanõusid
7495,2024-08-13 00:00:00,659.98,2,Tallinn,pood,jalanõusid
7500,2024-08-13 00:00:00,125.98,1,null,online,naiste_riided
7512,2024-08-13 00:00:00,1016.95,5,Tallinn,pood,aksessuaarid
7514,2024-08-13 00:00:00,301.97,1,Tallinn,pood,naiste_riided
7520,2024-08-13 00:00:00,281.19,1,null,online,meeste_riided
7558,2024-08-13 00:00:00,83.10,1,Tartu,pood,meeste_riided
7582,2024-08-13 00:00:00,843.57,3,null,online,meeste_riided
7601,2024-08-13 00:00:00,76.70,1,null,online,naiste_riided
7614,2024-08-13 00:00:00,541.38,2,Tallinn,pood,jalanõusid
7617,2024-08-13 00:00:00,363.65,5,Pärnu,pood,naiste_riided
7662,2024-08-13 00:00:00,190.86,3,Pärnu,pood,jalanõusid
7690,2024-08-13 00:00:00,1015.29,3,null,online,meeste_riided
7693,2024-08-13 00:00:00,823.56,4,Tallinn,pood,aksessuaarid
7709,2024-08-13 00:00:00,438.38,2,Tartu,pood,naiste_riided
7217,2024-08-14 00:00:00,436.84,2,Tartu,pood,meeste_riided
7230,2024-08-14 00:00:00,67.75,1,null,online,jalanõusid
7362,2024-08-14 00:00:00,376.56,3,Tallinn,pood,meeste_riided
7369,2024-08-14 00:00:00,89.39,1,Tallinn,pood,meeste_riided
7374,2024-08-14 00:00:00,132.30,1,Tartu,pood,jalanõusid
7384,2024-08-14 00:00:00,144.36,1,Tartu,pood,aksessuaarid
7385,2024-08-14 00:00:00,585.22,2,Tallinn,pood,jalanõusid
7393,2024-08-14 00:00:00,-127.74,2,Tallinn,pood,laste_riided
7410,2024-08-14 00:00:00,84.41,1,null,online,jalanõusid
7411,2024-08-14 00:00:00,497.40,4,null,online,meeste_riided
7446,2024-08-14 00:00:00,436.84,2,Tallinn,pood,meeste_riided
7458,2024-08-14 00:00:00,160.71,1,Tallinn,pood,meeste_riided
7501,2024-08-14 00:00:00,273.06,1,Tartu,pood,jalanõusid
7516,2024-08-14 00:00:00,210.46,2,Pärnu,pood,laste_riided
7536,2024-08-14 00:00:00,135.99,1,null,online,naiste_riided
7555,2024-08-14 00:00:00,624.52,4,Tallinn,pood,aksessuaarid
7566,2024-08-14 00:00:00,152.13,1,null,online,meeste_riided
7567,2024-08-14 00:00:00,147.58,1,Tallinn,pood,jalanõusid
7575,2024-08-14 00:00:00,1482.90,5,null,online,meeste_riided
7206,2024-08-15 00:00:00,134.58,1,Pärnu,pood,meeste_riided
7214,2024-08-15 00:00:00,631.08,3,Pärnu,pood,jalanõusid
7228,2024-08-15 00:00:00,52.04,1,null,online,laste_riided
7296,2024-08-15 00:00:00,84.54,1,Pärnu,pood,jalanõusid
7313,2024-08-15 00:00:00,122.45,1,Tallinn,pood,naiste_riided
7320,2024-08-15 00:00:00,126.42,1,Tartu,pood,meeste_riided
7422,2024-08-15 00:00:00,84.41,1,Tallinn,pood,jalanõusid
7428,2024-08-15 00:00:00,363.36,2,Tallinn,pood,aksessuaarid
7439,2024-08-15 00:00:00,273.06,1,Tallinn,pood,jalanõusid
7454,2024-08-15 00:00:00,250.17,1,null,online,naiste_riided
7459,2024-08-15 00:00:00,58.84,2,Tallinn,pood,aksessuaarid
7482,2024-08-15 00:00:00,154.71,1,Tartu,pood,meeste_riided
7487,2024-08-15 00:00:00,350.50,2,null,online,meeste_riided
7517,2024-08-15 00:00:00,194.32,4,Tallinn,pood,laste_riided
7524,2024-08-15 00:00:00,213.38,2,Tartu,pood,meeste_riided
7540,2024-08-15 00:00:00,227.72,2,null,online,aksessuaarid
7616,2024-08-15 00:00:00,520.86,3,Tartu,pood,aksessuaarid
7676,2024-08-15 00:00:00,155.84,1,Tallinn,pood,aksessuaarid
7232,2024-08-16 00:00:00,135.99,1,Pärnu,pood,naiste_riided
7265,2024-08-16 00:00:00,346.70,1,Tartu,pood,naiste_riided
7270,2024-08-16 00:00:00,229.01,1,Tallinn,pood,meeste_riided
7277,2024-08-16 00:00:00,53.99,1,null,online,laste_riided
7368,2024-08-16 00:00:00,80.39,1,Tartu,pood,laste_riided
7394,2024-08-16 00:00:00,199.80,1,Tallinn,pood,aksessuaarid
7404,2024-08-16 00:00:00,274.66,2,null,online,meeste_riided
7414,2024-08-16 00:00:00,351.33,1,null,online,naiste_riided
7418,2024-08-16 00:00:00,31.65,1,Tallinn,pood,laste_riided
7419,2024-08-16 00:00:00,1053.80,5,null,online,naiste_riided
7421,2024-08-16 00:00:00,152.85,1,Pärnu,pood,laste_riided
7434,2024-08-16 00:00:00,114.16,2,Tartu,pood,aksessuaarid
7488,2024-08-16 00:00:00,251.28,4,Tallinn,pood,laste_riided
7548,2024-08-16 00:00:00,397.95,5,null,online,meeste_riided
7572,2024-08-16 00:00:00,122.07,1,null,online,aksessuaarid
7658,2024-08-16 00:00:00,120.59,1,Tartu,pood,meeste_riided
7689,2024-08-16 00:00:00,189.30,2,null,online,laste_riided
7713,2024-08-16 00:00:00,62.56,1,Tallinn,pood,aksessuaarid
7239,2024-08-17 00:00:00,581.10,2,Tartu,pood,naiste_riided
7256,2024-08-17 00:00:00,536.30,5,Tallinn,pood,aksessuaarid
7280,2024-08-17 00:00:00,138.78,2,Tartu,pood,jalanõusid
7333,2024-08-17 00:00:00,162.86,1,null,online,naiste_riided
7336,2024-08-17 00:00:00,541.38,2,Tartu,pood,jalanõusid
7370,2024-08-17 00:00:00,212.42,2,Tallinn,pood,laste_riided
7396,2024-08-17 00:00:00,191.00,2,Tartu,pood,naiste_riided
7402,2024-08-17 00:00:00,1188.55,5,null,online,naiste_riided
7417,2024-08-17 00:00:00,273.32,1,Tartu,pood,jalanõusid
7432,2024-08-17 00:00:00,24.54,1,Pärnu,pood,laste_riided
7462,2024-08-17 00:00:00,245.59,1,Tartu,pood,naiste_riided
7496,2024-08-17 00:00:00,210.46,2,null,online,laste_riided
7594,2024-08-17 00:00:00,252.33,1,null,online,naiste_riided
7603,2024-08-17 00:00:00,116.87,1,null,online,jalanõusid
7273,2024-08-18 00:00:00,419.22,3,Tallinn,pood,naiste_riided
7276,2024-08-18 00:00:00,208.83,1,null,online,naiste_riided
7352,2024-08-18 00:00:00,123.64,1,Pärnu,pood,laste_riided
7364,2024-08-18 00:00:00,35.68,1,Tartu,pood,laste_riided
7390,2024-08-18 00:00:00,16.37,1,null,online,aksessuaarid
7403,2024-08-18 00:00:00,167.23,1,null,online,laste_riided
7413,2024-08-18 00:00:00,271.35,1,Pärnu,pood,jalanõusid
7415,2024-08-18 00:00:00,552.06,3,Tartu,pood,aksessuaarid
7435,2024-08-18 00:00:00,188.91,1,Pärnu,pood,aksessuaarid
7453,2024-08-18 00:00:00,107.36,1,null,online,laste_riided
7472,2024-08-18 00:00:00,34.04,1,null,online,laste_riided
7519,2024-08-18 00:00:00,339.21,1,Tallinn,pood,jalanõusid
7535,2024-08-18 00:00:00,218.54,1,Tallinn,pood,jalanõusid
7588,2024-08-18 00:00:00,73.18,1,Pärnu,pood,jalanõusid
7620,2024-08-18 00:00:00,187.65,3,Tallinn,pood,jalanõusid
7663,2024-08-18 00:00:00,100.40,1,null,online,laste_riided
7673,2024-08-18 00:00:00,229.55,1,Tartu,pood,naiste_riided
7221,2024-08-19 00:00:00,-259.23,1,null,online,meeste_riided
7304,2024-08-19 00:00:00,105.09,1,Tallinn,pood,meeste_riided
7307,2024-08-19 00:00:00,694.32,2,Tartu,pood,meeste_riided
7324,2024-08-19 00:00:00,178.40,5,Tallinn,pood,laste_riided
7358,2024-08-19 00:00:00,406.78,2,null,online,aksessuaarid
7596,2024-08-19 00:00:00,203.25,3,null,online,jalanõusid
7613,2024-08-19 00:00:00,314.55,3,null,online,laste_riided
7628,2024-08-19 00:00:00,120.74,2,null,online,naiste_riided
7638,2024-08-19 00:00:00,96.11,1,null,online,jalanõusid
7650,2024-08-19 00:00:00,234.91,1,null,online,jalanõusid
7213,2024-08-20 00:00:00,653.65,5,Tallinn,pood,laste_riided
7312,2024-08-20 00:00:00,263.13,1,Tallinn,pood,naiste_riided
7427,2024-08-20 00:00:00,401.54,2,Pärnu,pood,naiste_riided
7429,2024-08-20 00:00:00,250.72,2,Tallinn,pood,laste_riided
7464,2024-08-20 00:00:00,48.58,1,Tartu,pood,laste_riided
7475,2024-08-20 00:00:00,114.94,1,null,online,meeste_riided
7483,2024-08-20 00:00:00,836.20,4,Tallinn,pood,naiste_riided
7491,2024-08-20 00:00:00,819.18,3,null,online,jalanõusid
7492,2024-08-20 00:00:00,141.05,1,null,online,jalanõusid
7523,2024-08-20 00:00:00,95.87,1,null,online,laste_riided
7550,2024-08-20 00:00:00,153.62,1,Tallinn,pood,jalanõusid
7552,2024-08-20 00:00:00,84.41,1,Tartu,pood,jalanõusid
7581,2024-08-20 00:00:00,62.56,1,Tartu,pood,aksessuaarid
7589,2024-08-20 00:00:00,200.80,2,null,online,laste_riided
7602,2024-08-20 00:00:00,46.90,2,Tallinn,pood,aksessuaarid
7607,2024-08-20 00:00:00,151.08,1,Tallinn,pood,meeste_riided
7609,2024-08-20 00:00:00,184.02,1,null,online,aksessuaarid
7648,2024-08-20 00:00:00,307.83,1,Tartu,pood,naiste_riided
7685,2024-08-20 00:00:00,214.72,2,null,online,laste_riided
7695,2024-08-20 00:00:00,187.16,1,Tartu,pood,jalanõusid
7204,2024-08-21 00:00:00,225.36,2,null,online,laste_riided
7207,2024-08-21 00:00:00,402.62,1,null,online,jalanõusid
7257,2024-08-21 00:00:00,665.10,2,null,online,meeste_riided
7268,2024-08-21 00:00:00,135.99,1,Tallinn,pood,naiste_riided
7279,2024-08-21 00:00:00,795.60,3,Tallinn,pood,naiste_riided
7301,2024-08-21 00:00:00,83.23,1,null,online,naiste_riided
7302,2024-08-21 00:00:00,151.08,1,Pärnu,pood,meeste_riided
7328,2024-08-21 00:00:00,469.82,2,Tartu,pood,jalanõusid
7330,2024-08-21 00:00:00,353.30,2,null,online,aksessuaarid
7332,2024-08-21 00:00:00,206.52,1,Tartu,pood,naiste_riided
7342,2024-08-21 00:00:00,288.40,2,Tallinn,pood,meeste_riided
7400,2024-08-21 00:00:00,605.58,3,Tartu,pood,meeste_riided
7480,2024-08-21 00:00:00,83.97,1,Tallinn,pood,jalanõusid
7521,2024-08-21 00:00:00,127.38,1,Pärnu,pood,meeste_riided
7565,2024-08-21 00:00:00,84.41,1,Tartu,pood,jalanõusid
7573,2024-08-21 00:00:00,53.91,3,null,online,aksessuaarid
7577,2024-08-21 00:00:00,305.72,1,Tallinn,pood,jalanõusid
7583,2024-08-21 00:00:00,276.20,1,null,online,naiste_riided
7584,2024-08-21 00:00:00,257.39,1,Tallinn,pood,naiste_riided
7608,2024-08-21 00:00:00,339.90,2,Tartu,pood,aksessuaarid
7625,2024-08-21 00:00:00,-273.32,1,null,online,jalanõusid
7639,2024-08-21 00:00:00,97.16,2,Pärnu,pood,laste_riided
7675,2024-08-21 00:00:00,125.64,2,Pärnu,pood,laste_riided
7699,2024-08-21 00:00:00,95.39,1,null,online,aksessuaarid
7231,2024-08-22 00:00:00,159.57,3,Tallinn,pood,laste_riided
7253,2024-08-22 00:00:00,314.98,2,Tartu,pood,jalanõusid
7281,2024-08-22 00:00:00,247.28,2,null,online,laste_riided
7293,2024-08-22 00:00:00,824.61,3,Tartu,pood,jalanõusid
7326,2024-08-22 00:00:00,413.04,2,Tallinn,pood,naiste_riided
7383,2024-08-22 00:00:00,234.99,1,null,online,naiste_riided
7408,2024-08-22 00:00:00,337.64,2,null,online,laste_riided
7504,2024-08-22 00:00:00,347.84,1,Tallinn,pood,meeste_riided
7574,2024-08-22 00:00:00,83.10,1,Tallinn,pood,meeste_riided
7590,2024-08-22 00:00:00,163.53,1,Tallinn,pood,meeste_riided
7610,2024-08-22 00:00:00,97.16,2,Pärnu,pood,laste_riided
7654,2024-08-22 00:00:00,500.34,2,null,online,naiste_riided
7674,2024-08-22 00:00:00,159.18,2,Tartu,pood,meeste_riided
7682,2024-08-22 00:00:00,298.94,2,null,online,aksessuaarid
7694,2024-08-22 00:00:00,302.16,2,Tartu,pood,meeste_riided
7703,2024-08-22 00:00:00,442.84,2,Tallinn,pood,jalanõusid
7705,2024-08-22 00:00:00,408.90,3,Pärnu,pood,laste_riided
7222,2024-08-23 00:00:00,286.84,2,Tallinn,pood,meeste_riided
7318,2024-08-23 00:00:00,351.33,1,Tallinn,pood,naiste_riided
7343,2024-08-23 00:00:00,197.36,2,Tallinn,pood,laste_riided
7348,2024-08-23 00:00:00,69.39,1,Tartu,pood,jalanõusid
7354,2024-08-23 00:00:00,562.38,2,Tallinn,pood,meeste_riided
7361,2024-08-23 00:00:00,26.62,1,Tallinn,pood,laste_riided
7382,2024-08-23 00:00:00,599.40,3,Pärnu,pood,aksessuaarid
7452,2024-08-23 00:00:00,371.79,1,Tartu,pood,jalanõusid
7469,2024-08-23 00:00:00,160.78,2,Pärnu,pood,laste_riided
7518,2024-08-23 00:00:00,147.16,1,null,online,aksessuaarid
7528,2024-08-23 00:00:00,282.95,1,Tartu,pood,naiste_riided
7549,2024-08-23 00:00:00,1093.28,4,Tartu,pood,jalanõusid
7553,2024-08-23 00:00:00,466.35,3,Pärnu,pood,aksessuaarid
7598,2024-08-23 00:00:00,151.08,1,null,online,meeste_riided
7692,2024-08-23 00:00:00,442.84,2,Tartu,pood,jalanõusid
7218,2024-08-24 00:00:00,291.44,2,Pärnu,pood,aksessuaarid
7244,2024-08-24 00:00:00,179.35,1,Tallinn,pood,naiste_riided
7287,2024-08-24 00:00:00,450.72,4,Tartu,pood,laste_riided
7303,2024-08-24 00:00:00,824.61,3,null,online,jalanõusid
7308,2024-08-24 00:00:00,382.96,2,null,online,aksessuaarid
7325,2024-08-24 00:00:00,88.08,1,Tallinn,pood,laste_riided
7337,2024-08-24 00:00:00,252.84,2,Tartu,pood,meeste_riided
7386,2024-08-24 00:00:00,448.41,3,Tartu,pood,aksessuaarid
7392,2024-08-24 00:00:00,278.59,1,Tallinn,pood,meeste_riided
7448,2024-08-24 00:00:00,232.61,1,Tallinn,pood,jalanõusid
7450,2024-08-24 00:00:00,93.13,1,null,online,aksessuaarid
7546,2024-08-24 00:00:00,147.58,1,Tartu,pood,jalanõusid
7560,2024-08-24 00:00:00,-654.14,2,null,online,meeste_riided
7665,2024-08-24 00:00:00,166.27,1,Tartu,pood,naiste_riided
7671,2024-08-24 00:00:00,553.94,2,Tallinn,pood,jalanõusid
7686,2024-08-24 00:00:00,251.52,1,Tallinn,pood,jalanõusid
7225,2024-08-25 00:00:00,219.38,1,null,online,aksessuaarid
7235,2024-08-25 00:00:00,83.23,1,Pärnu,pood,naiste_riided
7246,2024-08-25 00:00:00,288.33,3,null,online,jalanõusid
7291,2024-08-25 00:00:00,-302.86,1,null,online,jalanõusid
7294,2024-08-25 00:00:00,187.68,3,Tartu,pood,aksessuaarid
7323,2024-08-25 00:00:00,191.00,2,Pärnu,pood,naiste_riided
7334,2024-08-25 00:00:00,41.63,1,Tartu,pood,naiste_riided
7380,2024-08-25 00:00:00,824.34,3,null,online,meeste_riided
7381,2024-08-25 00:00:00,63.62,1,Pärnu,pood,jalanõusid
7510,2024-08-25 00:00:00,421.74,2,null,online,meeste_riided
7542,2024-08-25 00:00:00,346.70,1,null,online,naiste_riided
7586,2024-08-25 00:00:00,142.80,5,Tartu,pood,aksessuaarid
7592,2024-08-25 00:00:00,250.17,1,Tallinn,pood,naiste_riided
7203,2024-08-26 00:00:00,257.39,1,Tallinn,pood,naiste_riided
7258,2024-08-26 00:00:00,181.68,1,Tallinn,pood,aksessuaarid
7310,2024-08-26 00:00:00,120.59,1,Tartu,pood,meeste_riided
7372,2024-08-26 00:00:00,923.49,3,Tallinn,pood,naiste_riided
7376,2024-08-26 00:00:00,-109.62,1,Tallinn,pood,naiste_riided
7379,2024-08-26 00:00:00,121.98,1,null,online,aksessuaarid
7395,2024-08-26 00:00:00,632.61,3,null,online,meeste_riided
7398,2024-08-26 00:00:00,195.00,3,Tartu,pood,jalanõusid
7401,2024-08-26 00:00:00,761.40,3,Tallinn,pood,jalanõusid
7456,2024-08-26 00:00:00,368.67,1,Tartu,pood,jalanõusid
7470,2024-08-26 00:00:00,49.11,3,Tallinn,pood,aksessuaarid
7515,2024-08-26 00:00:00,176.65,1,null,online,aksessuaarid
7561,2024-08-26 00:00:00,94.25,1,Tallinn,pood,laste_riided
7576,2024-08-26 00:00:00,155.45,1,null,online,aksessuaarid
7579,2024-08-26 00:00:00,218.42,1,null,online,meeste_riided
7633,2024-08-26 00:00:00,518.46,2,Tallinn,pood,meeste_riided
7641,2024-08-26 00:00:00,493.94,2,Tallinn,pood,meeste_riided
7642,2024-08-26 00:00:00,167.94,2,null,online,jalanõusid
7660,2024-08-26 00:00:00,132.30,1,Tallinn,pood,jalanõusid
7698,2024-08-26 00:00:00,130.02,1,null,online,laste_riided
7245,2024-08-27 00:00:00,723.39,3,Pärnu,pood,jalanõusid
7254,2024-08-27 00:00:00,427.28,4,Tallinn,pood,laste_riided
7271,2024-08-27 00:00:00,258.91,1,Pärnu,pood,meeste_riided
7298,2024-08-27 00:00:00,247.81,1,null,online,meeste_riided
7315,2024-08-27 00:00:00,54.95,1,null,online,laste_riided
7327,2024-08-27 00:00:00,219.80,4,null,online,laste_riided
7349,2024-08-27 00:00:00,279.39,3,Tallinn,pood,aksessuaarid
7360,2024-08-27 00:00:00,368.14,2,Tallinn,pood,meeste_riided
7436,2024-08-27 00:00:00,1211.44,4,Pärnu,pood,jalanõusid
7449,2024-08-27 00:00:00,442.84,2,null,online,jalanõusid
7593,2024-08-27 00:00:00,158.51,1,null,online,naiste_riided
7627,2024-08-27 00:00:00,196.91,1,Tallinn,pood,meeste_riided
7630,2024-08-27 00:00:00,396.58,2,null,online,meeste_riided
7659,2024-08-27 00:00:00,841.44,4,Tallinn,pood,jalanõusid
7677,2024-08-27 00:00:00,1222.88,4,Pärnu,pood,jalanõusid
7691,2024-08-27 00:00:00,112.68,1,Tartu,pood,laste_riided
7215,2024-08-28 00:00:00,113.86,1,null,online,aksessuaarid
7248,2024-08-28 00:00:00,155.20,2,null,online,meeste_riided
7255,2024-08-28 00:00:00,163.53,1,Tallinn,pood,meeste_riided
7260,2024-08-28 00:00:00,482.26,2,Tallinn,pood,jalanõusid
7286,2024-08-28 00:00:00,433.08,3,Tartu,pood,aksessuaarid
7299,2024-08-28 00:00:00,291.00,2,Tartu,pood,jalanõusid
7314,2024-08-28 00:00:00,459.10,2,null,online,naiste_riided
7339,2024-08-28 00:00:00,614.54,2,null,online,jalanõusid
7344,2024-08-28 00:00:00,413.04,2,Tallinn,pood,naiste_riided
7353,2024-08-28 00:00:00,373.54,2,Pärnu,pood,aksessuaarid
7420,2024-08-28 00:00:00,1463.05,5,Tartu,pood,jalanõusid
7447,2024-08-28 00:00:00,110.02,1,null,online,naiste_riided
7455,2024-08-28 00:00:00,138.78,2,null,online,jalanõusid
7486,2024-08-28 00:00:00,593.16,2,Tallinn,pood,meeste_riided
7490,2024-08-28 00:00:00,173.62,1,Tartu,pood,aksessuaarid
7505,2024-08-28 00:00:00,247.81,1,Pärnu,pood,meeste_riided
7557,2024-08-28 00:00:00,202.57,1,Tallinn,pood,naiste_riided
7621,2024-08-28 00:00:00,51.58,1,Tallinn,pood,laste_riided
7637,2024-08-28 00:00:00,368.97,1,null,online,jalanõusid
7656,2024-08-28 00:00:00,45.21,1,Tallinn,pood,aksessuaarid
7667,2024-08-28 00:00:00,421.74,2,Tallinn,pood,meeste_riided
7687,2024-08-28 00:00:00,180.14,1,Pärnu,pood,naiste_riided
7688,2024-08-28 00:00:00,147.10,5,Tartu,pood,aksessuaarid
7696,2024-08-28 00:00:00,54.95,1,Pärnu,pood,laste_riided
7712,2024-08-28 00:00:00,162.86,1,Tallinn,pood,naiste_riided
7205,2024-08-29 00:00:00,234.99,1,null,online,naiste_riided
7224,2024-08-29 00:00:00,224.19,1,Tallinn,pood,naiste_riided
7240,2024-08-29 00:00:00,562.38,2,null,online,meeste_riided
7242,2024-08-29 00:00:00,590.32,4,Pärnu,pood,jalanõusid
7262,2024-08-29 00:00:00,62.55,1,Tallinn,pood,jalanõusid
7285,2024-08-29 00:00:00,89.29,1,Tallinn,pood,meeste_riided
7289,2024-08-29 00:00:00,23.68,1,null,online,laste_riided
7347,2024-08-29 00:00:00,106.82,1,null,online,laste_riided
7363,2024-08-29 00:00:00,48.85,1,null,online,meeste_riided
7511,2024-08-29 00:00:00,218.42,1,Tallinn,pood,meeste_riided
7538,2024-08-29 00:00:00,-371.79,1,Tartu,pood,jalanõusid
7545,2024-08-29 00:00:00,205.89,1,Tartu,pood,aksessuaarid
7643,2024-08-29 00:00:00,221.19,1,null,online,jalanõusid
7680,2024-08-29 00:00:00,32.93,1,null,online,naiste_riided
7208,2024-08-30 00:00:00,16.62,1,Tartu,pood,aksessuaarid
7269,2024-08-30 00:00:00,42.64,1,null,online,naiste_riided
7274,2024-08-30 00:00:00,65.52,1,Tallinn,pood,jalanõusid
7284,2024-08-30 00:00:00,68.08,2,Tallinn,pood,laste_riided
7322,2024-08-30 00:00:00,840.06,3,Tallinn,pood,naiste_riided
7338,2024-08-30 00:00:00,50.85,1,null,online,aksessuaarid
7359,2024-08-30 00:00:00,368.67,1,Tallinn,pood,jalanõusid
7437,2024-08-30 00:00:00,327.06,2,null,online,meeste_riided
7513,2024-08-30 00:00:00,437.68,4,Tallinn,pood,aksessuaarid
7595,2024-08-30 00:00:00,184.15,1,null,online,aksessuaarid
7223,2024-08-31 00:00:00,101.26,1,Tartu,pood,laste_riided
7234,2024-08-31 00:00:00,125.10,2,null,online,jalanõusid
7290,2024-08-31 00:00:00,83.23,1,Tartu,pood,naiste_riided
7317,2024-08-31 00:00:00,229.55,1,null,online,naiste_riided
7319,2024-08-31 00:00:00,104.27,1,Pärnu,pood,laste_riided
7388,2024-08-31 00:00:00,125.98,1,Tallinn,pood,naiste_riided
7412,2024-08-31 00:00:00,172.92,2,Tallinn,pood,laste_riided
7493,2024-08-31 00:00:00,-90.42,2,null,online,aksessuaarid
7522,2024-08-31 00:00:00,605.80,4,Tartu,pood,laste_riided
7530,2024-08-31 00:00:00,162.96,2,Pärnu,pood,jalanõusid
7534,2024-08-31 00:00:00,41.79,1,Pärnu,pood,laste_riided
7547,2024-08-31 00:00:00,307.27,1,Tartu,pood,jalanõusid
7554,2024-08-31 00:00:00,107.04,3,Tartu,pood,laste_riided
7556,2024-08-31 00:00:00,375.34,1,Tallinn,pood,jalanõusid
7562,2024-08-31 00:00:00,276.20,1,null,online,naiste_riided
7564,2024-08-31 00:00:00,565.90,2,Tartu,pood,naiste_riided
7578,2024-08-31 00:00:00,22.70,1,Tallinn,pood,laste_riided
7626,2024-08-31 00:00:00,203.39,1,Tallinn,pood,aksessuaarid
7634,2024-08-31 00:00:00,127.24,2,null,online,jalanõusid
7668,2024-08-31 00:00:00,565.90,2,Tallinn,pood,naiste_riided
7679,2024-08-31 00:00:00,241.18,2,null,online,meeste_riided
7710,2024-08-31 00:00:00,327.07,1,Tallinn,pood,meeste_riided
7740,2024-09-01 00:00:00,301.97,1,Tartu,pood,naiste_riided
7751,2024-09-01 00:00:00,208.54,2,null,online,laste_riided
7756,2024-09-01 00:00:00,38.70,1,Tallinn,pood,laste_riided
7764,2024-09-01 00:00:00,203.67,1,Tartu,pood,meeste_riided
7768,2024-09-01 00:00:00,1131.80,4,null,online,naiste_riided
7792,2024-09-01 00:00:00,190.81,1,Tallinn,pood,jalanõusid
7805,2024-09-01 00:00:00,153.11,1,null,online,aksessuaarid
7818,2024-09-01 00:00:00,79.59,1,Tallinn,pood,meeste_riided
7821,2024-09-01 00:00:00,125.98,1,null,online,naiste_riided
7826,2024-09-01 00:00:00,234.10,2,null,online,aksessuaarid
7835,2024-09-01 00:00:00,501.69,3,Tartu,pood,laste_riided
7865,2024-09-01 00:00:00,38.70,1,Tallinn,pood,laste_riided
7866,2024-09-01 00:00:00,276.26,2,null,online,laste_riided
7886,2024-09-01 00:00:00,301.97,1,null,online,naiste_riided
7978,2024-09-01 00:00:00,41.79,1,Tallinn,pood,laste_riided
8027,2024-09-01 00:00:00,472.47,3,null,online,jalanõusid
8054,2024-09-01 00:00:00,94.76,2,Tallinn,pood,laste_riided
7723,2024-09-02 00:00:00,194.46,1,null,online,naiste_riided
7744,2024-09-02 00:00:00,72.14,1,Tallinn,pood,laste_riided
7781,2024-09-02 00:00:00,257.39,1,Tallinn,pood,naiste_riided
7794,2024-09-02 00:00:00,319.98,1,Tallinn,pood,jalanõusid
7798,2024-09-02 00:00:00,100.93,1,Tallinn,pood,meeste_riided
7815,2024-09-02 00:00:00,219.38,1,null,online,aksessuaarid
7880,2024-09-02 00:00:00,299.10,2,Pärnu,pood,aksessuaarid
7893,2024-09-02 00:00:00,1029.45,5,null,online,aksessuaarid
7920,2024-09-02 00:00:00,183.40,1,Tallinn,pood,aksessuaarid
7930,2024-09-02 00:00:00,257.39,1,null,online,naiste_riided
7968,2024-09-02 00:00:00,701.00,4,null,online,meeste_riided
7981,2024-09-02 00:00:00,405.14,2,null,online,naiste_riided
8020,2024-09-02 00:00:00,385.98,3,Tallinn,pood,jalanõusid
8043,2024-09-02 00:00:00,376.08,3,Tallinn,pood,laste_riided
8098,2024-09-02 00:00:00,171.33,1,null,online,meeste_riided
7721,2024-09-03 00:00:00,28.56,1,Tallinn,pood,aksessuaarid
7731,2024-09-03 00:00:00,250.17,1,Tartu,pood,naiste_riided
7816,2024-09-03 00:00:00,125.98,1,Pärnu,pood,naiste_riided
7849,2024-09-03 00:00:00,105.09,1,Pärnu,pood,meeste_riided
7868,2024-09-03 00:00:00,262.08,4,Tallinn,pood,jalanõusid
8004,2024-09-03 00:00:00,229.01,1,Tallinn,pood,meeste_riided
8006,2024-09-03 00:00:00,17.97,1,Tallinn,pood,aksessuaarid
8055,2024-09-03 00:00:00,186.26,2,null,online,aksessuaarid
8074,2024-09-03 00:00:00,248.70,2,Tallinn,pood,meeste_riided
7726,2024-09-04 00:00:00,30.05,1,Pärnu,pood,laste_riided
7771,2024-09-04 00:00:00,307.83,1,Tallinn,pood,naiste_riided
7795,2024-09-04 00:00:00,776.73,3,Tartu,pood,meeste_riided
7834,2024-09-04 00:00:00,319.98,1,null,online,jalanõusid
7848,2024-09-04 00:00:00,38.70,1,Tallinn,pood,laste_riided
7858,2024-09-04 00:00:00,47.88,1,Tallinn,pood,aksessuaarid
7904,2024-09-04 00:00:00,329.99,1,null,online,jalanõusid
7918,2024-09-04 00:00:00,607.71,3,null,online,naiste_riided
7963,2024-09-04 00:00:00,217.80,3,null,online,laste_riided
7982,2024-09-04 00:00:00,981.21,3,null,online,meeste_riided
8016,2024-09-04 00:00:00,130.73,1,Tartu,pood,laste_riided
8034,2024-09-04 00:00:00,361.77,3,Tallinn,pood,meeste_riided
8062,2024-09-04 00:00:00,167.23,1,null,online,laste_riided
8071,2024-09-04 00:00:00,34.04,1,Tartu,pood,laste_riided
7716,2024-09-05 00:00:00,72.73,1,Tartu,pood,naiste_riided
7759,2024-09-05 00:00:00,377.82,2,null,online,aksessuaarid
7842,2024-09-05 00:00:00,219.38,1,Tallinn,pood,aksessuaarid
7864,2024-09-05 00:00:00,178.58,2,Tallinn,pood,meeste_riided
7889,2024-09-05 00:00:00,417.66,2,Tallinn,pood,naiste_riided
7900,2024-09-05 00:00:00,180.14,1,null,online,naiste_riided
7944,2024-09-05 00:00:00,184.07,1,Pärnu,pood,meeste_riided
7958,2024-09-05 00:00:00,506.46,3,null,online,laste_riided
7985,2024-09-05 00:00:00,151.45,1,Tallinn,pood,laste_riided
7990,2024-09-05 00:00:00,210.87,1,null,online,meeste_riided
8031,2024-09-05 00:00:00,96.50,1,Tartu,pood,meeste_riided
8056,2024-09-05 00:00:00,208.11,1,Pärnu,pood,meeste_riided
7719,2024-09-06 00:00:00,127.38,1,null,online,meeste_riided
7739,2024-09-06 00:00:00,156.18,2,null,online,naiste_riided
7784,2024-09-06 00:00:00,247.28,2,Tallinn,pood,laste_riided
7843,2024-09-06 00:00:00,49.34,2,null,online,laste_riided
7852,2024-09-06 00:00:00,180.14,1,Tallinn,pood,naiste_riided
7972,2024-09-06 00:00:00,305.70,2,Tallinn,pood,laste_riided
7992,2024-09-06 00:00:00,-702.66,2,null,online,naiste_riided
7999,2024-09-06 00:00:00,353.30,2,null,online,aksessuaarid
8025,2024-09-06 00:00:00,63.62,1,null,online,jalanõusid
8082,2024-09-06 00:00:00,396.84,2,Tartu,pood,jalanõusid
7738,2024-09-07 00:00:00,280.13,1,Tallinn,pood,jalanõusid
7741,2024-09-07 00:00:00,301.97,1,Tallinn,pood,naiste_riided
7748,2024-09-07 00:00:00,156.12,3,Tallinn,pood,laste_riided
7811,2024-09-07 00:00:00,317.88,2,Tallinn,pood,jalanõusid
7823,2024-09-07 00:00:00,101.26,1,null,online,laste_riided
7887,2024-09-07 00:00:00,243.96,2,null,online,aksessuaarid
7898,2024-09-07 00:00:00,94.65,1,null,online,laste_riided
7926,2024-09-07 00:00:00,196.91,1,Tartu,pood,meeste_riided
7945,2024-09-07 00:00:00,162.86,1,Tartu,pood,naiste_riided
7950,2024-09-07 00:00:00,120.59,1,null,online,meeste_riided
7961,2024-09-07 00:00:00,120.17,1,Pärnu,pood,jalanõusid
7988,2024-09-07 00:00:00,374.32,2,Tartu,pood,jalanõusid
8049,2024-09-07 00:00:00,560.04,2,Tallinn,pood,naiste_riided
7715,2024-09-08 00:00:00,22.70,1,Tallinn,pood,laste_riided
7717,2024-09-08 00:00:00,432.30,5,null,online,laste_riided
7732,2024-09-08 00:00:00,214.52,2,Tallinn,pood,aksessuaarid
7733,2024-09-08 00:00:00,130.02,1,Tartu,pood,laste_riided
7743,2024-09-08 00:00:00,292.61,1,null,online,jalanõusid
7785,2024-09-08 00:00:00,93.80,4,Tartu,pood,aksessuaarid
7791,2024-09-08 00:00:00,598.20,4,Tallinn,pood,aksessuaarid
7820,2024-09-08 00:00:00,121.51,1,Tallinn,pood,jalanõusid
7873,2024-09-08 00:00:00,63.87,1,Tallinn,pood,laste_riided
7884,2024-09-08 00:00:00,97.70,2,Tartu,pood,meeste_riided
7891,2024-09-08 00:00:00,42.64,1,Pärnu,pood,naiste_riided
7895,2024-09-08 00:00:00,401.54,2,null,online,naiste_riided
8000,2024-09-08 00:00:00,908.40,5,null,online,aksessuaarid
8023,2024-09-08 00:00:00,401.54,2,null,online,naiste_riided
8086,2024-09-08 00:00:00,52.04,1,Pärnu,pood,laste_riided
8096,2024-09-08 00:00:00,199.14,2,Pärnu,pood,laste_riided
7720,2024-09-09 00:00:00,102.20,2,null,online,aksessuaarid
7766,2024-09-09 00:00:00,166.27,1,null,online,naiste_riided
7779,2024-09-09 00:00:00,74.41,1,Tartu,pood,jalanõusid
7809,2024-09-09 00:00:00,218.84,2,Pärnu,pood,aksessuaarid
7810,2024-09-09 00:00:00,593.16,2,Tartu,pood,meeste_riided
7814,2024-09-09 00:00:00,381.62,2,Tallinn,pood,jalanõusid
7863,2024-09-09 00:00:00,-200.80,2,Pärnu,pood,laste_riided
7879,2024-09-09 00:00:00,371.79,1,Tartu,pood,jalanõusid
7892,2024-09-09 00:00:00,585.22,2,Tallinn,pood,jalanõusid
7922,2024-09-09 00:00:00,146.36,2,Tallinn,pood,jalanõusid
7927,2024-09-09 00:00:00,233.34,3,Tartu,pood,laste_riided
7946,2024-09-09 00:00:00,358.70,2,null,online,naiste_riided
7994,2024-09-09 00:00:00,403.72,2,Tallinn,pood,meeste_riided
7995,2024-09-09 00:00:00,459.76,4,Tallinn,pood,meeste_riided
8012,2024-09-09 00:00:00,411.78,2,Tartu,pood,aksessuaarid
8046,2024-09-09 00:00:00,159.18,2,Tartu,pood,meeste_riided
8066,2024-09-09 00:00:00,229.60,2,Tallinn,pood,laste_riided
8100,2024-09-09 00:00:00,319.42,1,null,online,naiste_riided
8103,2024-09-09 00:00:00,123.82,1,null,online,meeste_riided
7728,2024-09-10 00:00:00,137.33,1,Tartu,pood,meeste_riided
7749,2024-09-10 00:00:00,252.33,1,null,online,naiste_riided
7780,2024-09-10 00:00:00,95.76,2,Tallinn,pood,aksessuaarid
7912,2024-09-10 00:00:00,147.58,1,Tallinn,pood,jalanõusid
7976,2024-09-10 00:00:00,382.96,2,null,online,aksessuaarid
7989,2024-09-10 00:00:00,23.45,1,Tallinn,pood,aksessuaarid
8095,2024-09-10 00:00:00,439.66,2,Tartu,pood,aksessuaarid
7736,2024-09-11 00:00:00,298.94,2,Tallinn,pood,aksessuaarid
7833,2024-09-11 00:00:00,849.75,5,Pärnu,pood,aksessuaarid
7841,2024-09-11 00:00:00,314.98,2,null,online,jalanõusid
7855,2024-09-11 00:00:00,385.98,3,Tartu,pood,jalanõusid
7897,2024-09-11 00:00:00,141.62,1,Tartu,pood,laste_riided
7899,2024-09-11 00:00:00,439.66,2,Tallinn,pood,aksessuaarid
7917,2024-09-11 00:00:00,208.72,1,Tallinn,pood,aksessuaarid
7928,2024-09-11 00:00:00,24.54,1,Tallinn,pood,laste_riided
7948,2024-09-11 00:00:00,202.57,1,Pärnu,pood,naiste_riided
8019,2024-09-11 00:00:00,319.98,1,Tallinn,pood,jalanõusid
8061,2024-09-11 00:00:00,95.39,1,Tallinn,pood,aksessuaarid
8090,2024-09-11 00:00:00,1106.91,3,Tallinn,pood,jalanõusid
8093,2024-09-11 00:00:00,846.87,3,Tartu,pood,jalanõusid
8101,2024-09-11 00:00:00,422.70,2,Tallinn,pood,naiste_riided
7722,2024-09-12 00:00:00,219.38,1,Pärnu,pood,aksessuaarid
7760,2024-09-12 00:00:00,47.07,1,null,online,aksessuaarid
7790,2024-09-12 00:00:00,685.32,4,null,online,meeste_riided
7806,2024-09-12 00:00:00,304.14,1,null,online,naiste_riided
7822,2024-09-12 00:00:00,260.04,2,null,online,laste_riided
7831,2024-09-12 00:00:00,686.65,5,Tallinn,pood,meeste_riided
7832,2024-09-12 00:00:00,301.71,3,Tartu,pood,laste_riided
7902,2024-09-12 00:00:00,155.45,1,Tallinn,pood,aksessuaarid
7931,2024-09-12 00:00:00,188.91,1,null,online,aksessuaarid
7934,2024-09-12 00:00:00,220.04,2,null,online,naiste_riided
7955,2024-09-12 00:00:00,48.85,1,Tallinn,pood,meeste_riided
8033,2024-09-12 00:00:00,421.52,2,null,online,naiste_riided
8068,2024-09-12 00:00:00,187.16,1,Tallinn,pood,jalanõusid
7774,2024-09-13 00:00:00,289.50,3,Pärnu,pood,meeste_riided
7786,2024-09-13 00:00:00,1662.75,5,Pärnu,pood,meeste_riided
7872,2024-09-13 00:00:00,823.11,3,Tallinn,pood,naiste_riided
7883,2024-09-13 00:00:00,-100.93,1,null,online,meeste_riided
8021,2024-09-13 00:00:00,358.41,1,Tallinn,pood,jalanõusid
8060,2024-09-13 00:00:00,250.72,2,Pärnu,pood,laste_riided
8063,2024-09-13 00:00:00,50.85,1,Pärnu,pood,aksessuaarid
8065,2024-09-13 00:00:00,139.74,1,Tartu,pood,naiste_riided
8087,2024-09-13 00:00:00,704.73,3,null,online,jalanõusid
7750,2024-09-14 00:00:00,105.29,1,Tallinn,pood,laste_riided
7813,2024-09-14 00:00:00,315.27,3,Tartu,pood,meeste_riided
7850,2024-09-14 00:00:00,402.62,1,Pärnu,pood,jalanõusid
7908,2024-09-14 00:00:00,145.16,2,null,online,laste_riided
7983,2024-09-14 00:00:00,257.39,1,null,online,naiste_riided
8001,2024-09-14 00:00:00,283.24,2,null,online,laste_riided
8017,2024-09-14 00:00:00,992.10,5,Pärnu,pood,jalanõusid
8028,2024-09-14 00:00:00,152.85,1,Pärnu,pood,laste_riided
8078,2024-09-14 00:00:00,32.93,1,Tallinn,pood,naiste_riided
8089,2024-09-14 00:00:00,296.04,3,Tallinn,pood,laste_riided
7755,2024-09-15 00:00:00,308.84,1,Tartu,pood,naiste_riided
7799,2024-09-15 00:00:00,350.19,1,Tartu,pood,jalanõusid
7876,2024-09-15 00:00:00,317.88,2,Tallinn,pood,jalanõusid
7890,2024-09-15 00:00:00,224.19,1,Tallinn,pood,naiste_riided
7984,2024-09-15 00:00:00,342.66,2,null,online,meeste_riided
8009,2024-09-15 00:00:00,247.81,1,Pärnu,pood,meeste_riided
8052,2024-09-15 00:00:00,73.90,1,Tallinn,pood,laste_riided
8057,2024-09-15 00:00:00,491.18,2,Tartu,pood,naiste_riided
7724,2024-09-16 00:00:00,234.79,1,Tallinn,pood,meeste_riided
7727,2024-09-16 00:00:00,90.80,4,null,online,aksessuaarid
7730,2024-09-16 00:00:00,506.46,3,null,online,laste_riided
7762,2024-09-16 00:00:00,418.10,2,null,online,naiste_riided
7775,2024-09-16 00:00:00,442.38,2,null,online,jalanõusid
7777,2024-09-16 00:00:00,421.52,2,Pärnu,pood,naiste_riided
7797,2024-09-16 00:00:00,89.39,1,null,online,meeste_riided
7828,2024-09-16 00:00:00,247.52,1,Tallinn,pood,naiste_riided
7903,2024-09-16 00:00:00,743.58,2,Tartu,pood,jalanõusid
7911,2024-09-16 00:00:00,66.88,1,null,online,aksessuaarid
7916,2024-09-16 00:00:00,319.98,1,null,online,jalanõusid
8037,2024-09-16 00:00:00,208.15,5,null,online,naiste_riided
8073,2024-09-16 00:00:00,298.71,3,Tallinn,pood,laste_riided
7734,2024-09-17 00:00:00,638.84,2,Tartu,pood,naiste_riided
7767,2024-09-17 00:00:00,243.93,1,Tallinn,pood,meeste_riided
7783,2024-09-17 00:00:00,180.14,1,Tallinn,pood,naiste_riided
7802,2024-09-17 00:00:00,222.10,1,null,online,naiste_riided
7803,2024-09-17 00:00:00,106.71,1,null,online,aksessuaarid
7829,2024-09-17 00:00:00,319.98,1,null,online,jalanõusid
7857,2024-09-17 00:00:00,258.91,1,null,online,meeste_riided
7952,2024-09-17 00:00:00,377.82,2,Tartu,pood,aksessuaarid
7959,2024-09-17 00:00:00,160.91,1,null,online,meeste_riided
7986,2024-09-17 00:00:00,208.54,2,null,online,laste_riided
8003,2024-09-17 00:00:00,282.95,1,Tallinn,pood,naiste_riided
8080,2024-09-17 00:00:00,565.90,2,Tallinn,pood,naiste_riided
8083,2024-09-17 00:00:00,121.51,1,Tallinn,pood,jalanõusid
8102,2024-09-17 00:00:00,22.70,1,null,online,aksessuaarid
8106,2024-09-17 00:00:00,105.23,1,Tallinn,pood,laste_riided
7752,2024-09-18 00:00:00,279.43,1,null,online,meeste_riided
7772,2024-09-18 00:00:00,-307.27,1,Tallinn,pood,jalanõusid
7778,2024-09-18 00:00:00,145.50,1,Tallinn,pood,jalanõusid
7824,2024-09-18 00:00:00,134.58,1,Tallinn,pood,meeste_riided
7847,2024-09-18 00:00:00,368.97,1,Tallinn,pood,jalanõusid
7888,2024-09-18 00:00:00,175.25,1,Tallinn,pood,meeste_riided
7914,2024-09-18 00:00:00,562.38,2,Pärnu,pood,meeste_riided
7924,2024-09-18 00:00:00,278.59,1,null,online,meeste_riided
7932,2024-09-18 00:00:00,83.23,1,Tallinn,pood,naiste_riided
7954,2024-09-18 00:00:00,374.54,1,Tallinn,pood,meeste_riided
7993,2024-09-18 00:00:00,107.98,2,null,online,laste_riided
8030,2024-09-18 00:00:00,166.27,1,null,online,naiste_riided
8048,2024-09-18 00:00:00,368.67,1,Tallinn,pood,jalanõusid
8053,2024-09-18 00:00:00,175.25,1,Tartu,pood,meeste_riided
8059,2024-09-18 00:00:00,151.08,1,null,online,meeste_riided
8070,2024-09-18 00:00:00,365.54,2,Tallinn,pood,naiste_riided
7747,2024-09-19 00:00:00,135.50,2,Tartu,pood,jalanõusid
7789,2024-09-19 00:00:00,514.78,2,Tallinn,pood,naiste_riided
7801,2024-09-19 00:00:00,737.94,2,null,online,jalanõusid
7804,2024-09-19 00:00:00,221.42,1,Tartu,pood,jalanõusid
7839,2024-09-19 00:00:00,507.60,2,Tallinn,pood,jalanõusid
7840,2024-09-19 00:00:00,465.22,2,Tallinn,pood,jalanõusid
7913,2024-09-19 00:00:00,96.50,1,Tartu,pood,meeste_riided
7933,2024-09-19 00:00:00,225.81,1,null,online,naiste_riided
7966,2024-09-19 00:00:00,307.83,1,Tartu,pood,naiste_riided
7987,2024-09-19 00:00:00,347.16,1,null,online,meeste_riided
8002,2024-09-19 00:00:00,72.58,1,Tallinn,pood,laste_riided
8008,2024-09-19 00:00:00,561.48,3,null,online,jalanõusid
7735,2024-09-20 00:00:00,206.34,1,Tartu,pood,jalanõusid
7769,2024-09-20 00:00:00,201.14,2,null,online,laste_riided
7776,2024-09-20 00:00:00,396.84,2,Tartu,pood,jalanõusid
7860,2024-09-20 00:00:00,28.56,1,Tallinn,pood,aksessuaarid
7921,2024-09-20 00:00:00,269.88,2,null,online,aksessuaarid
7960,2024-09-20 00:00:00,53.99,1,Tallinn,pood,laste_riided
7975,2024-09-20 00:00:00,218.19,3,Tallinn,pood,naiste_riided
8011,2024-09-20 00:00:00,608.52,4,null,online,meeste_riided
8013,2024-09-20 00:00:00,228.81,1,Pärnu,pood,jalanõusid
8035,2024-09-20 00:00:00,127.38,1,Pärnu,pood,meeste_riided
8039,2024-09-20 00:00:00,230.06,1,Tartu,pood,meeste_riided
8041,2024-09-20 00:00:00,16.62,1,Tallinn,pood,aksessuaarid
8075,2024-09-20 00:00:00,420.72,2,null,online,jalanõusid
8079,2024-09-20 00:00:00,213.38,2,null,online,meeste_riided
7729,2024-09-21 00:00:00,605.72,2,null,online,jalanõusid
7742,2024-09-21 00:00:00,95.87,1,Tartu,pood,laste_riided
7765,2024-09-21 00:00:00,253.62,3,Tallinn,pood,jalanõusid
7796,2024-09-21 00:00:00,469.82,2,null,online,jalanõusid
7867,2024-09-21 00:00:00,86.14,1,Tallinn,pood,laste_riided
7869,2024-09-21 00:00:00,549.93,3,Tallinn,pood,aksessuaarid
7906,2024-09-21 00:00:00,1782.85,5,Pärnu,pood,meeste_riided
7919,2024-09-21 00:00:00,381.62,2,Pärnu,pood,jalanõusid
7929,2024-09-21 00:00:00,269.85,1,null,online,meeste_riided
7940,2024-09-21 00:00:00,574.44,3,null,online,aksessuaarid
7943,2024-09-21 00:00:00,53.01,1,Tallinn,pood,meeste_riided
7951,2024-09-21 00:00:00,224.19,1,Tallinn,pood,naiste_riided
7964,2024-09-21 00:00:00,368.14,2,Tallinn,pood,meeste_riided
7991,2024-09-21 00:00:00,49.08,2,Tallinn,pood,laste_riided
8022,2024-09-21 00:00:00,467.52,3,Tallinn,pood,aksessuaarid
8045,2024-09-21 00:00:00,134.58,1,Pärnu,pood,meeste_riided
7800,2024-09-22 00:00:00,677.43,3,null,online,naiste_riided
7825,2024-09-22 00:00:00,360.28,2,Tartu,pood,naiste_riided
7851,2024-09-22 00:00:00,465.22,2,Tallinn,pood,jalanõusid
7998,2024-09-22 00:00:00,160.71,1,Tartu,pood,meeste_riided
8010,2024-09-22 00:00:00,259.38,3,null,online,laste_riided
8029,2024-09-22 00:00:00,246.97,1,Tallinn,pood,meeste_riided
8081,2024-09-22 00:00:00,210.87,1,Tallinn,pood,meeste_riided
7714,2024-09-23 00:00:00,62.82,1,null,online,laste_riided
7725,2024-09-23 00:00:00,283.24,2,null,online,laste_riided
7757,2024-09-23 00:00:00,53.19,1,null,online,laste_riided
7761,2024-09-23 00:00:00,91.22,1,null,online,meeste_riided
7859,2024-09-23 00:00:00,247.81,1,Tallinn,pood,meeste_riided
7907,2024-09-23 00:00:00,583.44,2,null,online,jalanõusid
7909,2024-09-23 00:00:00,80.39,1,null,online,laste_riided
7910,2024-09-23 00:00:00,265.20,1,Pärnu,pood,naiste_riided
7915,2024-09-23 00:00:00,120.74,2,Pärnu,pood,naiste_riided
7939,2024-09-23 00:00:00,53.99,1,Tallinn,pood,laste_riided
8005,2024-09-23 00:00:00,210.36,1,Pärnu,pood,jalanõusid
8064,2024-09-23 00:00:00,912.42,3,null,online,naiste_riided
8069,2024-09-23 00:00:00,175.47,3,Tallinn,pood,jalanõusid
8076,2024-09-23 00:00:00,279.43,1,Tallinn,pood,meeste_riided
8091,2024-09-23 00:00:00,147.58,1,Tallinn,pood,jalanõusid
8094,2024-09-23 00:00:00,104.85,1,null,online,laste_riided
8105,2024-09-23 00:00:00,320.07,3,null,online,meeste_riided
7737,2024-09-24 00:00:00,229.60,2,Pärnu,pood,laste_riided
7754,2024-09-24 00:00:00,251.04,2,Pärnu,pood,meeste_riided
7787,2024-09-24 00:00:00,280.02,1,null,online,naiste_riided
7838,2024-09-24 00:00:00,438.38,2,Pärnu,pood,naiste_riided
7882,2024-09-24 00:00:00,237.71,1,null,online,naiste_riided
7901,2024-09-24 00:00:00,456.10,5,Tallinn,pood,meeste_riided
7905,2024-09-24 00:00:00,307.83,1,Pärnu,pood,naiste_riided
7937,2024-09-24 00:00:00,155.20,2,null,online,meeste_riided
7938,2024-09-24 00:00:00,299.10,2,null,online,aksessuaarid
7947,2024-09-24 00:00:00,291.72,1,Tallinn,pood,jalanõusid
7953,2024-09-24 00:00:00,959.94,3,Tallinn,pood,jalanõusid
7965,2024-09-24 00:00:00,156.18,2,Tallinn,pood,naiste_riided
7967,2024-09-24 00:00:00,144.36,1,Pärnu,pood,aksessuaarid
7969,2024-09-24 00:00:00,145.20,2,Tallinn,pood,laste_riided
7980,2024-09-24 00:00:00,106.21,1,Tallinn,pood,laste_riided
8072,2024-09-24 00:00:00,350.50,2,null,online,meeste_riided
8099,2024-09-24 00:00:00,488.28,4,Tartu,pood,aksessuaarid
7782,2024-09-25 00:00:00,332.10,3,Tallinn,pood,laste_riided
7874,2024-09-25 00:00:00,156.13,1,Pärnu,pood,aksessuaarid
7941,2024-09-25 00:00:00,401.54,2,null,online,naiste_riided
8015,2024-09-25 00:00:00,302.16,2,Tallinn,pood,meeste_riided
8036,2024-09-25 00:00:00,750.68,2,Tartu,pood,jalanõusid
8058,2024-09-25 00:00:00,138.78,2,Tallinn,pood,jalanõusid
8067,2024-09-25 00:00:00,241.18,2,Tallinn,pood,meeste_riided
7718,2024-09-26 00:00:00,163.70,2,Pärnu,pood,meeste_riided
7773,2024-09-26 00:00:00,90.42,2,null,online,aksessuaarid
7807,2024-09-26 00:00:00,50.85,1,Tartu,pood,aksessuaarid
7812,2024-09-26 00:00:00,184.02,1,Tartu,pood,aksessuaarid
7817,2024-09-26 00:00:00,200.80,2,null,online,laste_riided
7819,2024-09-26 00:00:00,86.46,1,Tallinn,pood,laste_riided
7853,2024-09-26 00:00:00,106.38,2,null,online,laste_riided
7856,2024-09-26 00:00:00,163.64,1,Tallinn,pood,jalanõusid
7875,2024-09-26 00:00:00,332.55,1,Tallinn,pood,meeste_riided
7881,2024-09-26 00:00:00,825.36,4,Tallinn,pood,jalanõusid
7923,2024-09-26 00:00:00,197.36,2,Tallinn,pood,laste_riided
7936,2024-09-26 00:00:00,336.68,2,null,online,naiste_riided
7977,2024-09-26 00:00:00,581.10,2,null,online,naiste_riided
8007,2024-09-26 00:00:00,210.76,1,Tallinn,pood,naiste_riided
8042,2024-09-26 00:00:00,153.11,1,Tartu,pood,aksessuaarid
8051,2024-09-26 00:00:00,123.82,1,Pärnu,pood,meeste_riided
8097,2024-09-26 00:00:00,403.74,3,null,online,meeste_riided
7745,2024-09-27 00:00:00,221.19,1,null,online,jalanõusid
7753,2024-09-27 00:00:00,183.31,1,null,online,aksessuaarid
7793,2024-09-27 00:00:00,1043.52,3,Pärnu,pood,meeste_riided
7827,2024-09-27 00:00:00,274.78,1,Pärnu,pood,meeste_riided
7871,2024-09-27 00:00:00,196.91,1,null,online,meeste_riided
7885,2024-09-27 00:00:00,214.72,2,null,online,laste_riided
7962,2024-09-27 00:00:00,302.16,2,null,online,meeste_riided
7996,2024-09-27 00:00:00,95.87,1,Tartu,pood,laste_riided
8014,2024-09-27 00:00:00,114.94,1,null,online,meeste_riided
8018,2024-09-27 00:00:00,476.82,3,Tallinn,pood,jalanõusid
8026,2024-09-27 00:00:00,134.58,1,null,online,meeste_riided
8032,2024-09-27 00:00:00,-263.13,1,Tartu,pood,naiste_riided
8088,2024-09-27 00:00:00,180.14,1,Pärnu,pood,naiste_riided
8092,2024-09-27 00:00:00,147.58,1,Tallinn,pood,jalanõusid
7746,2024-09-28 00:00:00,154.80,4,Tallinn,pood,laste_riided
7770,2024-09-28 00:00:00,94.76,2,Tartu,pood,laste_riided
7788,2024-09-28 00:00:00,222.10,1,null,online,naiste_riided
7845,2024-09-28 00:00:00,242.43,1,Tallinn,pood,meeste_riided
7854,2024-09-28 00:00:00,291.36,1,null,online,naiste_riided
7862,2024-09-28 00:00:00,885.68,4,Tallinn,pood,jalanõusid
7878,2024-09-28 00:00:00,163.53,1,null,online,meeste_riided
7925,2024-09-28 00:00:00,152.85,1,Tallinn,pood,laste_riided
7957,2024-09-28 00:00:00,305.72,1,Tartu,pood,jalanõusid
7973,2024-09-28 00:00:00,141.21,3,Tallinn,pood,aksessuaarid
7974,2024-09-28 00:00:00,-252.84,2,Tartu,pood,meeste_riided
7997,2024-09-28 00:00:00,145.46,2,Tallinn,pood,naiste_riided
8040,2024-09-28 00:00:00,582.00,4,Tallinn,pood,jalanõusid
8044,2024-09-28 00:00:00,-69.39,1,null,online,jalanõusid
8047,2024-09-28 00:00:00,888.40,4,null,online,naiste_riided
8050,2024-09-28 00:00:00,274.50,1,null,online,meeste_riided
7763,2024-09-29 00:00:00,209.70,2,Tallinn,pood,laste_riided
7830,2024-09-29 00:00:00,67.75,1,null,online,jalanõusid
7837,2024-09-29 00:00:00,574.44,3,Tartu,pood,aksessuaarid
7844,2024-09-29 00:00:00,258.91,1,Pärnu,pood,meeste_riided
7846,2024-09-29 00:00:00,51.50,1,null,online,laste_riided
7861,2024-09-29 00:00:00,159.03,3,null,online,meeste_riided
7870,2024-09-29 00:00:00,84.95,1,null,online,laste_riided
7896,2024-09-29 00:00:00,605.72,2,null,online,jalanõusid
7949,2024-09-29 00:00:00,153.40,2,Pärnu,pood,naiste_riided
8084,2024-09-29 00:00:00,110.53,1,null,online,meeste_riided
7758,2024-09-30 00:00:00,350.19,1,null,online,jalanõusid
7808,2024-09-30 00:00:00,246.97,1,Tartu,pood,meeste_riided
7836,2024-09-30 00:00:00,401.54,2,Tartu,pood,naiste_riided
7877,2024-09-30 00:00:00,110.70,1,null,online,laste_riided
7894,2024-09-30 00:00:00,241.18,2,Tallinn,pood,meeste_riided
7935,2024-09-30 00:00:00,759.78,3,Pärnu,pood,meeste_riided
7942,2024-09-30 00:00:00,457.62,2,Tallinn,pood,jalanõusid
7956,2024-09-30 00:00:00,302.79,3,null,online,meeste_riided
7970,2024-09-30 00:00:00,48.58,1,null,online,laste_riided
7971,2024-09-30 00:00:00,127.38,1,null,online,meeste_riided
7979,2024-09-30 00:00:00,17.97,1,Pärnu,pood,aksessuaarid
8024,2024-09-30 00:00:00,276.20,1,null,online,naiste_riided
8077,2024-09-30 00:00:00,84.54,1,Tartu,pood,jalanõusid
8085,2024-09-30 00:00:00,700.38,2,Tartu,pood,jalanõusid
8104,2024-09-30 00:00:00,221.40,2,Tartu,pood,laste_riided
8113,2024-10-01 00:00:00,366.80,2,Tallinn,pood,aksessuaarid
8121,2024-10-01 00:00:00,316.04,1,Tartu,pood,meeste_riided
8123,2024-10-01 00:00:00,116.98,2,Tallinn,pood,jalanõusid
8134,2024-10-01 00:00:00,291.72,1,null,online,jalanõusid
8142,2024-10-01 00:00:00,309.42,2,Tartu,pood,meeste_riided
8235,2024-10-01 00:00:00,694.48,4,Tartu,pood,aksessuaarid
8237,2024-10-01 00:00:00,253.26,1,Tallinn,pood,meeste_riided
8282,2024-10-01 00:00:00,41.79,1,Tallinn,pood,laste_riided
8333,2024-10-01 00:00:00,63.30,2,Tallinn,pood,laste_riided
8408,2024-10-01 00:00:00,68.10,3,Tallinn,pood,laste_riided
8443,2024-10-01 00:00:00,319.75,5,Tallinn,pood,jalanõusid
8484,2024-10-01 00:00:00,421.52,2,Pärnu,pood,naiste_riided
8111,2024-10-02 00:00:00,-100.93,1,null,online,meeste_riided
8120,2024-10-02 00:00:00,169.90,2,Tartu,pood,laste_riided
8150,2024-10-02 00:00:00,53.24,2,Tallinn,pood,laste_riided
8186,2024-10-02 00:00:00,564.58,2,null,online,jalanõusid
8203,2024-10-02 00:00:00,259.23,1,Tallinn,pood,meeste_riided
8209,2024-10-02 00:00:00,132.30,1,Tallinn,pood,jalanõusid
8242,2024-10-02 00:00:00,72.73,1,Pärnu,pood,naiste_riided
8252,2024-10-02 00:00:00,442.38,2,Tallinn,pood,jalanõusid
8280,2024-10-02 00:00:00,57.12,2,Pärnu,pood,aksessuaarid
8314,2024-10-02 00:00:00,109.62,2,Tartu,pood,laste_riided
8398,2024-10-02 00:00:00,304.14,1,null,online,naiste_riided
8464,2024-10-02 00:00:00,693.40,2,null,online,naiste_riided
8479,2024-10-02 00:00:00,713.14,2,Tallinn,pood,meeste_riided
8122,2024-10-03 00:00:00,350.50,2,null,online,meeste_riided
8240,2024-10-03 00:00:00,385.98,3,Tartu,pood,jalanõusid
8254,2024-10-03 00:00:00,147.16,1,null,online,aksessuaarid
8273,2024-10-03 00:00:00,65.52,1,Tartu,pood,jalanõusid
8358,2024-10-03 00:00:00,368.14,2,Pärnu,pood,meeste_riided
8365,2024-10-03 00:00:00,134.94,1,Tallinn,pood,aksessuaarid
8368,2024-10-03 00:00:00,375.34,1,Tallinn,pood,jalanõusid
8403,2024-10-03 00:00:00,193.00,2,Tallinn,pood,meeste_riided
8406,2024-10-03 00:00:00,939.16,4,null,online,meeste_riided
8414,2024-10-03 00:00:00,320.46,3,Tallinn,pood,laste_riided
8427,2024-10-03 00:00:00,603.94,2,null,online,naiste_riided
8453,2024-10-03 00:00:00,626.16,3,null,online,aksessuaarid
8136,2024-10-04 00:00:00,-431.16,2,Tartu,pood,aksessuaarid
8157,2024-10-04 00:00:00,-29.42,1,Tallinn,pood,aksessuaarid
8194,2024-10-04 00:00:00,208.11,1,null,online,meeste_riided
8205,2024-10-04 00:00:00,85.28,2,Tallinn,pood,naiste_riided
8317,2024-10-04 00:00:00,520.86,3,null,online,aksessuaarid
8330,2024-10-04 00:00:00,208.72,1,Tallinn,pood,aksessuaarid
8331,2024-10-04 00:00:00,183.31,1,Tallinn,pood,aksessuaarid
8350,2024-10-04 00:00:00,218.99,1,null,online,naiste_riided
8389,2024-10-04 00:00:00,312.26,2,null,online,aksessuaarid
8393,2024-10-04 00:00:00,142.14,3,Tallinn,pood,laste_riided
8425,2024-10-04 00:00:00,282.29,1,null,online,jalanõusid
8428,2024-10-04 00:00:00,619.10,5,null,online,meeste_riided
8239,2024-10-05 00:00:00,1498.16,4,Tallinn,pood,meeste_riided
8284,2024-10-05 00:00:00,104.27,1,Pärnu,pood,laste_riided
8305,2024-10-05 00:00:00,86.14,1,null,online,laste_riided
8332,2024-10-05 00:00:00,518.46,2,null,online,meeste_riided
8361,2024-10-05 00:00:00,1373.90,5,null,online,meeste_riided
8366,2024-10-05 00:00:00,208.11,1,null,online,meeste_riided
8394,2024-10-05 00:00:00,234.91,1,null,online,jalanõusid
8452,2024-10-05 00:00:00,420.72,2,null,online,jalanõusid
8148,2024-10-06 00:00:00,23.68,1,null,online,laste_riided
8206,2024-10-06 00:00:00,442.38,2,null,online,jalanõusid
8232,2024-10-06 00:00:00,219.19,1,Tartu,pood,naiste_riided
8241,2024-10-06 00:00:00,219.24,2,Tallinn,pood,naiste_riided
8374,2024-10-06 00:00:00,917.16,3,Tallinn,pood,jalanõusid
8379,2024-10-06 00:00:00,1872.70,5,Tallinn,pood,meeste_riided
8391,2024-10-06 00:00:00,251.52,1,null,online,jalanõusid
8405,2024-10-06 00:00:00,384.44,4,Tartu,pood,jalanõusid
8454,2024-10-06 00:00:00,959.94,3,Pärnu,pood,jalanõusid
8480,2024-10-06 00:00:00,793.16,4,Tallinn,pood,meeste_riided
8127,2024-10-07 00:00:00,1279.92,4,Pärnu,pood,jalanõusid
8169,2024-10-07 00:00:00,35.94,2,Tallinn,pood,aksessuaarid
8173,2024-10-07 00:00:00,319.42,1,Tallinn,pood,naiste_riided
8234,2024-10-07 00:00:00,401.60,4,null,online,laste_riided
8265,2024-10-07 00:00:00,205.00,1,null,online,meeste_riided
8272,2024-10-07 00:00:00,450.56,2,Pärnu,pood,aksessuaarid
8321,2024-10-07 00:00:00,55.04,1,Pärnu,pood,laste_riided
8352,2024-10-07 00:00:00,30.05,1,Tallinn,pood,laste_riided
8367,2024-10-07 00:00:00,65.52,1,Tartu,pood,jalanõusid
8369,2024-10-07 00:00:00,109.62,1,null,online,naiste_riided
8402,2024-10-07 00:00:00,1544.20,5,null,online,naiste_riided
8413,2024-10-07 00:00:00,135.99,1,null,online,naiste_riided
8434,2024-10-07 00:00:00,1296.15,5,null,online,meeste_riided
8444,2024-10-07 00:00:00,48.85,1,Tallinn,pood,meeste_riided
8456,2024-10-07 00:00:00,215.34,2,Pärnu,pood,meeste_riided
8458,2024-10-07 00:00:00,154.71,1,Tallinn,pood,meeste_riided
8462,2024-10-07 00:00:00,320.42,2,Tallinn,pood,meeste_riided
8499,2024-10-07 00:00:00,615.00,3,null,online,meeste_riided
8117,2024-10-08 00:00:00,181.11,3,null,online,naiste_riided
8181,2024-10-08 00:00:00,427.71,3,Pärnu,pood,meeste_riided
8187,2024-10-08 00:00:00,230.10,3,Tallinn,pood,naiste_riided
8226,2024-10-08 00:00:00,28.56,1,Tallinn,pood,aksessuaarid
8227,2024-10-08 00:00:00,351.33,1,Tallinn,pood,naiste_riided
8290,2024-10-08 00:00:00,778.28,4,Tallinn,pood,aksessuaarid
8328,2024-10-08 00:00:00,430.26,3,Tallinn,pood,meeste_riided
8343,2024-10-08 00:00:00,120.59,1,null,online,meeste_riided
8411,2024-10-08 00:00:00,958.26,3,Tartu,pood,naiste_riided
8422,2024-10-08 00:00:00,94.25,1,null,online,laste_riided
8440,2024-10-08 00:00:00,74.41,1,Tallinn,pood,jalanõusid
8447,2024-10-08 00:00:00,98.68,1,Pärnu,pood,laste_riided
8161,2024-10-09 00:00:00,84.95,1,Tallinn,pood,laste_riided
8177,2024-10-09 00:00:00,339.21,1,Pärnu,pood,jalanõusid
8243,2024-10-09 00:00:00,617.68,2,Tallinn,pood,naiste_riided
8301,2024-10-09 00:00:00,49.08,2,null,online,laste_riided
8339,2024-10-09 00:00:00,168.82,1,Pärnu,pood,laste_riided
8340,2024-10-09 00:00:00,269.16,2,null,online,meeste_riided
8390,2024-10-09 00:00:00,151.08,1,Tartu,pood,meeste_riided
8409,2024-10-09 00:00:00,-312.36,4,Tallinn,pood,naiste_riided
8437,2024-10-09 00:00:00,244.14,2,null,online,aksessuaarid
8445,2024-10-09 00:00:00,281.10,3,null,online,meeste_riided
8451,2024-10-09 00:00:00,240.34,2,null,online,jalanõusid
8473,2024-10-09 00:00:00,167.94,2,null,online,jalanõusid
8485,2024-10-09 00:00:00,-374.54,1,Tartu,pood,meeste_riided
8489,2024-10-09 00:00:00,160.21,1,null,online,meeste_riided
8130,2024-10-10 00:00:00,1012.85,5,null,online,naiste_riided
8139,2024-10-10 00:00:00,252.33,1,Tartu,pood,naiste_riided
8207,2024-10-10 00:00:00,122.07,1,null,online,aksessuaarid
8247,2024-10-10 00:00:00,111.26,1,Tallinn,pood,naiste_riided
8310,2024-10-10 00:00:00,312.41,1,Tallinn,pood,meeste_riided
8373,2024-10-10 00:00:00,90.42,2,Tallinn,pood,aksessuaarid
8399,2024-10-10 00:00:00,610.35,5,Pärnu,pood,aksessuaarid
8416,2024-10-10 00:00:00,187.16,1,Tallinn,pood,jalanõusid
8135,2024-10-11 00:00:00,48.58,1,Tallinn,pood,laste_riided
8145,2024-10-11 00:00:00,198.42,1,Tallinn,pood,jalanõusid
8156,2024-10-11 00:00:00,57.12,2,Tallinn,pood,aksessuaarid
8171,2024-10-11 00:00:00,65.60,1,Pärnu,pood,aksessuaarid
8188,2024-10-11 00:00:00,294.32,2,Tallinn,pood,aksessuaarid
8222,2024-10-11 00:00:00,114.94,1,null,online,meeste_riided
8230,2024-10-11 00:00:00,128.44,1,Tallinn,pood,laste_riided
8294,2024-10-11 00:00:00,541.38,2,Tartu,pood,jalanõusid
8303,2024-10-11 00:00:00,114.80,1,null,online,laste_riided
8344,2024-10-11 00:00:00,257.39,1,null,online,naiste_riided
8377,2024-10-11 00:00:00,347.16,1,Tallinn,pood,meeste_riided
8380,2024-10-11 00:00:00,273.66,3,null,online,meeste_riided
8470,2024-10-11 00:00:00,179.35,1,null,online,naiste_riided
8487,2024-10-11 00:00:00,130.02,1,null,online,laste_riided
8494,2024-10-11 00:00:00,655.26,3,null,online,meeste_riided
8112,2024-10-12 00:00:00,172.92,2,Tallinn,pood,laste_riided
8115,2024-10-12 00:00:00,127.92,3,Tallinn,pood,naiste_riided
8129,2024-10-12 00:00:00,281.19,1,Tartu,pood,meeste_riided
8179,2024-10-12 00:00:00,106.82,1,Pärnu,pood,laste_riided
8213,2024-10-12 00:00:00,736.60,4,Tartu,pood,aksessuaarid
8255,2024-10-12 00:00:00,242.43,1,Tallinn,pood,meeste_riided
8304,2024-10-12 00:00:00,70.01,1,Tallinn,pood,meeste_riided
8307,2024-10-12 00:00:00,333.78,3,Tallinn,pood,naiste_riided
8318,2024-10-12 00:00:00,178.78,2,Pärnu,pood,meeste_riided
8345,2024-10-12 00:00:00,155.84,1,null,online,aksessuaarid
8346,2024-10-12 00:00:00,144.36,1,Tartu,pood,aksessuaarid
8347,2024-10-12 00:00:00,156.18,2,Tallinn,pood,naiste_riided
8385,2024-10-12 00:00:00,573.68,4,Tallinn,pood,meeste_riided
8396,2024-10-12 00:00:00,62.55,1,null,online,jalanõusid
8468,2024-10-12 00:00:00,329.99,1,Tallinn,pood,jalanõusid
8492,2024-10-12 00:00:00,54.81,1,null,online,laste_riided
8140,2024-10-13 00:00:00,83.97,1,null,online,jalanõusid
8184,2024-10-13 00:00:00,307.24,2,null,online,jalanõusid
8224,2024-10-13 00:00:00,-249.69,3,null,online,naiste_riided
8253,2024-10-13 00:00:00,197.36,2,Tartu,pood,laste_riided
8268,2024-10-13 00:00:00,183.31,1,Tartu,pood,aksessuaarid
8270,2024-10-13 00:00:00,439.66,2,Pärnu,pood,aksessuaarid
8376,2024-10-13 00:00:00,190.81,1,Tallinn,pood,jalanõusid
8465,2024-10-13 00:00:00,1166.88,4,Tallinn,pood,jalanõusid
8124,2024-10-14 00:00:00,161.97,3,null,online,laste_riided
8147,2024-10-14 00:00:00,105.29,1,Tartu,pood,laste_riided
8162,2024-10-14 00:00:00,437.98,2,Tallinn,pood,naiste_riided
8172,2024-10-14 00:00:00,109.62,2,Pärnu,pood,laste_riided
8214,2024-10-14 00:00:00,291.72,1,Pärnu,pood,jalanõusid
8246,2024-10-14 00:00:00,327.07,1,null,online,meeste_riided
8249,2024-10-14 00:00:00,279.43,1,Tallinn,pood,meeste_riided
8299,2024-10-14 00:00:00,272.60,2,Tartu,pood,laste_riided
8337,2024-10-14 00:00:00,1053.99,3,null,online,naiste_riided
8370,2024-10-14 00:00:00,244.90,2,null,online,naiste_riided
8388,2024-10-14 00:00:00,16.37,1,Tallinn,pood,aksessuaarid
8415,2024-10-14 00:00:00,805.24,2,Tallinn,pood,jalanõusid
8441,2024-10-14 00:00:00,63.62,1,null,online,jalanõusid
8459,2024-10-14 00:00:00,278.59,1,null,online,meeste_riided
8180,2024-10-15 00:00:00,215.34,2,Tartu,pood,meeste_riided
8185,2024-10-15 00:00:00,529.95,3,Tartu,pood,aksessuaarid
8238,2024-10-15 00:00:00,312.41,1,null,online,meeste_riided
8266,2024-10-15 00:00:00,324.38,1,Pärnu,pood,jalanõusid
8338,2024-10-15 00:00:00,230.06,1,null,online,meeste_riided
8392,2024-10-15 00:00:00,654.56,4,null,online,jalanõusid
8410,2024-10-15 00:00:00,281.19,1,Tallinn,pood,meeste_riided
8432,2024-10-15 00:00:00,1040.10,3,null,online,naiste_riided
8448,2024-10-15 00:00:00,122.45,1,null,online,naiste_riided
8496,2024-10-15 00:00:00,799.20,4,Pärnu,pood,aksessuaarid
8109,2024-10-16 00:00:00,1129.16,4,Pärnu,pood,jalanõusid
8151,2024-10-16 00:00:00,668.92,4,null,online,laste_riided
8223,2024-10-16 00:00:00,274.78,1,null,online,meeste_riided
8251,2024-10-16 00:00:00,368.04,2,Pärnu,pood,aksessuaarid
8258,2024-10-16 00:00:00,765.92,4,Tartu,pood,aksessuaarid
8278,2024-10-16 00:00:00,-624.82,2,Tallinn,pood,meeste_riided
8309,2024-10-16 00:00:00,229.55,1,Pärnu,pood,naiste_riided
8322,2024-10-16 00:00:00,325.72,2,null,online,naiste_riided
8334,2024-10-16 00:00:00,288.72,2,Tartu,pood,aksessuaarid
8362,2024-10-16 00:00:00,217.80,3,null,online,laste_riided
8446,2024-10-16 00:00:00,840.06,3,null,online,naiste_riided
8460,2024-10-16 00:00:00,144.36,1,null,online,aksessuaarid
8461,2024-10-16 00:00:00,229.88,2,null,online,meeste_riided
8292,2024-10-17 00:00:00,102.20,2,Tartu,pood,aksessuaarid
8325,2024-10-17 00:00:00,605.72,2,Tallinn,pood,jalanõusid
8372,2024-10-17 00:00:00,166.27,1,null,online,naiste_riided
8442,2024-10-17 00:00:00,332.55,1,Tallinn,pood,meeste_riided
8159,2024-10-18 00:00:00,-110.70,1,Tallinn,pood,laste_riided
8164,2024-10-18 00:00:00,332.54,2,Tallinn,pood,naiste_riided
8193,2024-10-18 00:00:00,225.28,1,Tallinn,pood,aksessuaarid
8198,2024-10-18 00:00:00,166.27,1,Tartu,pood,naiste_riided
8231,2024-10-18 00:00:00,787.45,5,Tartu,pood,jalanõusid
8257,2024-10-18 00:00:00,229.01,1,Tallinn,pood,meeste_riided
8261,2024-10-18 00:00:00,98.68,4,Tartu,pood,laste_riided
8281,2024-10-18 00:00:00,91.22,1,Pärnu,pood,meeste_riided
8289,2024-10-18 00:00:00,259.69,1,null,online,meeste_riided
8311,2024-10-18 00:00:00,229.55,1,null,online,naiste_riided
8315,2024-10-18 00:00:00,228.81,1,Tallinn,pood,jalanõusid
8327,2024-10-18 00:00:00,164.30,2,Tallinn,pood,meeste_riided
8342,2024-10-18 00:00:00,188.46,3,Tallinn,pood,laste_riided
8397,2024-10-18 00:00:00,52.04,1,Tartu,pood,laste_riided
8400,2024-10-18 00:00:00,203.39,1,null,online,aksessuaarid
8439,2024-10-18 00:00:00,295.84,2,Tallinn,pood,laste_riided
8488,2024-10-18 00:00:00,271.98,2,Tallinn,pood,naiste_riided
8128,2024-10-19 00:00:00,218.54,1,Tartu,pood,jalanõusid
8152,2024-10-19 00:00:00,138.90,1,Tallinn,pood,meeste_riided
8158,2024-10-19 00:00:00,319.42,1,Pärnu,pood,naiste_riided
8212,2024-10-19 00:00:00,83.10,1,Tallinn,pood,meeste_riided
8225,2024-10-19 00:00:00,432.36,4,Tallinn,pood,naiste_riided
8245,2024-10-19 00:00:00,411.78,2,Tartu,pood,aksessuaarid
8435,2024-10-19 00:00:00,73.90,1,null,online,laste_riided
8438,2024-10-19 00:00:00,94.95,3,Tallinn,pood,laste_riided
8481,2024-10-19 00:00:00,247.52,1,Tallinn,pood,naiste_riided
8490,2024-10-19 00:00:00,305.72,1,Tartu,pood,jalanõusid
8495,2024-10-19 00:00:00,1876.70,5,null,online,jalanõusid
8126,2024-10-20 00:00:00,819.96,3,Tallinn,pood,jalanõusid
8163,2024-10-20 00:00:00,65.60,1,null,online,aksessuaarid
8274,2024-10-20 00:00:00,120.74,2,null,online,naiste_riided
8286,2024-10-20 00:00:00,877.83,3,Tallinn,pood,jalanõusid
8353,2024-10-20 00:00:00,265.20,1,Tallinn,pood,naiste_riided
8375,2024-10-20 00:00:00,926.52,3,Tallinn,pood,naiste_riided
8475,2024-10-20 00:00:00,86.14,1,Tartu,pood,laste_riided
8137,2024-10-21 00:00:00,103.16,2,null,online,laste_riided
8182,2024-10-21 00:00:00,94.14,2,null,online,aksessuaarid
8204,2024-10-21 00:00:00,536.30,5,Tartu,pood,aksessuaarid
8208,2024-10-21 00:00:00,339.21,1,Tartu,pood,jalanõusid
8216,2024-10-21 00:00:00,686.65,5,Tallinn,pood,meeste_riided
8219,2024-10-21 00:00:00,183.31,1,Tallinn,pood,aksessuaarid
8229,2024-10-21 00:00:00,462.26,2,null,online,aksessuaarid
8293,2024-10-21 00:00:00,339.21,1,null,online,jalanõusid
8313,2024-10-21 00:00:00,404.82,3,null,online,aksessuaarid
8351,2024-10-21 00:00:00,193.00,2,Tallinn,pood,meeste_riided
8395,2024-10-21 00:00:00,990.08,4,null,online,naiste_riided
8450,2024-10-21 00:00:00,151.45,1,Tallinn,pood,laste_riided
8483,2024-10-21 00:00:00,107.36,1,null,online,laste_riided
8114,2024-10-22 00:00:00,368.14,2,null,online,meeste_riided
8118,2024-10-22 00:00:00,122.07,1,Tartu,pood,aksessuaarid
8119,2024-10-22 00:00:00,693.40,2,Tartu,pood,naiste_riided
8132,2024-10-22 00:00:00,149.40,2,Tartu,pood,jalanõusid
8168,2024-10-22 00:00:00,149.55,1,Tallinn,pood,aksessuaarid
8248,2024-10-22 00:00:00,353.30,2,Tartu,pood,aksessuaarid
8295,2024-10-22 00:00:00,592.80,2,Tartu,pood,naiste_riided
8296,2024-10-22 00:00:00,134.94,1,null,online,aksessuaarid
8306,2024-10-22 00:00:00,138.90,1,null,online,meeste_riided
8323,2024-10-22 00:00:00,187.16,1,Pärnu,pood,jalanõusid
8336,2024-10-22 00:00:00,128.44,1,Tallinn,pood,laste_riided
8349,2024-10-22 00:00:00,73.18,1,null,online,jalanõusid
8357,2024-10-22 00:00:00,1008.40,4,Tallinn,pood,jalanõusid
8381,2024-10-22 00:00:00,250.17,1,Pärnu,pood,naiste_riided
8417,2024-10-22 00:00:00,155.84,1,Tallinn,pood,aksessuaarid
8467,2024-10-22 00:00:00,63.95,1,Tallinn,pood,jalanõusid
8497,2024-10-22 00:00:00,62.56,1,Tartu,pood,aksessuaarid
8108,2024-10-23 00:00:00,105.29,1,Tartu,pood,laste_riided
8192,2024-10-23 00:00:00,225.28,1,Tallinn,pood,aksessuaarid
8277,2024-10-23 00:00:00,123.64,1,null,online,laste_riided
8324,2024-10-23 00:00:00,756.30,3,null,online,jalanõusid
8335,2024-10-23 00:00:00,402.62,1,Tartu,pood,jalanõusid
8341,2024-10-23 00:00:00,-26.62,1,Tartu,pood,laste_riided
8386,2024-10-23 00:00:00,286.17,3,Pärnu,pood,aksessuaarid
8421,2024-10-23 00:00:00,94.25,1,null,online,laste_riided
8436,2024-10-23 00:00:00,277.80,2,Tartu,pood,meeste_riided
8141,2024-10-24 00:00:00,421.74,2,Tallinn,pood,meeste_riided
8154,2024-10-24 00:00:00,747.35,5,null,online,aksessuaarid
8176,2024-10-24 00:00:00,560.31,3,Tallinn,pood,aksessuaarid
8211,2024-10-24 00:00:00,60.37,1,Tartu,pood,naiste_riided
8236,2024-10-24 00:00:00,66.21,1,Pärnu,pood,laste_riided
8297,2024-10-24 00:00:00,420.72,2,null,online,jalanõusid
8302,2024-10-24 00:00:00,215.58,1,null,online,aksessuaarid
8329,2024-10-24 00:00:00,99.57,1,Tartu,pood,laste_riided
8355,2024-10-24 00:00:00,209.05,1,Tallinn,pood,naiste_riided
8363,2024-10-24 00:00:00,30.18,2,null,online,aksessuaarid
8364,2024-10-24 00:00:00,165.12,3,Pärnu,pood,laste_riided
8387,2024-10-24 00:00:00,713.14,2,Tartu,pood,meeste_riided
8419,2024-10-24 00:00:00,94.76,2,null,online,laste_riided
8426,2024-10-24 00:00:00,114.94,1,null,online,meeste_riided
8449,2024-10-24 00:00:00,1433.64,4,null,online,jalanõusid
8463,2024-10-24 00:00:00,505.02,3,Tallinn,pood,naiste_riided
8498,2024-10-24 00:00:00,261.46,2,Tallinn,pood,laste_riided
8131,2024-10-25 00:00:00,776.73,3,Tallinn,pood,meeste_riided
8143,2024-10-25 00:00:00,505.02,3,null,online,naiste_riided
8144,2024-10-25 00:00:00,176.65,1,null,online,aksessuaarid
8160,2024-10-25 00:00:00,302.90,2,Tallinn,pood,laste_riided
8190,2024-10-25 00:00:00,163.53,1,null,online,meeste_riided
8195,2024-10-25 00:00:00,145.46,2,Tallinn,pood,naiste_riided
8196,2024-10-25 00:00:00,232.61,1,null,online,jalanõusid
8197,2024-10-25 00:00:00,24.54,1,Pärnu,pood,laste_riided
8228,2024-10-25 00:00:00,377.00,4,null,online,laste_riided
8260,2024-10-25 00:00:00,610.35,5,Tartu,pood,aksessuaarid
8263,2024-10-25 00:00:00,411.99,3,Tallinn,pood,meeste_riided
8279,2024-10-25 00:00:00,482.26,2,null,online,jalanõusid
8298,2024-10-25 00:00:00,720.56,4,null,online,naiste_riided
8316,2024-10-25 00:00:00,171.33,1,Tallinn,pood,meeste_riided
8356,2024-10-25 00:00:00,54.95,1,Tartu,pood,laste_riided
8420,2024-10-25 00:00:00,123.82,1,Tallinn,pood,meeste_riided
8431,2024-10-25 00:00:00,517.82,2,Tartu,pood,meeste_riided
8471,2024-10-25 00:00:00,116.20,1,null,online,meeste_riided
8133,2024-10-26 00:00:00,72.14,1,Tallinn,pood,laste_riided
8138,2024-10-26 00:00:00,448.65,3,Tallinn,pood,aksessuaarid
8155,2024-10-26 00:00:00,351.33,1,Tallinn,pood,naiste_riided
8166,2024-10-26 00:00:00,1115.37,3,Tartu,pood,jalanõusid
8175,2024-10-26 00:00:00,930.44,4,null,online,jalanõusid
8178,2024-10-26 00:00:00,259.23,1,Pärnu,pood,meeste_riided
8218,2024-10-26 00:00:00,501.69,3,Pärnu,pood,laste_riided
8244,2024-10-26 00:00:00,191.48,1,Tallinn,pood,aksessuaarid
8256,2024-10-26 00:00:00,509.52,4,null,online,meeste_riided
8264,2024-10-26 00:00:00,144.20,1,Tartu,pood,meeste_riided
8276,2024-10-26 00:00:00,291.72,1,null,online,jalanõusid
8283,2024-10-26 00:00:00,228.81,1,Tallinn,pood,jalanõusid
8348,2024-10-26 00:00:00,30.18,2,Pärnu,pood,aksessuaarid
8359,2024-10-26 00:00:00,269.16,2,Tallinn,pood,meeste_riided
8430,2024-10-26 00:00:00,149.47,1,Tallinn,pood,aksessuaarid
8469,2024-10-26 00:00:00,659.49,3,null,online,aksessuaarid
8472,2024-10-26 00:00:00,301.85,5,null,online,naiste_riided
8478,2024-10-26 00:00:00,176.16,2,Tallinn,pood,laste_riided
8486,2024-10-26 00:00:00,138.90,1,Pärnu,pood,meeste_riided
8110,2024-10-27 00:00:00,162.86,1,null,online,naiste_riided
8170,2024-10-27 00:00:00,846.87,3,null,online,jalanõusid
8183,2024-10-27 00:00:00,450.56,2,Tartu,pood,aksessuaarid
8201,2024-10-27 00:00:00,1216.56,4,Pärnu,pood,naiste_riided
8233,2024-10-27 00:00:00,208.16,4,null,online,laste_riided
8262,2024-10-27 00:00:00,145.50,1,null,online,jalanõusid
8288,2024-10-27 00:00:00,317.02,2,null,online,naiste_riided
8300,2024-10-27 00:00:00,219.19,1,null,online,naiste_riided
8320,2024-10-27 00:00:00,191.52,4,Tallinn,pood,aksessuaarid
8326,2024-10-27 00:00:00,329.99,1,null,online,jalanõusid
8429,2024-10-27 00:00:00,133.76,2,Tallinn,pood,aksessuaarid
8433,2024-10-27 00:00:00,28.56,1,null,online,aksessuaarid
8455,2024-10-27 00:00:00,374.32,2,null,online,jalanõusid
8476,2024-10-27 00:00:00,1107.88,4,Tallinn,pood,jalanõusid
8477,2024-10-27 00:00:00,672.90,5,null,online,meeste_riided
8482,2024-10-27 00:00:00,491.18,2,Pärnu,pood,naiste_riided
8165,2024-10-28 00:00:00,740.91,3,Tallinn,pood,meeste_riided
8189,2024-10-28 00:00:00,201.86,1,Tallinn,pood,meeste_riided
8287,2024-10-28 00:00:00,123.82,1,Tallinn,pood,meeste_riided
8308,2024-10-28 00:00:00,396.90,3,null,online,jalanõusid
8319,2024-10-28 00:00:00,242.43,1,null,online,meeste_riided
8404,2024-10-28 00:00:00,401.60,4,Tartu,pood,laste_riided
8412,2024-10-28 00:00:00,128.66,1,null,online,jalanõusid
8466,2024-10-28 00:00:00,257.32,2,null,online,jalanõusid
8107,2024-10-29 00:00:00,83.23,1,null,online,naiste_riided
8153,2024-10-29 00:00:00,113.50,5,Tartu,pood,aksessuaarid
8191,2024-10-29 00:00:00,346.70,1,Tallinn,pood,naiste_riided
8210,2024-10-29 00:00:00,120.74,2,Tallinn,pood,naiste_riided
8217,2024-10-29 00:00:00,305.72,1,null,online,jalanõusid
8259,2024-10-29 00:00:00,344.40,3,null,online,laste_riided
8269,2024-10-29 00:00:00,388.92,2,null,online,naiste_riided
8371,2024-10-29 00:00:00,232.40,2,null,online,meeste_riided
8384,2024-10-29 00:00:00,33.24,2,null,online,aksessuaarid
8418,2024-10-29 00:00:00,160.91,1,Pärnu,pood,meeste_riided
8423,2024-10-29 00:00:00,191.00,2,Tallinn,pood,naiste_riided
8457,2024-10-29 00:00:00,639.96,2,null,online,jalanõusid
8474,2024-10-29 00:00:00,687.03,3,null,online,meeste_riided
8125,2024-10-30 00:00:00,203.39,1,Tallinn,pood,aksessuaarid
8146,2024-10-30 00:00:00,1384.85,5,Tallinn,pood,jalanõusid
8174,2024-10-30 00:00:00,107.67,1,Tallinn,pood,meeste_riided
8199,2024-10-30 00:00:00,224.19,1,Tallinn,pood,naiste_riided
8221,2024-10-30 00:00:00,270.69,1,Pärnu,pood,jalanõusid
8250,2024-10-30 00:00:00,221.42,1,Tallinn,pood,jalanõusid
8267,2024-10-30 00:00:00,81.85,1,Tallinn,pood,meeste_riided
8271,2024-10-30 00:00:00,1881.65,5,null,online,jalanõusid
8312,2024-10-30 00:00:00,320.42,2,null,online,meeste_riided
8360,2024-10-30 00:00:00,605.58,3,Tallinn,pood,meeste_riided
8382,2024-10-30 00:00:00,89.29,1,null,online,meeste_riided
8383,2024-10-30 00:00:00,204.87,1,null,online,aksessuaarid
8116,2024-10-31 00:00:00,189.30,2,Tallinn,pood,laste_riided
8149,2024-10-31 00:00:00,562.38,2,Tallinn,pood,meeste_riided
8167,2024-10-31 00:00:00,168.82,1,Pärnu,pood,laste_riided
8200,2024-10-31 00:00:00,72.73,1,Tartu,pood,naiste_riided
8202,2024-10-31 00:00:00,24.67,1,null,online,laste_riided
8215,2024-10-31 00:00:00,135.50,2,Tartu,pood,jalanõusid
8220,2024-10-31 00:00:00,358.70,2,Pärnu,pood,naiste_riided
8275,2024-10-31 00:00:00,140.02,2,Tartu,pood,meeste_riided
8285,2024-10-31 00:00:00,221.42,1,Tallinn,pood,jalanõusid
8354,2024-10-31 00:00:00,199.80,1,Tartu,pood,aksessuaarid
8378,2024-10-31 00:00:00,42.64,1,Tartu,pood,naiste_riided
8401,2024-10-31 00:00:00,182.77,1,null,online,naiste_riided
8407,2024-10-31 00:00:00,294.32,2,Tallinn,pood,aksessuaarid
8424,2024-10-31 00:00:00,31.65,1,Tallinn,pood,laste_riided
8491,2024-10-31 00:00:00,602.31,3,null,online,naiste_riided
8531,2024-11-01 00:00:00,271.98,2,null,online,naiste_riided
8537,2024-11-01 00:00:00,74.70,1,Tallinn,pood,jalanõusid
8559,2024-11-01 00:00:00,358.41,1,Tartu,pood,jalanõusid
8573,2024-11-01 00:00:00,302.86,1,Tallinn,pood,jalanõusid
8586,2024-11-01 00:00:00,656.97,3,null,online,naiste_riided
8593,2024-11-01 00:00:00,241.48,4,null,online,naiste_riided
8643,2024-11-01 00:00:00,76.70,1,null,online,naiste_riided
8706,2024-11-01 00:00:00,135.99,1,null,online,naiste_riided
8716,2024-11-01 00:00:00,558.86,2,null,online,meeste_riided
8774,2024-11-01 00:00:00,221.89,1,Tallinn,pood,naiste_riided
8791,2024-11-01 00:00:00,828.60,3,Tartu,pood,naiste_riided
8800,2024-11-01 00:00:00,274.78,1,Tallinn,pood,meeste_riided
8845,2024-11-01 00:00:00,216.18,2,Tallinn,pood,naiste_riided
8867,2024-11-01 00:00:00,247.64,2,null,online,meeste_riided
8884,2024-11-01 00:00:00,418.10,2,Pärnu,pood,naiste_riided
8520,2024-11-02 00:00:00,166.46,2,Tallinn,pood,naiste_riided
8533,2024-11-02 00:00:00,29.42,1,null,online,aksessuaarid
8542,2024-11-02 00:00:00,-184.02,1,Pärnu,pood,aksessuaarid
8553,2024-11-02 00:00:00,295.84,2,null,online,laste_riided
8603,2024-11-02 00:00:00,166.46,2,Pärnu,pood,naiste_riided
8616,2024-11-02 00:00:00,368.97,1,null,online,jalanõusid
8749,2024-11-02 00:00:00,60.37,1,Pärnu,pood,naiste_riided
8761,2024-11-02 00:00:00,253.26,1,Tallinn,pood,meeste_riided
8817,2024-11-02 00:00:00,959.94,3,Tallinn,pood,jalanõusid
8832,2024-11-02 00:00:00,676.86,2,Tallinn,pood,meeste_riided
8513,2024-11-03 00:00:00,394.72,4,Tartu,pood,laste_riided
8516,2024-11-03 00:00:00,205.00,1,Pärnu,pood,meeste_riided
8550,2024-11-03 00:00:00,327.06,2,null,online,meeste_riided
8556,2024-11-03 00:00:00,237.71,1,Tallinn,pood,naiste_riided
8562,2024-11-03 00:00:00,216.18,2,null,online,naiste_riided
8568,2024-11-03 00:00:00,215.58,1,Tallinn,pood,aksessuaarid
8590,2024-11-03 00:00:00,96.11,1,Tartu,pood,jalanõusid
8596,2024-11-03 00:00:00,127.92,3,Tallinn,pood,naiste_riided
8645,2024-11-03 00:00:00,169.08,2,Tallinn,pood,jalanõusid
8656,2024-11-03 00:00:00,178.58,2,Tallinn,pood,meeste_riided
8665,2024-11-03 00:00:00,657.57,3,Tartu,pood,naiste_riided
8683,2024-11-03 00:00:00,154.71,1,null,online,meeste_riided
8686,2024-11-03 00:00:00,989.97,3,null,online,jalanõusid
8697,2024-11-03 00:00:00,437.16,3,Tallinn,pood,aksessuaarid
8708,2024-11-03 00:00:00,72.60,1,Tartu,pood,laste_riided
8752,2024-11-03 00:00:00,243.93,1,Pärnu,pood,meeste_riided
8769,2024-11-03 00:00:00,54.81,1,null,online,laste_riided
8780,2024-11-03 00:00:00,221.89,1,null,online,naiste_riided
8836,2024-11-03 00:00:00,22.04,1,null,online,aksessuaarid
8840,2024-11-03 00:00:00,206.52,1,Tallinn,pood,naiste_riided
8877,2024-11-03 00:00:00,368.30,2,Tartu,pood,aksessuaarid
8545,2024-11-04 00:00:00,15.09,1,Tallinn,pood,aksessuaarid
8567,2024-11-04 00:00:00,112.68,1,Pärnu,pood,laste_riided
8649,2024-11-04 00:00:00,219.38,1,Pärnu,pood,aksessuaarid
8690,2024-11-04 00:00:00,200.80,2,Tallinn,pood,laste_riided
8709,2024-11-04 00:00:00,153.62,1,null,online,jalanõusid
8727,2024-11-04 00:00:00,218.99,1,null,online,naiste_riided
8735,2024-11-04 00:00:00,208.54,2,null,online,laste_riided
8815,2024-11-04 00:00:00,203.39,1,null,online,aksessuaarid
8826,2024-11-04 00:00:00,743.58,2,Tallinn,pood,jalanõusid
8835,2024-11-04 00:00:00,432.60,3,Tallinn,pood,meeste_riided
8869,2024-11-04 00:00:00,296.40,1,Tallinn,pood,naiste_riided
8873,2024-11-04 00:00:00,361.77,3,null,online,meeste_riided
8574,2024-11-05 00:00:00,259.69,1,Pärnu,pood,meeste_riided
8619,2024-11-05 00:00:00,206.52,1,Tallinn,pood,naiste_riided
8639,2024-11-05 00:00:00,549.00,2,Tartu,pood,meeste_riided
8652,2024-11-05 00:00:00,761.40,3,null,online,jalanõusid
8663,2024-11-05 00:00:00,55.04,1,null,online,laste_riided
8675,2024-11-05 00:00:00,26.62,1,null,online,laste_riided
8678,2024-11-05 00:00:00,276.20,1,Tallinn,pood,naiste_riided
8736,2024-11-05 00:00:00,221.19,1,Tallinn,pood,jalanõusid
8744,2024-11-05 00:00:00,838.29,3,null,online,meeste_riided
8785,2024-11-05 00:00:00,216.18,2,Tallinn,pood,naiste_riided
8810,2024-11-05 00:00:00,530.40,2,Tallinn,pood,naiste_riided
8500,2024-11-06 00:00:00,152.55,3,null,online,aksessuaarid
8511,2024-11-06 00:00:00,62.82,1,Tallinn,pood,laste_riided
8536,2024-11-06 00:00:00,198.42,1,null,online,jalanõusid
8689,2024-11-06 00:00:00,209.70,2,null,online,laste_riided
8714,2024-11-06 00:00:00,89.29,1,Tartu,pood,meeste_riided
8776,2024-11-06 00:00:00,161.97,3,Tallinn,pood,laste_riided
8779,2024-11-06 00:00:00,272.60,2,null,online,laste_riided
8874,2024-11-06 00:00:00,117.05,1,Pärnu,pood,aksessuaarid
8604,2024-11-07 00:00:00,-1054.86,3,null,online,meeste_riided
8608,2024-11-07 00:00:00,128.37,1,null,online,laste_riided
8648,2024-11-07 00:00:00,151.08,1,Tallinn,pood,meeste_riided
8684,2024-11-07 00:00:00,123.82,1,null,online,meeste_riided
8751,2024-11-07 00:00:00,1043.52,3,Tallinn,pood,meeste_riided
8773,2024-11-07 00:00:00,234.91,1,Tallinn,pood,jalanõusid
8812,2024-11-07 00:00:00,377.82,2,null,online,aksessuaarid
8825,2024-11-07 00:00:00,145.72,1,Tallinn,pood,aksessuaarid
8501,2024-11-08 00:00:00,227.72,2,null,online,aksessuaarid
8506,2024-11-08 00:00:00,1360.25,5,null,online,naiste_riided
8510,2024-11-08 00:00:00,269.16,2,Tallinn,pood,meeste_riided
8560,2024-11-08 00:00:00,747.75,5,Tallinn,pood,aksessuaarid
8605,2024-11-08 00:00:00,198.29,1,Tallinn,pood,meeste_riided
8638,2024-11-08 00:00:00,581.00,5,null,online,meeste_riided
8677,2024-11-08 00:00:00,252.10,1,Tallinn,pood,jalanõusid
8723,2024-11-08 00:00:00,63.87,1,Tartu,pood,laste_riided
8864,2024-11-08 00:00:00,136.30,1,Pärnu,pood,laste_riided
8548,2024-11-09 00:00:00,72.73,1,Tallinn,pood,naiste_riided
8570,2024-11-09 00:00:00,375.34,1,null,online,jalanõusid
8579,2024-11-09 00:00:00,224.43,3,null,online,aksessuaarid
8583,2024-11-09 00:00:00,-253.80,1,null,online,jalanõusid
8651,2024-11-09 00:00:00,-332.54,2,Tallinn,pood,naiste_riided
8661,2024-11-09 00:00:00,167.94,2,null,online,jalanõusid
8669,2024-11-09 00:00:00,50.77,1,null,online,naiste_riided
8682,2024-11-09 00:00:00,430.70,5,null,online,laste_riided
8726,2024-11-09 00:00:00,247.52,1,null,online,naiste_riided
8764,2024-11-09 00:00:00,167.16,4,Pärnu,pood,laste_riided
8794,2024-11-09 00:00:00,368.14,2,Tallinn,pood,meeste_riided
8795,2024-11-09 00:00:00,16.37,1,Pärnu,pood,aksessuaarid
8828,2024-11-09 00:00:00,218.84,2,Tallinn,pood,aksessuaarid
8849,2024-11-09 00:00:00,264.60,2,Tartu,pood,jalanõusid
8859,2024-11-09 00:00:00,270.69,1,null,online,jalanõusid
8514,2024-11-10 00:00:00,655.26,3,null,online,meeste_riided
8600,2024-11-10 00:00:00,361.77,3,Tallinn,pood,meeste_riided
8641,2024-11-10 00:00:00,113.86,1,null,online,aksessuaarid
8647,2024-11-10 00:00:00,401.54,2,null,online,naiste_riided
8713,2024-11-10 00:00:00,17.97,1,Tallinn,pood,aksessuaarid
8722,2024-11-10 00:00:00,321.82,2,Tallinn,pood,meeste_riided
8734,2024-11-10 00:00:00,227.72,2,null,online,aksessuaarid
8739,2024-11-10 00:00:00,210.76,1,Tallinn,pood,naiste_riided
8762,2024-11-10 00:00:00,241.13,1,Tallinn,pood,jalanõusid
8781,2024-11-10 00:00:00,78.09,1,Tartu,pood,naiste_riided
8789,2024-11-10 00:00:00,592.80,2,null,online,naiste_riided
8793,2024-11-10 00:00:00,184.15,1,null,online,aksessuaarid
8851,2024-11-10 00:00:00,1124.76,4,Tallinn,pood,meeste_riided
8866,2024-11-10 00:00:00,100.40,1,Tallinn,pood,laste_riided
8508,2024-11-11 00:00:00,259.69,1,Pärnu,pood,meeste_riided
8527,2024-11-11 00:00:00,225.81,1,null,online,naiste_riided
8580,2024-11-11 00:00:00,204.87,1,null,online,aksessuaarid
8609,2024-11-11 00:00:00,279.39,3,Tallinn,pood,aksessuaarid
8620,2024-11-11 00:00:00,773.55,5,null,online,meeste_riided
8644,2024-11-11 00:00:00,629.96,4,null,online,jalanõusid
8660,2024-11-11 00:00:00,876.25,5,Tallinn,pood,meeste_riided
8732,2024-11-11 00:00:00,203.67,1,Tallinn,pood,meeste_riided
8738,2024-11-11 00:00:00,304.14,1,Tartu,pood,naiste_riided
8742,2024-11-11 00:00:00,113.86,1,Tartu,pood,aksessuaarid
8747,2024-11-11 00:00:00,291.44,2,Tallinn,pood,aksessuaarid
8777,2024-11-11 00:00:00,659.98,2,Tallinn,pood,jalanõusid
8797,2024-11-11 00:00:00,274.37,1,Tallinn,pood,naiste_riided
8843,2024-11-11 00:00:00,750.68,2,Tartu,pood,jalanõusid
8847,2024-11-11 00:00:00,47.07,1,Tartu,pood,aksessuaarid
8515,2024-11-12 00:00:00,270.99,1,null,online,meeste_riided
8540,2024-11-12 00:00:00,777.69,3,null,online,meeste_riided
8667,2024-11-12 00:00:00,594.87,3,Pärnu,pood,meeste_riided
8691,2024-11-12 00:00:00,560.04,2,Tartu,pood,naiste_riided
8694,2024-11-12 00:00:00,15.09,1,null,online,aksessuaarid
8730,2024-11-12 00:00:00,111.26,1,Tallinn,pood,naiste_riided
8733,2024-11-12 00:00:00,1356.75,5,Tartu,pood,jalanõusid
8745,2024-11-12 00:00:00,162.96,2,null,online,jalanõusid
8755,2024-11-12 00:00:00,250.72,2,Tallinn,pood,laste_riided
8790,2024-11-12 00:00:00,210.18,2,Tartu,pood,meeste_riided
8839,2024-11-12 00:00:00,143.42,1,null,online,meeste_riided
8879,2024-11-12 00:00:00,132.30,1,Tallinn,pood,jalanõusid
8887,2024-11-12 00:00:00,421.74,2,Tallinn,pood,meeste_riided
8530,2024-11-13 00:00:00,200.77,1,null,online,naiste_riided
8544,2024-11-13 00:00:00,411.78,2,null,online,aksessuaarid
8587,2024-11-13 00:00:00,-100.40,1,null,online,laste_riided
8588,2024-11-13 00:00:00,637.00,4,Tartu,pood,meeste_riided
8615,2024-11-13 00:00:00,416.70,3,Tallinn,pood,meeste_riided
8640,2024-11-13 00:00:00,78.09,1,Tallinn,pood,naiste_riided
8657,2024-11-13 00:00:00,186.26,2,null,online,aksessuaarid
8662,2024-11-13 00:00:00,138.13,1,null,online,laste_riided
8673,2024-11-13 00:00:00,166.27,1,null,online,naiste_riided
8687,2024-11-13 00:00:00,138.13,1,Tartu,pood,laste_riided
8704,2024-11-13 00:00:00,347.16,1,null,online,meeste_riided
8712,2024-11-13 00:00:00,151.08,1,Pärnu,pood,meeste_riided
8725,2024-11-13 00:00:00,158.94,1,Tallinn,pood,jalanõusid
8737,2024-11-13 00:00:00,47.88,1,Tallinn,pood,aksessuaarid
8792,2024-11-13 00:00:00,69.39,1,Tartu,pood,jalanõusid
8799,2024-11-13 00:00:00,200.77,1,null,online,naiste_riided
8801,2024-11-13 00:00:00,52.04,1,Tallinn,pood,laste_riided
8816,2024-11-13 00:00:00,219.19,1,Tallinn,pood,naiste_riided
8509,2024-11-14 00:00:00,167.16,4,Tallinn,pood,laste_riided
8524,2024-11-14 00:00:00,407.34,2,Tartu,pood,meeste_riided
8539,2024-11-14 00:00:00,273.66,3,Tartu,pood,meeste_riided
8561,2024-11-14 00:00:00,292.61,1,null,online,jalanõusid
8611,2024-11-14 00:00:00,908.58,3,Tartu,pood,jalanõusid
8630,2024-11-14 00:00:00,137.33,1,null,online,meeste_riided
8685,2024-11-14 00:00:00,58.49,1,Tallinn,pood,jalanõusid
8695,2024-11-14 00:00:00,108.09,1,Tartu,pood,naiste_riided
8705,2024-11-14 00:00:00,451.62,2,Pärnu,pood,naiste_riided
8720,2024-11-14 00:00:00,108.09,1,null,online,naiste_riided
8740,2024-11-14 00:00:00,737.94,2,Tartu,pood,jalanõusid
8741,2024-11-14 00:00:00,62.82,1,Tallinn,pood,laste_riided
8820,2024-11-14 00:00:00,353.30,2,Tallinn,pood,aksessuaarid
8827,2024-11-14 00:00:00,269.85,1,null,online,meeste_riided
8831,2024-11-14 00:00:00,913.85,5,null,online,naiste_riided
8838,2024-11-14 00:00:00,301.97,1,Tartu,pood,naiste_riided
8842,2024-11-14 00:00:00,208.15,5,Tartu,pood,naiste_riided
8892,2024-11-14 00:00:00,107.36,1,null,online,laste_riided
8502,2024-11-15 00:00:00,110.02,1,null,online,naiste_riided
8654,2024-11-15 00:00:00,65.52,1,Tartu,pood,jalanõusid
8670,2024-11-15 00:00:00,302.90,2,null,online,laste_riided
8750,2024-11-15 00:00:00,83.58,2,Tallinn,pood,laste_riided
8805,2024-11-15 00:00:00,16.37,1,Tallinn,pood,aksessuaarid
8813,2024-11-15 00:00:00,228.81,1,null,online,jalanõusid
8821,2024-11-15 00:00:00,530.40,2,Tallinn,pood,naiste_riided
8521,2024-11-16 00:00:00,53.19,1,null,online,laste_riided
8549,2024-11-16 00:00:00,73.90,1,Tartu,pood,laste_riided
8554,2024-11-16 00:00:00,110.70,1,null,online,laste_riided
8591,2024-11-16 00:00:00,117.05,1,null,online,aksessuaarid
8607,2024-11-16 00:00:00,107.26,1,null,online,aksessuaarid
8622,2024-11-16 00:00:00,583.71,3,null,online,aksessuaarid
8626,2024-11-16 00:00:00,291.44,2,Tallinn,pood,aksessuaarid
8632,2024-11-16 00:00:00,431.16,2,Tartu,pood,aksessuaarid
8642,2024-11-16 00:00:00,529.95,3,null,online,aksessuaarid
8746,2024-11-16 00:00:00,-22.70,1,Tartu,pood,laste_riided
8775,2024-11-16 00:00:00,411.78,2,null,online,aksessuaarid
8798,2024-11-16 00:00:00,26.62,1,Pärnu,pood,laste_riided
8833,2024-11-16 00:00:00,53.24,2,null,online,laste_riided
8891,2024-11-16 00:00:00,210.87,1,null,online,meeste_riided
8505,2024-11-17 00:00:00,634.05,3,null,online,naiste_riided
8507,2024-11-17 00:00:00,77.60,1,null,online,meeste_riided
8526,2024-11-17 00:00:00,127.38,1,Pärnu,pood,meeste_riided
8543,2024-11-17 00:00:00,466.35,3,Pärnu,pood,aksessuaarid
8576,2024-11-17 00:00:00,234.79,1,Tallinn,pood,meeste_riided
8594,2024-11-17 00:00:00,86.46,1,null,online,laste_riided
8646,2024-11-17 00:00:00,257.32,2,Tartu,pood,jalanõusid
8728,2024-11-17 00:00:00,215.58,1,null,online,aksessuaarid
8787,2024-11-17 00:00:00,29.48,1,null,online,aksessuaarid
8808,2024-11-17 00:00:00,246.97,1,Tallinn,pood,meeste_riided
8846,2024-11-17 00:00:00,274.87,1,null,online,jalanõusid
8856,2024-11-17 00:00:00,282.75,3,Tartu,pood,laste_riided
8862,2024-11-17 00:00:00,548.74,2,Pärnu,pood,naiste_riided
8865,2024-11-17 00:00:00,225.36,2,Pärnu,pood,laste_riided
8885,2024-11-17 00:00:00,337.64,2,null,online,laste_riided
8888,2024-11-17 00:00:00,210.03,3,null,online,meeste_riided
8575,2024-11-18 00:00:00,54.81,1,null,online,laste_riided
8613,2024-11-18 00:00:00,279.43,1,Tartu,pood,meeste_riided
8614,2024-11-18 00:00:00,123.82,1,null,online,meeste_riided
8676,2024-11-18 00:00:00,218.99,1,null,online,naiste_riided
8679,2024-11-18 00:00:00,86.14,1,null,online,laste_riided
8729,2024-11-18 00:00:00,109.62,1,null,online,naiste_riided
8759,2024-11-18 00:00:00,189.30,2,Tallinn,pood,laste_riided
8772,2024-11-18 00:00:00,517.82,2,Pärnu,pood,meeste_riided
8804,2024-11-18 00:00:00,229.55,1,Tallinn,pood,naiste_riided
8834,2024-11-18 00:00:00,305.72,1,null,online,jalanõusid
8871,2024-11-18 00:00:00,338.43,1,Pärnu,pood,meeste_riided
8612,2024-11-19 00:00:00,184.07,1,null,online,meeste_riided
8636,2024-11-19 00:00:00,189.52,4,null,online,laste_riided
8710,2024-11-19 00:00:00,402.28,4,null,online,laste_riided
8807,2024-11-19 00:00:00,1053.99,3,Tallinn,pood,naiste_riided
8844,2024-11-19 00:00:00,127.74,2,null,online,laste_riided
8848,2024-11-19 00:00:00,84.95,1,Pärnu,pood,laste_riided
8512,2024-11-20 00:00:00,74.81,1,null,online,aksessuaarid
8535,2024-11-20 00:00:00,375.34,1,Tartu,pood,jalanõusid
8571,2024-11-20 00:00:00,123.64,1,null,online,laste_riided
8584,2024-11-20 00:00:00,280.02,1,null,online,naiste_riided
8595,2024-11-20 00:00:00,60.10,2,null,online,laste_riided
8633,2024-11-20 00:00:00,106.71,1,Pärnu,pood,aksessuaarid
8664,2024-11-20 00:00:00,205.00,1,null,online,meeste_riided
8688,2024-11-20 00:00:00,373.54,2,null,online,aksessuaarid
8753,2024-11-20 00:00:00,84.95,1,null,online,laste_riided
8765,2024-11-20 00:00:00,65.60,1,Tallinn,pood,aksessuaarid
8771,2024-11-20 00:00:00,243.93,1,Tallinn,pood,meeste_riided
8782,2024-11-20 00:00:00,188.46,3,null,online,laste_riided
8796,2024-11-20 00:00:00,148.82,2,null,online,jalanõusid
8818,2024-11-20 00:00:00,192.22,2,null,online,jalanõusid
8870,2024-11-20 00:00:00,94.14,2,null,online,aksessuaarid
8881,2024-11-20 00:00:00,188.91,1,null,online,aksessuaarid
8563,2024-11-21 00:00:00,94.76,2,Tallinn,pood,laste_riided
8624,2024-11-21 00:00:00,141.05,1,Pärnu,pood,jalanõusid
8628,2024-11-21 00:00:00,63.87,1,null,online,laste_riided
8634,2024-11-21 00:00:00,382.96,2,Tartu,pood,aksessuaarid
8715,2024-11-21 00:00:00,139.74,1,Tartu,pood,naiste_riided
8757,2024-11-21 00:00:00,617.67,3,Tallinn,pood,aksessuaarid
8811,2024-11-21 00:00:00,234.10,2,null,online,aksessuaarid
8822,2024-11-21 00:00:00,716.82,2,Tallinn,pood,jalanõusid
8824,2024-11-21 00:00:00,121.60,2,null,online,laste_riided
8829,2024-11-21 00:00:00,1294.55,5,null,online,meeste_riided
8841,2024-11-21 00:00:00,254.85,3,null,online,laste_riided
8850,2024-11-21 00:00:00,108.09,1,null,online,naiste_riided
8852,2024-11-21 00:00:00,353.30,2,null,online,aksessuaarid
8853,2024-11-21 00:00:00,347.24,2,Pärnu,pood,aksessuaarid
8523,2024-11-22 00:00:00,417.44,2,Tallinn,pood,aksessuaarid
8578,2024-11-22 00:00:00,132.30,1,null,online,jalanõusid
8581,2024-11-22 00:00:00,128.44,1,null,online,laste_riided
8618,2024-11-22 00:00:00,249.69,3,Tartu,pood,naiste_riided
8655,2024-11-22 00:00:00,229.88,2,Tartu,pood,meeste_riided
8671,2024-11-22 00:00:00,144.20,1,Tartu,pood,meeste_riided
8674,2024-11-22 00:00:00,210.58,2,null,online,laste_riided
8693,2024-11-22 00:00:00,1211.44,4,Tallinn,pood,jalanõusid
8721,2024-11-22 00:00:00,232.61,1,Pärnu,pood,jalanõusid
8748,2024-11-22 00:00:00,599.40,3,Tallinn,pood,aksessuaarid
8803,2024-11-22 00:00:00,142.57,1,null,online,meeste_riided
8880,2024-11-22 00:00:00,73.90,1,Tallinn,pood,laste_riided
8504,2024-11-23 00:00:00,221.42,1,Tallinn,pood,jalanõusid
8547,2024-11-23 00:00:00,991.24,4,Pärnu,pood,meeste_riided
8557,2024-11-23 00:00:00,22.70,1,Tallinn,pood,laste_riided
8558,2024-11-23 00:00:00,88.44,3,null,online,aksessuaarid
8566,2024-11-23 00:00:00,296.40,1,null,online,naiste_riided
8601,2024-11-23 00:00:00,358.41,1,Pärnu,pood,jalanõusid
8623,2024-11-23 00:00:00,274.37,1,null,online,naiste_riided
8698,2024-11-23 00:00:00,45.40,2,Pärnu,pood,aksessuaarid
8699,2024-11-23 00:00:00,648.76,2,Tallinn,pood,jalanõusid
8758,2024-11-23 00:00:00,53.99,1,Tallinn,pood,laste_riided
8882,2024-11-23 00:00:00,106.02,2,Tallinn,pood,meeste_riided
8525,2024-11-24 00:00:00,603.94,2,Tallinn,pood,naiste_riided
8565,2024-11-24 00:00:00,1069.71,3,null,online,meeste_riided
8597,2024-11-24 00:00:00,307.24,2,null,online,jalanõusid
8599,2024-11-24 00:00:00,388.92,2,Tallinn,pood,naiste_riided
8658,2024-11-24 00:00:00,407.34,2,Tallinn,pood,meeste_riided
8696,2024-11-24 00:00:00,31.65,1,Tallinn,pood,laste_riided
8718,2024-11-24 00:00:00,282.29,1,Tartu,pood,jalanõusid
8731,2024-11-24 00:00:00,172.28,2,null,online,laste_riided
8784,2024-11-24 00:00:00,288.72,2,null,online,aksessuaarid
8788,2024-11-24 00:00:00,60.37,1,Pärnu,pood,naiste_riided
8830,2024-11-24 00:00:00,62.82,1,Tartu,pood,laste_riided
8860,2024-11-24 00:00:00,411.78,2,Tartu,pood,aksessuaarid
8517,2024-11-25 00:00:00,51.58,1,Tallinn,pood,laste_riided
8546,2024-11-25 00:00:00,776.73,3,Tallinn,pood,meeste_riided
8552,2024-11-25 00:00:00,112.68,1,Tallinn,pood,laste_riided
8569,2024-11-25 00:00:00,-125.37,3,null,online,laste_riided
8582,2024-11-25 00:00:00,583.38,3,Tallinn,pood,naiste_riided
8589,2024-11-25 00:00:00,193.00,2,Tallinn,pood,meeste_riided
8659,2024-11-25 00:00:00,655.26,3,Tallinn,pood,meeste_riided
8680,2024-11-25 00:00:00,84.41,1,Tallinn,pood,jalanõusid
8711,2024-11-25 00:00:00,28.56,1,Tallinn,pood,aksessuaarid
8724,2024-11-25 00:00:00,229.60,2,Tallinn,pood,laste_riided
8756,2024-11-25 00:00:00,163.64,1,Tallinn,pood,jalanõusid
8767,2024-11-25 00:00:00,81.85,1,Tallinn,pood,meeste_riided
8823,2024-11-25 00:00:00,234.79,1,Tartu,pood,meeste_riided
8857,2024-11-25 00:00:00,221.06,2,Pärnu,pood,meeste_riided
8876,2024-11-25 00:00:00,191.74,2,Pärnu,pood,laste_riided
8602,2024-11-26 00:00:00,566.48,4,Tartu,pood,laste_riided
8617,2024-11-26 00:00:00,422.70,2,null,online,naiste_riided
8621,2024-11-26 00:00:00,509.85,3,null,online,aksessuaarid
8637,2024-11-26 00:00:00,62.82,1,Pärnu,pood,laste_riided
8650,2024-11-26 00:00:00,347.16,1,null,online,meeste_riided
8692,2024-11-26 00:00:00,83.26,2,Tallinn,pood,naiste_riided
8766,2024-11-26 00:00:00,274.78,1,Tartu,pood,meeste_riided
8778,2024-11-26 00:00:00,274.50,1,null,online,meeste_riided
8783,2024-11-26 00:00:00,62.56,1,Tallinn,pood,aksessuaarid
8802,2024-11-26 00:00:00,121.60,2,Tallinn,pood,laste_riided
8863,2024-11-26 00:00:00,150.11,1,null,online,naiste_riided
8886,2024-11-26 00:00:00,86.14,1,null,online,laste_riided
8529,2024-11-27 00:00:00,203.67,1,null,online,meeste_riided
8532,2024-11-27 00:00:00,222.10,1,null,online,naiste_riided
8538,2024-11-27 00:00:00,116.20,1,Tallinn,pood,meeste_riided
8572,2024-11-27 00:00:00,581.10,2,null,online,naiste_riided
8627,2024-11-27 00:00:00,51.50,1,null,online,laste_riided
8629,2024-11-27 00:00:00,157.49,1,null,online,jalanõusid
8653,2024-11-27 00:00:00,328.86,3,Tallinn,pood,naiste_riided
8666,2024-11-27 00:00:00,110.08,2,null,online,laste_riided
8754,2024-11-27 00:00:00,704.73,3,Tallinn,pood,jalanõusid
8763,2024-11-27 00:00:00,287.61,3,Tallinn,pood,laste_riided
8768,2024-11-27 00:00:00,213.64,2,Tallinn,pood,laste_riided
8770,2024-11-27 00:00:00,371.46,3,Tallinn,pood,meeste_riided
8809,2024-11-27 00:00:00,708.10,5,Tallinn,pood,laste_riided
8814,2024-11-27 00:00:00,396.84,2,null,online,jalanõusid
8861,2024-11-27 00:00:00,148.82,2,Tallinn,pood,jalanõusid
8878,2024-11-27 00:00:00,111.26,1,Tartu,pood,naiste_riided
8889,2024-11-27 00:00:00,116.98,2,Pärnu,pood,jalanõusid
8522,2024-11-28 00:00:00,666.30,3,Tallinn,pood,naiste_riided
8541,2024-11-28 00:00:00,602.31,3,Tallinn,pood,naiste_riided
8564,2024-11-28 00:00:00,-282.29,1,null,online,jalanõusid
8585,2024-11-28 00:00:00,368.04,2,null,online,aksessuaarid
8598,2024-11-28 00:00:00,152.85,1,null,online,laste_riided
8635,2024-11-28 00:00:00,917.16,3,null,online,jalanõusid
8672,2024-11-28 00:00:00,231.13,1,null,online,aksessuaarid
8700,2024-11-28 00:00:00,60.37,1,Tartu,pood,naiste_riided
8719,2024-11-28 00:00:00,50.85,1,null,online,aksessuaarid
8743,2024-11-28 00:00:00,218.42,1,null,online,meeste_riided
8806,2024-11-28 00:00:00,442.84,2,null,online,jalanõusid
8819,2024-11-28 00:00:00,107.67,1,Tartu,pood,meeste_riided
8854,2024-11-28 00:00:00,1036.92,4,Tallinn,pood,meeste_riided
8855,2024-11-28 00:00:00,360.70,5,Tartu,pood,laste_riided
8868,2024-11-28 00:00:00,160.21,1,Tartu,pood,meeste_riided
8872,2024-11-28 00:00:00,595.26,3,null,online,jalanõusid
8883,2024-11-28 00:00:00,160.91,1,Tallinn,pood,meeste_riided
8519,2024-11-29 00:00:00,498.81,3,null,online,naiste_riided
8528,2024-11-29 00:00:00,221.19,1,Tallinn,pood,jalanõusid
8534,2024-11-29 00:00:00,122.07,1,Tartu,pood,aksessuaarid
8551,2024-11-29 00:00:00,713.14,2,Pärnu,pood,meeste_riided
8555,2024-11-29 00:00:00,109.42,1,null,online,aksessuaarid
8577,2024-11-29 00:00:00,251.91,3,null,online,jalanõusid
8592,2024-11-29 00:00:00,191.48,1,null,online,aksessuaarid
8625,2024-11-29 00:00:00,224.19,1,Tallinn,pood,naiste_riided
8631,2024-11-29 00:00:00,105.23,1,Tallinn,pood,laste_riided
8668,2024-11-29 00:00:00,280.02,1,Tartu,pood,naiste_riided
8702,2024-11-29 00:00:00,117.05,1,null,online,aksessuaarid
8707,2024-11-29 00:00:00,130.02,1,null,online,laste_riided
8760,2024-11-29 00:00:00,140.64,1,Tallinn,pood,laste_riided
8837,2024-11-29 00:00:00,208.72,1,Tallinn,pood,aksessuaarid
8875,2024-11-29 00:00:00,106.71,1,Tallinn,pood,aksessuaarid
8890,2024-11-29 00:00:00,22.04,1,Pärnu,pood,aksessuaarid
8503,2024-11-30 00:00:00,388.90,5,Tartu,pood,laste_riided
8518,2024-11-30 00:00:00,169.90,2,Tartu,pood,laste_riided
8606,2024-11-30 00:00:00,236.90,5,Tallinn,pood,laste_riided
8681,2024-11-30 00:00:00,1043.52,3,Tartu,pood,meeste_riided
8701,2024-11-30 00:00:00,969.72,4,Tartu,pood,meeste_riided
8703,2024-11-30 00:00:00,549.74,2,Pärnu,pood,jalanõusid
8717,2024-11-30 00:00:00,210.87,1,null,online,meeste_riided
8786,2024-11-30 00:00:00,773.55,5,Tallinn,pood,meeste_riided
8858,2024-11-30 00:00:00,106.69,1,Tallinn,pood,meeste_riided
8910,2024-12-01 00:00:00,388.92,2,Tallinn,pood,naiste_riided
8921,2024-12-01 00:00:00,271.35,1,Tallinn,pood,jalanõusid
8933,2024-12-01 00:00:00,41.79,1,Tallinn,pood,laste_riided
8936,2024-12-01 00:00:00,638.84,2,Tallinn,pood,naiste_riided
9001,2024-12-01 00:00:00,1520.70,5,Tallinn,pood,naiste_riided
9017,2024-12-01 00:00:00,663.57,3,null,online,jalanõusid
9139,2024-12-01 00:00:00,278.59,1,Tallinn,pood,meeste_riided
9152,2024-12-01 00:00:00,585.22,2,Tallinn,pood,jalanõusid
9170,2024-12-01 00:00:00,158.94,1,Pärnu,pood,jalanõusid
9182,2024-12-01 00:00:00,675.84,3,Tartu,pood,aksessuaarid
9225,2024-12-01 00:00:00,291.36,1,Tallinn,pood,naiste_riided
9237,2024-12-01 00:00:00,605.58,3,Tartu,pood,meeste_riided
9308,2024-12-01 00:00:00,256.74,2,Tallinn,pood,laste_riided
9367,2024-12-01 00:00:00,295.16,2,Tartu,pood,jalanõusid
9396,2024-12-01 00:00:00,130.36,1,Tartu,pood,naiste_riided
9397,2024-12-01 00:00:00,484.86,2,null,online,meeste_riided
8907,2024-12-02 00:00:00,153.62,1,Pärnu,pood,jalanõusid
8911,2024-12-02 00:00:00,229.55,1,Tallinn,pood,naiste_riided
9024,2024-12-02 00:00:00,140.64,1,null,online,laste_riided
9030,2024-12-02 00:00:00,375.34,1,null,online,jalanõusid
9037,2024-12-02 00:00:00,54.81,1,null,online,laste_riided
9146,2024-12-02 00:00:00,1054.86,3,Tallinn,pood,meeste_riided
9202,2024-12-02 00:00:00,51.58,1,Pärnu,pood,laste_riided
9232,2024-12-02 00:00:00,121.98,1,null,online,aksessuaarid
9248,2024-12-02 00:00:00,168.82,1,Tallinn,pood,laste_riided
9313,2024-12-02 00:00:00,203.25,3,Pärnu,pood,jalanõusid
8928,2024-12-03 00:00:00,151.08,1,null,online,meeste_riided
8966,2024-12-03 00:00:00,290.55,1,null,online,naiste_riided
8996,2024-12-03 00:00:00,246.97,1,null,online,meeste_riided
9011,2024-12-03 00:00:00,234.10,2,Tallinn,pood,aksessuaarid
9015,2024-12-03 00:00:00,243.96,2,Tartu,pood,aksessuaarid
9026,2024-12-03 00:00:00,166.52,4,Tartu,pood,naiste_riided
9051,2024-12-03 00:00:00,41.79,1,Tallinn,pood,laste_riided
9070,2024-12-03 00:00:00,307.27,1,null,online,jalanõusid
9120,2024-12-03 00:00:00,16.62,1,Tartu,pood,aksessuaarid
9157,2024-12-03 00:00:00,106.21,1,Tallinn,pood,laste_riided
9181,2024-12-03 00:00:00,191.48,1,Tartu,pood,aksessuaarid
9221,2024-12-03 00:00:00,828.60,3,Tallinn,pood,naiste_riided
9255,2024-12-03 00:00:00,823.50,3,Tallinn,pood,meeste_riided
9289,2024-12-03 00:00:00,438.38,2,Tallinn,pood,naiste_riided
9319,2024-12-03 00:00:00,165.12,3,Tallinn,pood,laste_riided
9324,2024-12-03 00:00:00,1498.16,4,Tartu,pood,meeste_riided
9325,2024-12-03 00:00:00,51.58,1,null,online,laste_riided
9369,2024-12-03 00:00:00,70.01,1,Tartu,pood,meeste_riided
9407,2024-12-03 00:00:00,154.74,3,Pärnu,pood,laste_riided
9435,2024-12-03 00:00:00,205.00,1,null,online,meeste_riided
8897,2024-12-04 00:00:00,58.96,2,Tartu,pood,aksessuaarid
8906,2024-12-04 00:00:00,247.81,1,Tartu,pood,meeste_riided
8989,2024-12-04 00:00:00,250.72,2,null,online,laste_riided
9006,2024-12-04 00:00:00,48.58,1,null,online,laste_riided
9036,2024-12-04 00:00:00,304.26,2,Tallinn,pood,meeste_riided
9041,2024-12-04 00:00:00,194.46,1,Tallinn,pood,naiste_riided
9078,2024-12-04 00:00:00,83.58,2,Tartu,pood,laste_riided
9079,2024-12-04 00:00:00,1277.68,4,Tartu,pood,naiste_riided
9097,2024-12-04 00:00:00,149.55,1,Tartu,pood,aksessuaarid
9100,2024-12-04 00:00:00,989.97,3,Tallinn,pood,jalanõusid
9172,2024-12-04 00:00:00,113.86,1,Tallinn,pood,aksessuaarid
9178,2024-12-04 00:00:00,247.28,2,Tallinn,pood,laste_riided
9184,2024-12-04 00:00:00,161.97,3,Tartu,pood,laste_riided
9210,2024-12-04 00:00:00,246.97,1,Tartu,pood,meeste_riided
9211,2024-12-04 00:00:00,207.23,1,Tartu,pood,jalanõusid
9212,2024-12-04 00:00:00,1501.36,4,Tallinn,pood,jalanõusid
9382,2024-12-04 00:00:00,272.60,2,Tartu,pood,laste_riided
9441,2024-12-04 00:00:00,336.68,2,Tallinn,pood,naiste_riided
8912,2024-12-05 00:00:00,678.42,2,null,online,jalanõusid
8926,2024-12-05 00:00:00,48.58,1,Tartu,pood,laste_riided
8947,2024-12-05 00:00:00,112.68,1,null,online,laste_riided
8953,2024-12-05 00:00:00,30.18,2,Tartu,pood,aksessuaarid
8956,2024-12-05 00:00:00,431.16,2,Tartu,pood,aksessuaarid
8965,2024-12-05 00:00:00,1107.10,5,Tallinn,pood,jalanõusid
8992,2024-12-05 00:00:00,140.64,1,Pärnu,pood,laste_riided
9044,2024-12-05 00:00:00,704.73,3,Tallinn,pood,jalanõusid
9061,2024-12-05 00:00:00,506.52,2,Tartu,pood,meeste_riided
9114,2024-12-05 00:00:00,96.11,1,Tallinn,pood,jalanõusid
9168,2024-12-05 00:00:00,81.85,1,Tallinn,pood,meeste_riided
9176,2024-12-05 00:00:00,1150.30,5,null,online,meeste_riided
9200,2024-12-05 00:00:00,209.70,2,Tallinn,pood,laste_riided
9244,2024-12-05 00:00:00,112.68,1,null,online,laste_riided
9245,2024-12-05 00:00:00,82.15,1,Pärnu,pood,meeste_riided
9253,2024-12-05 00:00:00,1528.60,5,null,online,jalanõusid
9257,2024-12-05 00:00:00,116.98,2,Tallinn,pood,jalanõusid
9310,2024-12-05 00:00:00,149.40,2,Tallinn,pood,jalanõusid
9346,2024-12-05 00:00:00,632.61,3,Tallinn,pood,meeste_riided
9365,2024-12-05 00:00:00,-63.62,1,Tartu,pood,jalanõusid
9405,2024-12-05 00:00:00,78.09,1,Tallinn,pood,naiste_riided
9419,2024-12-05 00:00:00,274.66,2,null,online,meeste_riided
9428,2024-12-05 00:00:00,565.90,2,Tallinn,pood,naiste_riided
8925,2024-12-06 00:00:00,320.42,2,Tallinn,pood,meeste_riided
8969,2024-12-06 00:00:00,144.28,2,Tallinn,pood,laste_riided
8983,2024-12-06 00:00:00,405.14,2,Tallinn,pood,naiste_riided
8994,2024-12-06 00:00:00,110.53,1,Pärnu,pood,meeste_riided
9048,2024-12-06 00:00:00,296.40,1,null,online,naiste_riided
9049,2024-12-06 00:00:00,442.84,2,Tallinn,pood,jalanõusid
9084,2024-12-06 00:00:00,42.64,1,null,online,naiste_riided
9086,2024-12-06 00:00:00,665.10,2,null,online,meeste_riided
9088,2024-12-06 00:00:00,221.42,1,Tartu,pood,jalanõusid
9151,2024-12-06 00:00:00,749.08,2,Tallinn,pood,meeste_riided
9156,2024-12-06 00:00:00,273.06,1,null,online,jalanõusid
9194,2024-12-06 00:00:00,329.99,1,Tartu,pood,jalanõusid
9195,2024-12-06 00:00:00,889.20,3,Tallinn,pood,naiste_riided
9222,2024-12-06 00:00:00,388.00,5,Tallinn,pood,meeste_riided
9287,2024-12-06 00:00:00,204.87,1,Tartu,pood,aksessuaarid
9296,2024-12-06 00:00:00,154.71,1,Tartu,pood,meeste_riided
9297,2024-12-06 00:00:00,420.72,2,null,online,jalanõusid
9332,2024-12-06 00:00:00,291.72,1,Tartu,pood,jalanõusid
9353,2024-12-06 00:00:00,74.81,1,Tallinn,pood,aksessuaarid
9388,2024-12-06 00:00:00,693.40,2,Tallinn,pood,naiste_riided
9439,2024-12-06 00:00:00,151.08,1,null,online,meeste_riided
8900,2024-12-07 00:00:00,110.53,1,Tallinn,pood,meeste_riided
8903,2024-12-07 00:00:00,164.30,2,null,online,meeste_riided
8908,2024-12-07 00:00:00,716.82,2,Tartu,pood,jalanõusid
8917,2024-12-07 00:00:00,187.65,3,null,online,jalanõusid
8922,2024-12-07 00:00:00,73.62,3,null,online,laste_riided
8998,2024-12-07 00:00:00,296.58,1,Pärnu,pood,meeste_riided
9020,2024-12-07 00:00:00,120.17,1,null,online,jalanõusid
9093,2024-12-07 00:00:00,561.48,3,null,online,jalanõusid
9096,2024-12-07 00:00:00,358.70,2,null,online,naiste_riided
9164,2024-12-07 00:00:00,350.05,5,Tartu,pood,meeste_riided
9186,2024-12-07 00:00:00,424.86,3,Pärnu,pood,laste_riided
9239,2024-12-07 00:00:00,84.54,1,null,online,jalanõusid
9315,2024-12-07 00:00:00,276.26,2,Tallinn,pood,laste_riided
9344,2024-12-07 00:00:00,844.10,5,Tallinn,pood,laste_riided
9384,2024-12-07 00:00:00,53.99,1,Tartu,pood,laste_riided
9425,2024-12-07 00:00:00,95.39,1,Tallinn,pood,aksessuaarid
9432,2024-12-07 00:00:00,124.35,1,null,online,meeste_riided
8905,2024-12-08 00:00:00,188.91,1,Pärnu,pood,aksessuaarid
8935,2024-12-08 00:00:00,377.82,2,null,online,aksessuaarid
8972,2024-12-08 00:00:00,130.02,1,Tallinn,pood,laste_riided
8975,2024-12-08 00:00:00,438.38,2,Tallinn,pood,naiste_riided
9010,2024-12-08 00:00:00,549.56,2,Tallinn,pood,meeste_riided
9042,2024-12-08 00:00:00,34.04,1,null,online,laste_riided
9053,2024-12-08 00:00:00,517.82,2,null,online,meeste_riided
9142,2024-12-08 00:00:00,138.90,1,null,online,meeste_riided
9153,2024-12-08 00:00:00,51.50,1,null,online,laste_riided
9180,2024-12-08 00:00:00,564.58,2,null,online,jalanõusid
9199,2024-12-08 00:00:00,281.19,1,Tallinn,pood,meeste_riided
9204,2024-12-08 00:00:00,1174.55,5,Tallinn,pood,jalanõusid
9227,2024-12-08 00:00:00,100.93,1,Pärnu,pood,meeste_riided
9271,2024-12-08 00:00:00,210.58,2,null,online,laste_riided
9292,2024-12-08 00:00:00,46.90,2,null,online,aksessuaarid
9361,2024-12-08 00:00:00,210.58,2,Tartu,pood,laste_riided
9389,2024-12-08 00:00:00,153.11,1,null,online,aksessuaarid
9434,2024-12-08 00:00:00,316.04,1,null,online,meeste_riided
8961,2024-12-09 00:00:00,121.60,2,Tallinn,pood,laste_riided
8962,2024-12-09 00:00:00,94.25,1,null,online,laste_riided
8973,2024-12-09 00:00:00,603.94,2,null,online,naiste_riided
9110,2024-12-09 00:00:00,935.80,5,Tallinn,pood,jalanõusid
9121,2024-12-09 00:00:00,133.10,5,null,online,laste_riided
9145,2024-12-09 00:00:00,178.58,2,null,online,meeste_riided
9161,2024-12-09 00:00:00,218.99,1,Tallinn,pood,naiste_riided
9167,2024-12-09 00:00:00,93.70,1,null,online,meeste_riided
9220,2024-12-09 00:00:00,63.87,1,Tartu,pood,laste_riided
9242,2024-12-09 00:00:00,54.81,1,null,online,laste_riided
9256,2024-12-09 00:00:00,53.01,1,Tallinn,pood,meeste_riided
9276,2024-12-09 00:00:00,271.00,4,null,online,jalanõusid
9279,2024-12-09 00:00:00,51.10,1,null,online,aksessuaarid
9345,2024-12-09 00:00:00,217.80,3,Tallinn,pood,laste_riided
9378,2024-12-09 00:00:00,45.40,2,Tallinn,pood,aksessuaarid
9385,2024-12-09 00:00:00,296.40,1,null,online,naiste_riided
9413,2024-12-09 00:00:00,506.52,2,null,online,meeste_riided
9438,2024-12-09 00:00:00,231.13,1,null,online,aksessuaarid
8918,2024-12-10 00:00:00,402.62,1,Tallinn,pood,jalanõusid
8954,2024-12-10 00:00:00,194.46,1,null,online,naiste_riided
8958,2024-12-10 00:00:00,265.20,1,Tallinn,pood,naiste_riided
8995,2024-12-10 00:00:00,544.10,2,null,online,naiste_riided
9028,2024-12-10 00:00:00,123.82,1,null,online,meeste_riided
9085,2024-12-10 00:00:00,178.78,2,Tallinn,pood,meeste_riided
9108,2024-12-10 00:00:00,74.70,1,null,online,jalanõusid
9148,2024-12-10 00:00:00,78.09,1,null,online,naiste_riided
9263,2024-12-10 00:00:00,127.38,1,null,online,meeste_riided
9364,2024-12-10 00:00:00,302.86,1,Tartu,pood,jalanõusid
9374,2024-12-10 00:00:00,231.13,1,null,online,aksessuaarid
9400,2024-12-10 00:00:00,101.26,1,Tartu,pood,laste_riided
9406,2024-12-10 00:00:00,678.42,2,null,online,jalanõusid
8895,2024-12-11 00:00:00,171.24,3,Tallinn,pood,aksessuaarid
9021,2024-12-11 00:00:00,163.64,1,Pärnu,pood,jalanõusid
9056,2024-12-11 00:00:00,1411.45,5,Tallinn,pood,jalanõusid
9065,2024-12-11 00:00:00,166.27,1,null,online,naiste_riided
9095,2024-12-11 00:00:00,141.05,1,null,online,jalanõusid
9137,2024-12-11 00:00:00,221.19,1,Tartu,pood,jalanõusid
9140,2024-12-11 00:00:00,624.33,3,Tallinn,pood,meeste_riided
9160,2024-12-11 00:00:00,407.34,2,Tartu,pood,meeste_riided
9185,2024-12-11 00:00:00,-216.18,2,null,online,naiste_riided
9198,2024-12-11 00:00:00,1635.35,5,Tartu,pood,meeste_riided
9258,2024-12-11 00:00:00,675.84,3,Tallinn,pood,aksessuaarid
9260,2024-12-11 00:00:00,184.15,1,null,online,aksessuaarid
9330,2024-12-11 00:00:00,50.77,1,null,online,naiste_riided
9340,2024-12-11 00:00:00,594.87,3,Tallinn,pood,meeste_riided
9391,2024-12-11 00:00:00,896.76,4,Tallinn,pood,naiste_riided
9421,2024-12-11 00:00:00,1113.15,3,null,online,jalanõusid
9431,2024-12-11 00:00:00,251.52,1,null,online,jalanõusid
9440,2024-12-11 00:00:00,491.18,2,Tallinn,pood,naiste_riided
8913,2024-12-12 00:00:00,648.76,2,null,online,jalanõusid
8916,2024-12-12 00:00:00,529.95,3,Tallinn,pood,aksessuaarid
8923,2024-12-12 00:00:00,229.60,2,Tallinn,pood,laste_riided
8931,2024-12-12 00:00:00,252.10,1,Tartu,pood,jalanõusid
8967,2024-12-12 00:00:00,86.46,1,null,online,laste_riided
9054,2024-12-12 00:00:00,312.26,2,Tallinn,pood,aksessuaarid
9083,2024-12-12 00:00:00,278.59,1,Tallinn,pood,meeste_riided
9119,2024-12-12 00:00:00,439.66,2,null,online,aksessuaarid
9183,2024-12-12 00:00:00,104.08,2,Pärnu,pood,laste_riided
9230,2024-12-12 00:00:00,230.06,1,null,online,meeste_riided
9273,2024-12-12 00:00:00,627.15,3,Tallinn,pood,naiste_riided
9286,2024-12-12 00:00:00,145.50,1,null,online,jalanõusid
9299,2024-12-12 00:00:00,690.18,3,Tartu,pood,meeste_riided
9300,2024-12-12 00:00:00,42.64,1,Tallinn,pood,naiste_riided
9392,2024-12-12 00:00:00,838.29,3,null,online,meeste_riided
8948,2024-12-13 00:00:00,803.08,4,null,online,naiste_riided
8971,2024-12-13 00:00:00,158.51,1,Tallinn,pood,naiste_riided
8993,2024-12-13 00:00:00,237.71,1,null,online,naiste_riided
9055,2024-12-13 00:00:00,138.90,1,Tallinn,pood,meeste_riided
9081,2024-12-13 00:00:00,47.38,1,Tartu,pood,laste_riided
9131,2024-12-13 00:00:00,159.25,1,null,online,meeste_riided
9149,2024-12-13 00:00:00,482.26,2,null,online,jalanõusid
9162,2024-12-13 00:00:00,247.64,2,null,online,meeste_riided
9187,2024-12-13 00:00:00,1107.10,5,null,online,jalanõusid
9192,2024-12-13 00:00:00,1124.76,4,null,online,meeste_riided
9218,2024-12-13 00:00:00,78.09,1,Tallinn,pood,naiste_riided
9228,2024-12-13 00:00:00,621.75,5,null,online,meeste_riided
9335,2024-12-13 00:00:00,288.56,4,Tallinn,pood,laste_riided
9341,2024-12-13 00:00:00,162.86,1,null,online,naiste_riided
9349,2024-12-13 00:00:00,105.23,1,null,online,laste_riided
9414,2024-12-13 00:00:00,1113.15,3,null,online,jalanõusid
8914,2024-12-14 00:00:00,493.94,2,Tallinn,pood,meeste_riided
8939,2024-12-14 00:00:00,237.71,1,Tallinn,pood,naiste_riided
8946,2024-12-14 00:00:00,607.55,5,Tartu,pood,jalanõusid
8957,2024-12-14 00:00:00,93.70,1,Tallinn,pood,meeste_riided
8963,2024-12-14 00:00:00,286.84,2,null,online,meeste_riided
8988,2024-12-14 00:00:00,70.01,1,Tallinn,pood,meeste_riided
9012,2024-12-14 00:00:00,406.78,2,Tartu,pood,aksessuaarid
9027,2024-12-14 00:00:00,54.81,1,Tartu,pood,laste_riided
9050,2024-12-14 00:00:00,327.28,2,Pärnu,pood,jalanõusid
9072,2024-12-14 00:00:00,213.64,2,null,online,laste_riided
9123,2024-12-14 00:00:00,634.04,4,Tallinn,pood,naiste_riided
9129,2024-12-14 00:00:00,221.06,2,Tartu,pood,meeste_riided
9205,2024-12-14 00:00:00,149.47,1,null,online,aksessuaarid
9241,2024-12-14 00:00:00,58.49,1,Tartu,pood,jalanõusid
9290,2024-12-14 00:00:00,263.13,1,Tartu,pood,naiste_riided
9323,2024-12-14 00:00:00,469.58,2,null,online,meeste_riided
9410,2024-12-14 00:00:00,329.99,1,null,online,jalanõusid
9426,2024-12-14 00:00:00,65.60,1,null,online,aksessuaarid
8899,2024-12-15 00:00:00,269.88,2,null,online,aksessuaarid
8919,2024-12-15 00:00:00,270.69,1,Tallinn,pood,jalanõusid
8920,2024-12-15 00:00:00,558.86,2,Tartu,pood,meeste_riided
8949,2024-12-15 00:00:00,607.71,3,Pärnu,pood,naiste_riided
8978,2024-12-15 00:00:00,146.55,3,null,online,meeste_riided
9066,2024-12-15 00:00:00,229.88,2,null,online,meeste_riided
9087,2024-12-15 00:00:00,307.83,1,Tartu,pood,naiste_riided
9090,2024-12-15 00:00:00,107.98,2,Tallinn,pood,laste_riided
9091,2024-12-15 00:00:00,66.21,1,null,online,laste_riided
9094,2024-12-15 00:00:00,740.91,3,Tallinn,pood,meeste_riided
9134,2024-12-15 00:00:00,493.94,2,Pärnu,pood,meeste_riided
9240,2024-12-15 00:00:00,972.85,5,Tallinn,pood,aksessuaarid
9278,2024-12-15 00:00:00,416.22,2,null,online,meeste_riided
9285,2024-12-15 00:00:00,32.93,1,null,online,naiste_riided
9288,2024-12-15 00:00:00,639.96,2,null,online,jalanõusid
9291,2024-12-15 00:00:00,460.86,3,null,online,jalanõusid
8964,2024-12-16 00:00:00,513.99,3,null,online,meeste_riided
8968,2024-12-16 00:00:00,175.25,1,null,online,meeste_riided
8990,2024-12-16 00:00:00,178.78,2,null,online,meeste_riided
8999,2024-12-16 00:00:00,231.13,1,null,online,aksessuaarid
9003,2024-12-16 00:00:00,49.34,2,Pärnu,pood,laste_riided
9007,2024-12-16 00:00:00,259.23,1,null,online,meeste_riided
9025,2024-12-16 00:00:00,147.92,1,Tartu,pood,laste_riided
9060,2024-12-16 00:00:00,491.18,2,Tallinn,pood,naiste_riided
9173,2024-12-16 00:00:00,141.62,1,Tallinn,pood,laste_riided
9215,2024-12-16 00:00:00,756.99,3,Pärnu,pood,naiste_riided
9247,2024-12-16 00:00:00,298.71,3,Tallinn,pood,laste_riided
9264,2024-12-16 00:00:00,-144.28,2,null,online,laste_riided
9267,2024-12-16 00:00:00,22.04,1,null,online,aksessuaarid
9352,2024-12-16 00:00:00,-117.05,1,null,online,aksessuaarid
9390,2024-12-16 00:00:00,28.56,1,null,online,aksessuaarid
9422,2024-12-16 00:00:00,35.68,1,Tallinn,pood,laste_riided
9423,2024-12-16 00:00:00,274.37,1,Tallinn,pood,naiste_riided
9430,2024-12-16 00:00:00,258.91,1,Tallinn,pood,meeste_riided
8909,2024-12-17 00:00:00,259.23,1,Tartu,pood,meeste_riided
8951,2024-12-17 00:00:00,121.98,1,Tallinn,pood,aksessuaarid
9004,2024-12-17 00:00:00,755.40,5,null,online,meeste_riided
9016,2024-12-17 00:00:00,218.54,1,Tartu,pood,jalanõusid
9214,2024-12-17 00:00:00,375.34,1,null,online,jalanõusid
9284,2024-12-17 00:00:00,46.90,2,Tallinn,pood,aksessuaarid
9336,2024-12-17 00:00:00,776.73,3,Tartu,pood,meeste_riided
9360,2024-12-17 00:00:00,402.62,1,null,online,jalanõusid
9412,2024-12-17 00:00:00,47.07,1,Tallinn,pood,aksessuaarid
8950,2024-12-18 00:00:00,149.40,2,Pärnu,pood,jalanõusid
9014,2024-12-18 00:00:00,81.48,1,Tartu,pood,jalanõusid
9089,2024-12-18 00:00:00,71.36,2,null,online,laste_riided
9197,2024-12-18 00:00:00,114.16,2,null,online,aksessuaarid
9201,2024-12-18 00:00:00,210.76,1,null,online,naiste_riided
9259,2024-12-18 00:00:00,438.38,2,Tallinn,pood,naiste_riided
9293,2024-12-18 00:00:00,252.33,1,Tartu,pood,naiste_riided
9295,2024-12-18 00:00:00,964.52,4,Tallinn,pood,jalanõusid
9347,2024-12-18 00:00:00,163.70,2,null,online,meeste_riided
9375,2024-12-18 00:00:00,250.17,1,null,online,naiste_riided
9402,2024-12-18 00:00:00,442.74,3,Tartu,pood,jalanõusid
8904,2024-12-19 00:00:00,230.06,1,null,online,meeste_riided
8938,2024-12-19 00:00:00,47.36,2,Pärnu,pood,laste_riided
8944,2024-12-19 00:00:00,319.42,1,null,online,naiste_riided
9029,2024-12-19 00:00:00,286.17,3,null,online,aksessuaarid
9031,2024-12-19 00:00:00,190.81,1,null,online,jalanõusid
9035,2024-12-19 00:00:00,877.83,3,Tallinn,pood,jalanõusid
9092,2024-12-19 00:00:00,219.24,2,Tartu,pood,naiste_riided
9105,2024-12-19 00:00:00,108.09,1,Tartu,pood,naiste_riided
9126,2024-12-19 00:00:00,538.05,3,null,online,naiste_riided
9127,2024-12-19 00:00:00,632.08,2,Tartu,pood,meeste_riided
9158,2024-12-19 00:00:00,189.30,2,Tallinn,pood,laste_riided
9190,2024-12-19 00:00:00,136.30,1,Pärnu,pood,laste_riided
9269,2024-12-19 00:00:00,196.91,1,null,online,meeste_riided
9320,2024-12-19 00:00:00,306.22,2,Tallinn,pood,aksessuaarid
9354,2024-12-19 00:00:00,130.73,1,Pärnu,pood,laste_riided
9393,2024-12-19 00:00:00,178.58,2,Tartu,pood,meeste_riided
9403,2024-12-19 00:00:00,110.08,2,null,online,laste_riided
9415,2024-12-19 00:00:00,55.04,1,null,online,laste_riided
9442,2024-12-19 00:00:00,168.82,1,Tallinn,pood,laste_riided
8927,2024-12-20 00:00:00,199.14,2,null,online,laste_riided
8986,2024-12-20 00:00:00,388.90,5,null,online,laste_riided
9008,2024-12-20 00:00:00,374.80,4,null,online,meeste_riided
9040,2024-12-20 00:00:00,189.30,2,Tallinn,pood,laste_riided
9047,2024-12-20 00:00:00,553.94,2,Tallinn,pood,jalanõusid
9103,2024-12-20 00:00:00,222.52,2,Tallinn,pood,naiste_riided
9111,2024-12-20 00:00:00,53.01,1,Tallinn,pood,meeste_riided
9135,2024-12-20 00:00:00,30.05,1,Tallinn,pood,laste_riided
9219,2024-12-20 00:00:00,350.19,1,null,online,jalanõusid
9277,2024-12-20 00:00:00,303.78,3,Tartu,pood,laste_riided
9294,2024-12-20 00:00:00,426.76,4,Tallinn,pood,meeste_riided
9303,2024-12-20 00:00:00,94.76,2,Tartu,pood,laste_riided
9305,2024-12-20 00:00:00,132.30,1,Tallinn,pood,jalanõusid
9351,2024-12-20 00:00:00,237.71,1,Tallinn,pood,naiste_riided
9401,2024-12-20 00:00:00,368.14,2,Tallinn,pood,meeste_riided
9418,2024-12-20 00:00:00,327.06,2,null,online,meeste_riided
8930,2024-12-21 00:00:00,-569.30,5,Tallinn,pood,aksessuaarid
8985,2024-12-21 00:00:00,65.86,2,Pärnu,pood,naiste_riided
9013,2024-12-21 00:00:00,-83.58,2,null,online,laste_riided
9018,2024-12-21 00:00:00,122.07,1,null,online,aksessuaarid
9067,2024-12-21 00:00:00,1163.05,5,null,online,jalanõusid
9069,2024-12-21 00:00:00,139.74,1,Tartu,pood,naiste_riided
9099,2024-12-21 00:00:00,721.00,5,null,online,meeste_riided
9130,2024-12-21 00:00:00,45.21,1,null,online,aksessuaarid
9136,2024-12-21 00:00:00,182.77,1,null,online,naiste_riided
9143,2024-12-21 00:00:00,31.65,1,null,online,laste_riided
9216,2024-12-21 00:00:00,94.95,3,Tallinn,pood,laste_riided
9234,2024-12-21 00:00:00,332.54,2,Tallinn,pood,naiste_riided
9304,2024-12-21 00:00:00,182.77,1,Tallinn,pood,naiste_riided
9312,2024-12-21 00:00:00,626.16,3,Pärnu,pood,aksessuaarid
9331,2024-12-21 00:00:00,283.24,2,Tartu,pood,laste_riided
9355,2024-12-21 00:00:00,53.99,1,Tallinn,pood,laste_riided
9356,2024-12-21 00:00:00,53.58,2,Pärnu,pood,aksessuaarid
9358,2024-12-21 00:00:00,144.20,1,Tallinn,pood,meeste_riided
9387,2024-12-21 00:00:00,350.19,1,null,online,jalanõusid
8941,2024-12-22 00:00:00,438.48,4,Tartu,pood,naiste_riided
8942,2024-12-22 00:00:00,107.04,3,Tartu,pood,laste_riided
8945,2024-12-22 00:00:00,276.20,1,null,online,naiste_riided
9032,2024-12-22 00:00:00,167.23,1,Pärnu,pood,laste_riided
9046,2024-12-22 00:00:00,176.16,2,Tartu,pood,laste_riided
9071,2024-12-22 00:00:00,53.19,1,null,online,laste_riided
9074,2024-12-22 00:00:00,631.08,3,null,online,jalanõusid
9077,2024-12-22 00:00:00,389.14,2,null,online,aksessuaarid
9112,2024-12-22 00:00:00,-469.58,2,Tallinn,pood,meeste_riided
9191,2024-12-22 00:00:00,136.30,1,Tartu,pood,laste_riided
9217,2024-12-22 00:00:00,256.88,2,Tallinn,pood,laste_riided
9246,2024-12-22 00:00:00,565.90,2,null,online,naiste_riided
9249,2024-12-22 00:00:00,248.70,2,null,online,meeste_riided
9262,2024-12-22 00:00:00,181.68,1,Pärnu,pood,aksessuaarid
9265,2024-12-22 00:00:00,85.28,2,Pärnu,pood,naiste_riided
9316,2024-12-22 00:00:00,224.10,3,null,online,jalanõusid
9318,2024-12-22 00:00:00,35.68,1,null,online,laste_riided
9328,2024-12-22 00:00:00,147.58,1,Tallinn,pood,jalanõusid
9350,2024-12-22 00:00:00,26.79,1,null,online,aksessuaarid
9368,2024-12-22 00:00:00,366.21,3,Tartu,pood,aksessuaarid
9370,2024-12-22 00:00:00,482.26,2,null,online,jalanõusid
9371,2024-12-22 00:00:00,341.58,3,Tallinn,pood,aksessuaarid
9372,2024-12-22 00:00:00,244.14,2,Tartu,pood,aksessuaarid
9379,2024-12-22 00:00:00,1029.45,5,Tallinn,pood,aksessuaarid
9386,2024-12-22 00:00:00,310.90,2,null,online,aksessuaarid
9417,2024-12-22 00:00:00,280.13,1,Tartu,pood,jalanõusid
9420,2024-12-22 00:00:00,124.89,3,Tallinn,pood,naiste_riided
8898,2024-12-23 00:00:00,254.76,2,null,online,meeste_riided
8979,2024-12-23 00:00:00,188.91,1,null,online,aksessuaarid
8980,2024-12-23 00:00:00,727.29,3,null,online,meeste_riided
8982,2024-12-23 00:00:00,566.48,4,Tallinn,pood,laste_riided
9022,2024-12-23 00:00:00,147.16,1,null,online,aksessuaarid
9058,2024-12-23 00:00:00,95.39,1,Tartu,pood,aksessuaarid
9064,2024-12-23 00:00:00,312.26,2,null,online,aksessuaarid
9076,2024-12-23 00:00:00,244.14,2,null,online,aksessuaarid
9106,2024-12-23 00:00:00,121.51,1,null,online,jalanõusid
9128,2024-12-23 00:00:00,250.17,1,Tartu,pood,naiste_riided
9235,2024-12-23 00:00:00,96.50,1,Tartu,pood,meeste_riided
9250,2024-12-23 00:00:00,319.42,1,Pärnu,pood,naiste_riided
9275,2024-12-23 00:00:00,93.13,1,Tartu,pood,aksessuaarid
9302,2024-12-23 00:00:00,73.62,3,null,online,laste_riided
9309,2024-12-23 00:00:00,558.86,2,Tartu,pood,meeste_riided
9334,2024-12-23 00:00:00,639.96,2,null,online,jalanõusid
9348,2024-12-23 00:00:00,749.08,2,Tallinn,pood,meeste_riided
9359,2024-12-23 00:00:00,107.67,1,Tallinn,pood,meeste_riided
9408,2024-12-23 00:00:00,253.26,1,null,online,meeste_riided
9427,2024-12-23 00:00:00,514.78,2,Tallinn,pood,naiste_riided
9437,2024-12-23 00:00:00,871.65,3,Tallinn,pood,naiste_riided
8893,2024-12-24 00:00:00,736.77,3,null,online,naiste_riided
9000,2024-12-24 00:00:00,158.94,1,null,online,jalanõusid
9045,2024-12-24 00:00:00,-558.96,4,Tallinn,pood,naiste_riided
9059,2024-12-24 00:00:00,100.40,1,null,online,laste_riided
9104,2024-12-24 00:00:00,414.39,3,Tallinn,pood,laste_riided
9113,2024-12-24 00:00:00,156.18,2,Tartu,pood,naiste_riided
9125,2024-12-24 00:00:00,605.72,2,null,online,jalanõusid
9133,2024-12-24 00:00:00,277.80,2,Tallinn,pood,meeste_riided
9144,2024-12-24 00:00:00,407.34,2,Pärnu,pood,meeste_riided
9166,2024-12-24 00:00:00,62.55,1,null,online,jalanõusid
9209,2024-12-24 00:00:00,106.82,1,null,online,laste_riided
9252,2024-12-24 00:00:00,277.80,2,null,online,meeste_riided
9326,2024-12-24 00:00:00,332.54,2,Tallinn,pood,naiste_riided
9338,2024-12-24 00:00:00,76.70,1,null,online,naiste_riided
9339,2024-12-24 00:00:00,171.33,1,Tallinn,pood,meeste_riided
9357,2024-12-24 00:00:00,747.35,5,Tartu,pood,aksessuaarid
9363,2024-12-24 00:00:00,215.58,1,null,online,aksessuaarid
9394,2024-12-24 00:00:00,53.01,1,Tallinn,pood,meeste_riided
8896,2024-12-25 00:00:00,78.09,1,Tartu,pood,naiste_riided
8924,2024-12-25 00:00:00,104.27,1,Tartu,pood,laste_riided
8940,2024-12-25 00:00:00,518.46,2,Tartu,pood,meeste_riided
8943,2024-12-25 00:00:00,171.33,1,Tartu,pood,meeste_riided
8952,2024-12-25 00:00:00,127.38,1,null,online,meeste_riided
8987,2024-12-25 00:00:00,356.57,1,Pärnu,pood,meeste_riided
9039,2024-12-25 00:00:00,247.52,1,null,online,naiste_riided
9117,2024-12-25 00:00:00,110.02,1,Tartu,pood,naiste_riided
9138,2024-12-25 00:00:00,121.51,1,Tartu,pood,jalanõusid
9179,2024-12-25 00:00:00,22.70,1,Tartu,pood,laste_riided
9203,2024-12-25 00:00:00,60.10,2,Tallinn,pood,laste_riided
9208,2024-12-25 00:00:00,281.28,2,Tallinn,pood,laste_riided
9231,2024-12-25 00:00:00,320.07,3,Pärnu,pood,meeste_riided
9236,2024-12-25 00:00:00,45.21,1,Pärnu,pood,aksessuaarid
9238,2024-12-25 00:00:00,259.69,1,Tallinn,pood,meeste_riided
9311,2024-12-25 00:00:00,151.08,1,Tallinn,pood,meeste_riided
9376,2024-12-25 00:00:00,698.70,5,Tallinn,pood,naiste_riided
9411,2024-12-25 00:00:00,95.39,1,Tallinn,pood,aksessuaarid
9122,2024-12-26 00:00:00,162.96,2,null,online,jalanõusid
9124,2024-12-26 00:00:00,16.62,1,Pärnu,pood,aksessuaarid
9141,2024-12-26 00:00:00,106.69,1,Pärnu,pood,meeste_riided
9174,2024-12-26 00:00:00,324.27,3,Tartu,pood,naiste_riided
9196,2024-12-26 00:00:00,247.52,1,null,online,naiste_riided
9224,2024-12-26 00:00:00,69.39,1,null,online,jalanõusid
9243,2024-12-26 00:00:00,281.19,1,Pärnu,pood,meeste_riided
9261,2024-12-26 00:00:00,-160.71,1,null,online,meeste_riided
9268,2024-12-26 00:00:00,145.50,1,null,online,jalanõusid
9270,2024-12-26 00:00:00,194.57,1,null,online,aksessuaarid
9317,2024-12-26 00:00:00,160.78,2,Tallinn,pood,laste_riided
9321,2024-12-26 00:00:00,247.52,1,Tallinn,pood,naiste_riided
9333,2024-12-26 00:00:00,542.70,2,Tallinn,pood,jalanõusid
9366,2024-12-26 00:00:00,493.94,2,Tartu,pood,meeste_riided
9395,2024-12-26 00:00:00,141.05,1,null,online,jalanõusid
9398,2024-12-26 00:00:00,281.19,1,null,online,meeste_riided
9416,2024-12-26 00:00:00,63.62,1,null,online,jalanõusid
8902,2024-12-27 00:00:00,245.59,1,Tallinn,pood,naiste_riided
8977,2024-12-27 00:00:00,29.48,1,Tartu,pood,aksessuaarid
8981,2024-12-27 00:00:00,740.91,3,null,online,meeste_riided
9009,2024-12-27 00:00:00,632.08,2,null,online,meeste_riided
9023,2024-12-27 00:00:00,96.11,1,Tartu,pood,jalanõusid
9033,2024-12-27 00:00:00,274.66,2,Tartu,pood,meeste_riided
9082,2024-12-27 00:00:00,51.50,1,null,online,laste_riided
9102,2024-12-27 00:00:00,495.04,2,Tartu,pood,naiste_riided
9132,2024-12-27 00:00:00,47.38,1,null,online,laste_riided
9298,2024-12-27 00:00:00,312.80,5,null,online,aksessuaarid
9306,2024-12-27 00:00:00,173.62,1,Tallinn,pood,aksessuaarid
9381,2024-12-27 00:00:00,26.79,1,Tallinn,pood,aksessuaarid
9383,2024-12-27 00:00:00,274.78,1,null,online,meeste_riided
9429,2024-12-27 00:00:00,735.80,5,Tartu,pood,aksessuaarid
9436,2024-12-27 00:00:00,221.89,1,Tallinn,pood,naiste_riided
8929,2024-12-28 00:00:00,263.13,1,Tartu,pood,naiste_riided
8955,2024-12-28 00:00:00,290.55,1,null,online,naiste_riided
8976,2024-12-28 00:00:00,123.64,1,Tallinn,pood,laste_riided
9005,2024-12-28 00:00:00,695.68,2,Tartu,pood,meeste_riided
9068,2024-12-28 00:00:00,713.14,2,Tallinn,pood,meeste_riided
9075,2024-12-28 00:00:00,429.44,4,null,online,laste_riided
9107,2024-12-28 00:00:00,62.56,1,null,online,aksessuaarid
9115,2024-12-28 00:00:00,127.92,3,Tallinn,pood,naiste_riided
9147,2024-12-28 00:00:00,332.54,2,Tartu,pood,naiste_riided
9155,2024-12-28 00:00:00,145.46,2,Tallinn,pood,naiste_riided
9165,2024-12-28 00:00:00,136.30,1,Tallinn,pood,laste_riided
9169,2024-12-28 00:00:00,176.16,2,null,online,laste_riided
9206,2024-12-28 00:00:00,243.93,1,Tallinn,pood,meeste_riided
9251,2024-12-28 00:00:00,200.80,2,Tartu,pood,laste_riided
9314,2024-12-28 00:00:00,546.12,2,Tallinn,pood,jalanõusid
9322,2024-12-28 00:00:00,113.86,1,null,online,aksessuaarid
9329,2024-12-28 00:00:00,89.39,1,Tallinn,pood,meeste_riided
9362,2024-12-28 00:00:00,1032.60,5,Tallinn,pood,naiste_riided
8894,2024-12-29 00:00:00,465.65,5,null,online,aksessuaarid
8915,2024-12-29 00:00:00,319.98,1,Tallinn,pood,jalanõusid
8959,2024-12-29 00:00:00,1264.16,4,Tartu,pood,meeste_riided
8974,2024-12-29 00:00:00,700.38,2,Pärnu,pood,jalanõusid
9002,2024-12-29 00:00:00,482.26,2,null,online,jalanõusid
9034,2024-12-29 00:00:00,546.12,2,Tartu,pood,jalanõusid
9038,2024-12-29 00:00:00,135.99,1,Tartu,pood,naiste_riided
9052,2024-12-29 00:00:00,1114.36,4,Tallinn,pood,meeste_riided
9101,2024-12-29 00:00:00,634.05,3,Tallinn,pood,naiste_riided
9177,2024-12-29 00:00:00,125.98,1,Tallinn,pood,naiste_riided
9193,2024-12-29 00:00:00,145.72,1,Tallinn,pood,aksessuaarid
9223,2024-12-29 00:00:00,205.89,1,null,online,aksessuaarid
9272,2024-12-29 00:00:00,153.62,1,Tallinn,pood,jalanõusid
9274,2024-12-29 00:00:00,214.52,2,Tartu,pood,aksessuaarid
9281,2024-12-29 00:00:00,218.99,1,null,online,naiste_riided
9327,2024-12-29 00:00:00,201.86,2,null,online,meeste_riided
9342,2024-12-29 00:00:00,448.38,2,null,online,naiste_riided
9343,2024-12-29 00:00:00,70.01,1,null,online,meeste_riided
9377,2024-12-29 00:00:00,760.65,5,Pärnu,pood,meeste_riided
9399,2024-12-29 00:00:00,610.17,3,null,online,aksessuaarid
9424,2024-12-29 00:00:00,95.87,1,null,online,laste_riided
9433,2024-12-29 00:00:00,421.52,2,Tallinn,pood,naiste_riided
8901,2024-12-30 00:00:00,139.74,1,null,online,naiste_riided
8932,2024-12-30 00:00:00,117.05,1,Tallinn,pood,aksessuaarid
8934,2024-12-30 00:00:00,1054.35,5,null,online,meeste_riided
8960,2024-12-30 00:00:00,213.64,2,null,online,laste_riided
8970,2024-12-30 00:00:00,206.34,1,Tallinn,pood,jalanõusid
9019,2024-12-30 00:00:00,458.02,2,Tallinn,pood,meeste_riided
9043,2024-12-30 00:00:00,138.78,2,Tartu,pood,jalanõusid
9057,2024-12-30 00:00:00,346.70,1,Tallinn,pood,naiste_riided
9062,2024-12-30 00:00:00,205.89,1,Tartu,pood,aksessuaarid
9073,2024-12-30 00:00:00,82.15,1,Tartu,pood,meeste_riided
9098,2024-12-30 00:00:00,407.34,2,Tartu,pood,meeste_riided
9109,2024-12-30 00:00:00,76.70,1,Tartu,pood,naiste_riided
9159,2024-12-30 00:00:00,111.26,1,Tallinn,pood,naiste_riided
9163,2024-12-30 00:00:00,151.08,1,null,online,meeste_riided
9171,2024-12-30 00:00:00,319.98,1,Tallinn,pood,jalanõusid
9175,2024-12-30 00:00:00,638.84,2,null,online,naiste_riided
9188,2024-12-30 00:00:00,331.59,3,null,online,meeste_riided
9213,2024-12-30 00:00:00,207.23,1,Tallinn,pood,jalanõusid
9282,2024-12-30 00:00:00,462.26,2,Tallinn,pood,aksessuaarid
9283,2024-12-30 00:00:00,41.63,1,null,online,naiste_riided
9307,2024-12-30 00:00:00,159.18,2,Tallinn,pood,meeste_riided
9337,2024-12-30 00:00:00,220.04,2,null,online,naiste_riided
9380,2024-12-30 00:00:00,274.66,2,null,online,meeste_riided
9404,2024-12-30 00:00:00,451.62,2,Tallinn,pood,naiste_riided
9409,2024-12-30 00:00:00,104.27,1,null,online,laste_riided
8937,2024-12-31 00:00:00,243.93,1,Tallinn,pood,meeste_riided
8984,2024-12-31 00:00:00,583.44,2,Tallinn,pood,jalanõusid
8991,2024-12-31 00:00:00,259.23,1,null,online,meeste_riided
8997,2024-12-31 00:00:00,229.01,1,null,online,meeste_riided
9063,2024-12-31 00:00:00,959.94,3,null,online,jalanõusid
9080,2024-12-31 00:00:00,679.80,4,null,online,aksessuaarid
9116,2024-12-31 00:00:00,191.48,1,Pärnu,pood,aksessuaarid
9118,2024-12-31 00:00:00,549.00,2,Tallinn,pood,meeste_riided
9150,2024-12-31 00:00:00,566.73,3,Tartu,pood,aksessuaarid
9154,2024-12-31 00:00:00,89.29,1,Tallinn,pood,meeste_riided
9189,2024-12-31 00:00:00,107.36,1,Tallinn,pood,laste_riided
9207,2024-12-31 00:00:00,243.93,1,Tallinn,pood,meeste_riided
9226,2024-12-31 00:00:00,363.36,2,null,online,aksessuaarid
9229,2024-12-31 00:00:00,221.06,2,Tallinn,pood,meeste_riided
9233,2024-12-31 00:00:00,204.87,1,Tallinn,pood,aksessuaarid
9254,2024-12-31 00:00:00,482.26,2,Pärnu,pood,jalanõusid
9266,2024-12-31 00:00:00,180.14,1,null,online,naiste_riided
9280,2024-12-31 00:00:00,168.82,2,Tartu,pood,jalanõusid
9301,2024-12-31 00:00:00,71.36,2,Tallinn,pood,laste_riided
9373,2024-12-31 00:00:00,320.42,2,Tallinn,pood,meeste_riided
9510,2025-01-01 00:00:00,204.87,1,Tartu,pood,aksessuaarid
9532,2025-01-01 00:00:00,446.95,5,Tartu,pood,meeste_riided
9553,2025-01-01 00:00:00,-265.20,1,Pärnu,pood,naiste_riided
9568,2025-01-01 00:00:00,219.38,1,null,online,aksessuaarid
9607,2025-01-01 00:00:00,107.67,1,null,online,meeste_riided
9620,2025-01-01 00:00:00,147.16,1,Tallinn,pood,aksessuaarid
9654,2025-01-01 00:00:00,107.26,1,null,online,aksessuaarid
9685,2025-01-01 00:00:00,200.80,2,null,online,laste_riided
9687,2025-01-01 00:00:00,1400.65,5,null,online,jalanõusid
9700,2025-01-01 00:00:00,93.13,1,null,online,aksessuaarid
9741,2025-01-01 00:00:00,147.16,1,null,online,aksessuaarid
9748,2025-01-01 00:00:00,144.28,2,null,online,laste_riided
9487,2025-01-02 00:00:00,169.90,2,null,online,laste_riided
9512,2025-01-02 00:00:00,186.26,2,null,online,aksessuaarid
9524,2025-01-02 00:00:00,184.02,1,Tallinn,pood,aksessuaarid
9543,2025-01-02 00:00:00,650.10,5,null,online,laste_riided
9572,2025-01-02 00:00:00,823.50,3,Tartu,pood,meeste_riided
9598,2025-01-02 00:00:00,224.19,1,null,online,naiste_riided
9652,2025-01-02 00:00:00,506.52,2,Tallinn,pood,meeste_riided
9691,2025-01-02 00:00:00,403.72,2,null,online,meeste_riided
9730,2025-01-02 00:00:00,307.27,1,null,online,jalanõusid
9750,2025-01-02 00:00:00,117.05,1,null,online,aksessuaarid
9762,2025-01-02 00:00:00,142.57,1,Tallinn,pood,meeste_riided
9518,2025-01-03 00:00:00,90.15,3,null,online,laste_riided
9622,2025-01-03 00:00:00,273.32,1,Tallinn,pood,jalanõusid
9674,2025-01-03 00:00:00,560.26,2,Tartu,pood,jalanõusid
9707,2025-01-03 00:00:00,125.10,2,Tartu,pood,jalanõusid
9710,2025-01-03 00:00:00,141.62,1,Tartu,pood,laste_riided
9721,2025-01-03 00:00:00,130.73,1,Pärnu,pood,laste_riided
9461,2025-01-04 00:00:00,111.26,1,Tallinn,pood,naiste_riided
9468,2025-01-04 00:00:00,53.24,2,Tallinn,pood,laste_riided
9537,2025-01-04 00:00:00,42.64,1,null,online,naiste_riided
9549,2025-01-04 00:00:00,86.46,1,Tallinn,pood,laste_riided
9583,2025-01-04 00:00:00,202.57,1,null,online,naiste_riided
9627,2025-01-04 00:00:00,307.83,1,Tallinn,pood,naiste_riided
9655,2025-01-04 00:00:00,208.11,1,null,online,meeste_riided
9664,2025-01-04 00:00:00,896.75,5,Tallinn,pood,naiste_riided
9724,2025-01-04 00:00:00,269.88,2,null,online,aksessuaarid
9732,2025-01-04 00:00:00,155.84,1,Tallinn,pood,aksessuaarid
9738,2025-01-04 00:00:00,243.96,2,null,online,aksessuaarid
9754,2025-01-04 00:00:00,99.57,1,Tallinn,pood,laste_riided
9450,2025-01-05 00:00:00,127.24,2,null,online,jalanõusid
9479,2025-01-05 00:00:00,149.47,1,Pärnu,pood,aksessuaarid
9484,2025-01-05 00:00:00,263.13,1,null,online,naiste_riided
9515,2025-01-05 00:00:00,381.56,4,null,online,aksessuaarid
9535,2025-01-05 00:00:00,105.23,1,null,online,laste_riided
9610,2025-01-05 00:00:00,552.40,2,Tallinn,pood,naiste_riided
9618,2025-01-05 00:00:00,257.32,2,Pärnu,pood,jalanõusid
9624,2025-01-05 00:00:00,219.19,1,null,online,naiste_riided
9636,2025-01-05 00:00:00,371.05,1,Tallinn,pood,jalanõusid
9645,2025-01-05 00:00:00,116.10,3,Tallinn,pood,laste_riided
9686,2025-01-05 00:00:00,131.20,2,null,online,aksessuaarid
9689,2025-01-05 00:00:00,1094.95,5,null,online,naiste_riided
9693,2025-01-05 00:00:00,100.40,1,null,online,laste_riided
9702,2025-01-05 00:00:00,17.97,1,Tartu,pood,aksessuaarid
9719,2025-01-05 00:00:00,731.79,3,Tallinn,pood,meeste_riided
9746,2025-01-05 00:00:00,164.30,2,null,online,meeste_riided
9756,2025-01-05 00:00:00,727.29,3,null,online,meeste_riided
9758,2025-01-05 00:00:00,282.29,1,Tallinn,pood,jalanõusid
9446,2025-01-06 00:00:00,204.87,1,Tallinn,pood,aksessuaarid
9454,2025-01-06 00:00:00,194.46,1,Tallinn,pood,naiste_riided
9457,2025-01-06 00:00:00,737.34,2,Tartu,pood,jalanõusid
9458,2025-01-06 00:00:00,443.76,3,Tallinn,pood,laste_riided
9460,2025-01-06 00:00:00,285.14,2,Pärnu,pood,meeste_riided
9536,2025-01-06 00:00:00,29.48,1,null,online,aksessuaarid
9552,2025-01-06 00:00:00,493.94,2,Tallinn,pood,meeste_riided
9566,2025-01-06 00:00:00,590.73,3,Tallinn,pood,meeste_riided
9589,2025-01-06 00:00:00,68.08,2,null,online,laste_riided
9614,2025-01-06 00:00:00,423.15,3,Tartu,pood,jalanõusid
9650,2025-01-06 00:00:00,368.30,2,Tallinn,pood,aksessuaarid
9667,2025-01-06 00:00:00,374.32,2,null,online,jalanõusid
9669,2025-01-06 00:00:00,541.98,2,Tartu,pood,meeste_riided
9675,2025-01-06 00:00:00,160.71,1,Tallinn,pood,meeste_riided
9755,2025-01-06 00:00:00,351.33,1,Tallinn,pood,naiste_riided
9462,2025-01-07 00:00:00,83.23,1,Pärnu,pood,naiste_riided
9465,2025-01-07 00:00:00,539.76,4,null,online,aksessuaarid
9507,2025-01-07 00:00:00,346.70,1,Pärnu,pood,naiste_riided
9528,2025-01-07 00:00:00,149.62,2,null,online,aksessuaarid
9548,2025-01-07 00:00:00,107.26,1,Tartu,pood,aksessuaarid
9554,2025-01-07 00:00:00,279.43,1,Pärnu,pood,meeste_riided
9555,2025-01-07 00:00:00,757.25,5,null,online,laste_riided
9561,2025-01-07 00:00:00,53.24,2,Tallinn,pood,laste_riided
9571,2025-01-07 00:00:00,81.48,1,null,online,jalanõusid
9592,2025-01-07 00:00:00,144.20,1,Tartu,pood,meeste_riided
9593,2025-01-07 00:00:00,242.43,1,null,online,meeste_riided
9602,2025-01-07 00:00:00,742.10,2,Pärnu,pood,jalanõusid
9626,2025-01-07 00:00:00,62.55,1,Tallinn,pood,jalanõusid
9651,2025-01-07 00:00:00,253.26,1,Tallinn,pood,meeste_riided
9657,2025-01-07 00:00:00,-253.26,1,null,online,meeste_riided
9671,2025-01-07 00:00:00,139.74,1,Tallinn,pood,naiste_riided
9739,2025-01-07 00:00:00,375.34,1,null,online,jalanõusid
9481,2025-01-08 00:00:00,1736.32,4,null,online,jalanõusid
9483,2025-01-08 00:00:00,495.04,2,Tartu,pood,naiste_riided
9498,2025-01-08 00:00:00,437.08,2,null,online,jalanõusid
9502,2025-01-08 00:00:00,112.68,1,Tartu,pood,laste_riided
9511,2025-01-08 00:00:00,122.07,1,null,online,aksessuaarid
9643,2025-01-08 00:00:00,296.04,3,null,online,laste_riided
9716,2025-01-08 00:00:00,232.40,2,null,online,meeste_riided
9729,2025-01-08 00:00:00,107.36,1,null,online,laste_riided
9525,2025-01-09 00:00:00,159.25,1,Tallinn,pood,meeste_riided
9533,2025-01-09 00:00:00,106.82,1,null,online,laste_riided
9558,2025-01-09 00:00:00,912.42,3,Tallinn,pood,naiste_riided
9630,2025-01-09 00:00:00,63.95,1,Pärnu,pood,jalanõusid
9670,2025-01-09 00:00:00,83.10,1,Tartu,pood,meeste_riided
9676,2025-01-09 00:00:00,202.52,2,Tartu,pood,laste_riided
9704,2025-01-09 00:00:00,595.26,3,null,online,jalanõusid
9718,2025-01-09 00:00:00,105.09,1,null,online,meeste_riided
9731,2025-01-09 00:00:00,302.16,2,null,online,meeste_riided
9749,2025-01-09 00:00:00,296.58,1,null,online,meeste_riided
9766,2025-01-09 00:00:00,62.56,1,Pärnu,pood,aksessuaarid
9470,2025-01-10 00:00:00,366.62,2,Pärnu,pood,aksessuaarid
9527,2025-01-10 00:00:00,47.88,1,Tallinn,pood,aksessuaarid
9542,2025-01-10 00:00:00,272.60,2,Tartu,pood,laste_riided
9544,2025-01-10 00:00:00,163.64,1,Tallinn,pood,jalanõusid
9545,2025-01-10 00:00:00,319.98,1,Tallinn,pood,jalanõusid
9551,2025-01-10 00:00:00,160.71,1,Tallinn,pood,meeste_riided
9573,2025-01-10 00:00:00,338.43,1,Pärnu,pood,meeste_riided
9575,2025-01-10 00:00:00,189.30,2,null,online,laste_riided
9595,2025-01-10 00:00:00,139.74,1,null,online,naiste_riided
9625,2025-01-10 00:00:00,125.10,2,Tartu,pood,jalanõusid
9644,2025-01-10 00:00:00,1239.05,5,Tallinn,pood,meeste_riided
9728,2025-01-10 00:00:00,154.71,1,Tartu,pood,meeste_riided
9763,2025-01-10 00:00:00,84.41,1,Tartu,pood,jalanõusid
9447,2025-01-11 00:00:00,877.83,3,Pärnu,pood,jalanõusid
9452,2025-01-11 00:00:00,50.77,1,null,online,naiste_riided
9547,2025-01-11 00:00:00,316.04,1,Tallinn,pood,meeste_riided
9550,2025-01-11 00:00:00,110.02,1,Tallinn,pood,naiste_riided
9586,2025-01-11 00:00:00,552.06,3,null,online,aksessuaarid
9596,2025-01-11 00:00:00,131.04,2,Tallinn,pood,jalanõusid
9609,2025-01-11 00:00:00,358.70,2,null,online,naiste_riided
9617,2025-01-11 00:00:00,448.38,2,Tallinn,pood,naiste_riided
9641,2025-01-11 00:00:00,163.64,1,Tallinn,pood,jalanõusid
9682,2025-01-11 00:00:00,122.45,1,null,online,naiste_riided
9751,2025-01-11 00:00:00,-82.15,1,Pärnu,pood,meeste_riided
9445,2025-01-12 00:00:00,421.52,2,null,online,naiste_riided
9463,2025-01-12 00:00:00,555.60,4,null,online,meeste_riided
9466,2025-01-12 00:00:00,257.32,2,Tartu,pood,jalanõusid
9534,2025-01-12 00:00:00,593.16,2,Tallinn,pood,meeste_riided
9574,2025-01-12 00:00:00,319.42,1,Tallinn,pood,naiste_riided
9581,2025-01-12 00:00:00,204.87,1,null,online,aksessuaarid
9621,2025-01-12 00:00:00,282.95,1,Tallinn,pood,naiste_riided
9629,2025-01-12 00:00:00,225.36,2,Pärnu,pood,laste_riided
9742,2025-01-12 00:00:00,814.68,4,null,online,meeste_riided
9486,2025-01-13 00:00:00,448.65,3,Tartu,pood,aksessuaarid
9490,2025-01-13 00:00:00,267.52,4,Pärnu,pood,aksessuaarid
9577,2025-01-13 00:00:00,840.39,3,null,online,jalanõusid
9578,2025-01-13 00:00:00,368.30,2,null,online,aksessuaarid
9588,2025-01-13 00:00:00,1544.20,5,Tallinn,pood,naiste_riided
9590,2025-01-13 00:00:00,336.68,2,Tallinn,pood,naiste_riided
9633,2025-01-13 00:00:00,152.13,1,null,online,meeste_riided
9653,2025-01-13 00:00:00,871.65,3,null,online,naiste_riided
9681,2025-01-13 00:00:00,134.94,1,null,online,aksessuaarid
9709,2025-01-13 00:00:00,918.20,4,null,online,naiste_riided
9444,2025-01-14 00:00:00,94.65,1,null,online,laste_riided
9467,2025-01-14 00:00:00,664.26,3,Tallinn,pood,jalanõusid
9480,2025-01-14 00:00:00,233.34,3,null,online,laste_riided
9523,2025-01-14 00:00:00,274.50,1,Tartu,pood,meeste_riided
9584,2025-01-14 00:00:00,109.62,1,Tallinn,pood,naiste_riided
9634,2025-01-14 00:00:00,110.53,1,Pärnu,pood,meeste_riided
9640,2025-01-14 00:00:00,-154.71,1,Pärnu,pood,meeste_riided
9673,2025-01-14 00:00:00,651.80,5,null,online,naiste_riided
9677,2025-01-14 00:00:00,190.81,1,null,online,jalanõusid
9678,2025-01-14 00:00:00,94.65,1,Tartu,pood,laste_riided
9680,2025-01-14 00:00:00,133.76,2,Tallinn,pood,aksessuaarid
9706,2025-01-14 00:00:00,132.30,1,Tallinn,pood,jalanõusid
9456,2025-01-15 00:00:00,462.26,2,null,online,aksessuaarid
9488,2025-01-15 00:00:00,152.31,3,Tallinn,pood,naiste_riided
9493,2025-01-15 00:00:00,377.94,3,Tartu,pood,naiste_riided
9519,2025-01-15 00:00:00,592.80,2,Tallinn,pood,naiste_riided
9560,2025-01-15 00:00:00,32.93,1,null,online,naiste_riided
9565,2025-01-15 00:00:00,472.47,3,null,online,jalanõusid
9594,2025-01-15 00:00:00,204.87,1,Tartu,pood,aksessuaarid
9613,2025-01-15 00:00:00,145.20,2,null,online,laste_riided
9684,2025-01-15 00:00:00,1736.32,4,Tallinn,pood,jalanõusid
9740,2025-01-15 00:00:00,107.67,1,Tallinn,pood,meeste_riided
9768,2025-01-15 00:00:00,88.08,1,Tartu,pood,laste_riided
9494,2025-01-16 00:00:00,768.10,5,Tallinn,pood,jalanõusid
9496,2025-01-16 00:00:00,104.85,1,Tallinn,pood,laste_riided
9557,2025-01-16 00:00:00,106.82,1,Tartu,pood,laste_riided
9567,2025-01-16 00:00:00,210.36,1,null,online,jalanõusid
9569,2025-01-16 00:00:00,272.05,1,null,online,naiste_riided
9576,2025-01-16 00:00:00,541.38,2,Tallinn,pood,jalanõusid
9582,2025-01-16 00:00:00,252.10,1,Tallinn,pood,jalanõusid
9605,2025-01-16 00:00:00,130.00,2,Tallinn,pood,jalanõusid
9714,2025-01-16 00:00:00,252.84,2,Tallinn,pood,meeste_riided
9715,2025-01-16 00:00:00,314.55,3,Tallinn,pood,laste_riided
9725,2025-01-16 00:00:00,47.88,1,Tallinn,pood,aksessuaarid
9737,2025-01-16 00:00:00,916.04,4,Tartu,pood,meeste_riided
9759,2025-01-16 00:00:00,145.20,2,Pärnu,pood,laste_riided
9455,2025-01-17 00:00:00,223.23,3,Pärnu,pood,jalanõusid
9521,2025-01-17 00:00:00,574.44,3,null,online,aksessuaarid
9564,2025-01-17 00:00:00,22.04,1,Tartu,pood,aksessuaarid
9694,2025-01-17 00:00:00,141.62,1,Tallinn,pood,laste_riided
9695,2025-01-17 00:00:00,121.60,2,null,online,laste_riided
9703,2025-01-17 00:00:00,437.16,3,Tartu,pood,aksessuaarid
9727,2025-01-17 00:00:00,443.78,2,Tartu,pood,naiste_riided
9475,2025-01-18 00:00:00,291.36,1,Tallinn,pood,naiste_riided
9505,2025-01-18 00:00:00,-312.75,5,null,online,jalanõusid
9506,2025-01-18 00:00:00,402.62,1,Tallinn,pood,jalanõusid
9522,2025-01-18 00:00:00,1520.70,5,Tartu,pood,naiste_riided
9585,2025-01-18 00:00:00,47.88,1,null,online,aksessuaarid
9600,2025-01-18 00:00:00,24.67,1,null,online,laste_riided
9619,2025-01-18 00:00:00,317.02,2,Tallinn,pood,naiste_riided
9647,2025-01-18 00:00:00,274.66,2,Tartu,pood,meeste_riided
9658,2025-01-18 00:00:00,63.62,1,Tartu,pood,jalanõusid
9698,2025-01-18 00:00:00,210.87,1,Tallinn,pood,meeste_riided
9459,2025-01-19 00:00:00,167.23,1,Tartu,pood,laste_riided
9556,2025-01-19 00:00:00,1374.35,5,Tallinn,pood,jalanõusid
9579,2025-01-19 00:00:00,282.29,1,Tallinn,pood,jalanõusid
9712,2025-01-19 00:00:00,23.45,1,Pärnu,pood,aksessuaarid
9720,2025-01-19 00:00:00,259.69,1,null,online,meeste_riided
9473,2025-01-20 00:00:00,188.50,2,null,online,laste_riided
9491,2025-01-20 00:00:00,605.58,3,null,online,meeste_riided
9499,2025-01-20 00:00:00,382.14,3,Tallinn,pood,meeste_riided
9514,2025-01-20 00:00:00,-376.33,1,Tallinn,pood,jalanõusid
9517,2025-01-20 00:00:00,358.41,1,Tallinn,pood,jalanõusid
9559,2025-01-20 00:00:00,145.72,1,Tallinn,pood,aksessuaarid
9599,2025-01-20 00:00:00,327.28,2,Pärnu,pood,jalanõusid
9601,2025-01-20 00:00:00,411.78,2,Pärnu,pood,aksessuaarid
9606,2025-01-20 00:00:00,442.38,2,null,online,jalanõusid
9736,2025-01-20 00:00:00,144.20,1,null,online,meeste_riided
9464,2025-01-21 00:00:00,320.46,3,Tartu,pood,laste_riided
9531,2025-01-21 00:00:00,16.37,1,Tartu,pood,aksessuaarid
9538,2025-01-21 00:00:00,229.01,1,null,online,meeste_riided
9591,2025-01-21 00:00:00,101.54,2,Tallinn,pood,naiste_riided
9603,2025-01-21 00:00:00,204.87,1,null,online,aksessuaarid
9638,2025-01-21 00:00:00,151.08,1,Tartu,pood,meeste_riided
9688,2025-01-21 00:00:00,74.81,1,Tallinn,pood,aksessuaarid
9764,2025-01-21 00:00:00,594.87,3,Tallinn,pood,meeste_riided
9765,2025-01-21 00:00:00,686.43,3,null,online,jalanõusid
9477,2025-01-22 00:00:00,186.77,1,Tartu,pood,aksessuaarid
9478,2025-01-22 00:00:00,86.14,1,Tallinn,pood,laste_riided
9504,2025-01-22 00:00:00,218.42,1,Tallinn,pood,meeste_riided
9520,2025-01-22 00:00:00,1129.05,5,Tartu,pood,naiste_riided
9642,2025-01-22 00:00:00,261.46,2,null,online,laste_riided
9648,2025-01-22 00:00:00,178.58,2,null,online,meeste_riided
9649,2025-01-22 00:00:00,110.08,2,null,online,laste_riided
9661,2025-01-22 00:00:00,100.57,1,null,online,laste_riided
9672,2025-01-22 00:00:00,310.90,2,Pärnu,pood,aksessuaarid
9683,2025-01-22 00:00:00,274.78,1,null,online,meeste_riided
9690,2025-01-22 00:00:00,74.70,1,Tartu,pood,jalanõusid
9701,2025-01-22 00:00:00,458.02,2,Tallinn,pood,meeste_riided
9713,2025-01-22 00:00:00,337.64,2,null,online,laste_riided
9717,2025-01-22 00:00:00,203.08,4,Tallinn,pood,naiste_riided
9733,2025-01-22 00:00:00,149.47,1,Tallinn,pood,aksessuaarid
9757,2025-01-22 00:00:00,495.04,2,Pärnu,pood,naiste_riided
9767,2025-01-22 00:00:00,107.36,1,Tallinn,pood,laste_riided
9495,2025-01-23 00:00:00,252.33,1,Tartu,pood,naiste_riided
9508,2025-01-23 00:00:00,199.14,2,Tartu,pood,laste_riided
9529,2025-01-23 00:00:00,363.36,2,Tallinn,pood,aksessuaarid
9570,2025-01-23 00:00:00,84.41,1,Tartu,pood,jalanõusid
9615,2025-01-23 00:00:00,243.93,1,Tartu,pood,meeste_riided
9616,2025-01-23 00:00:00,420.72,2,null,online,jalanõusid
9646,2025-01-23 00:00:00,84.41,1,Tartu,pood,jalanõusid
9708,2025-01-23 00:00:00,155.45,1,Tallinn,pood,aksessuaarid
9451,2025-01-24 00:00:00,1234.85,5,Tallinn,pood,meeste_riided
9489,2025-01-24 00:00:00,67.75,1,null,online,jalanõusid
9541,2025-01-24 00:00:00,221.40,2,Tartu,pood,laste_riided
9563,2025-01-24 00:00:00,402.62,1,null,online,jalanõusid
9587,2025-01-24 00:00:00,17.97,1,Tallinn,pood,aksessuaarid
9660,2025-01-24 00:00:00,139.74,1,null,online,naiste_riided
9679,2025-01-24 00:00:00,147.92,1,Tartu,pood,laste_riided
9692,2025-01-24 00:00:00,373.50,5,null,online,jalanõusid
9699,2025-01-24 00:00:00,106.71,1,Tallinn,pood,aksessuaarid
9711,2025-01-24 00:00:00,356.57,1,Tartu,pood,meeste_riided
9745,2025-01-24 00:00:00,409.74,2,Tallinn,pood,aksessuaarid
9752,2025-01-24 00:00:00,464.13,3,Tallinn,pood,meeste_riided
9509,2025-01-25 00:00:00,214.52,2,Tallinn,pood,aksessuaarid
9663,2025-01-25 00:00:00,756.30,3,null,online,jalanõusid
9697,2025-01-25 00:00:00,160.91,1,null,online,meeste_riided
9453,2025-01-26 00:00:00,54.81,1,Tallinn,pood,laste_riided
9500,2025-01-26 00:00:00,332.54,2,Tallinn,pood,naiste_riided
9540,2025-01-26 00:00:00,23.68,1,null,online,laste_riided
9562,2025-01-26 00:00:00,229.60,2,Pärnu,pood,laste_riided
9639,2025-01-26 00:00:00,80.39,1,Tallinn,pood,laste_riided
9656,2025-01-26 00:00:00,178.78,2,Tartu,pood,meeste_riided
9666,2025-01-26 00:00:00,583.44,2,null,online,jalanõusid
9735,2025-01-26 00:00:00,121.51,1,Tallinn,pood,jalanõusid
9472,2025-01-27 00:00:00,101.26,1,Pärnu,pood,laste_riided
9501,2025-01-27 00:00:00,194.46,1,Tallinn,pood,naiste_riided
9539,2025-01-27 00:00:00,391.08,3,Tallinn,pood,naiste_riided
9580,2025-01-27 00:00:00,151.08,1,null,online,meeste_riided
9631,2025-01-27 00:00:00,134.58,1,null,online,meeste_riided
9637,2025-01-27 00:00:00,371.05,1,Pärnu,pood,jalanõusid
9668,2025-01-27 00:00:00,80.39,1,null,online,laste_riided
9705,2025-01-27 00:00:00,509.52,4,null,online,meeste_riided
9761,2025-01-27 00:00:00,141.05,1,Pärnu,pood,jalanõusid
9443,2025-01-28 00:00:00,541.38,2,Tallinn,pood,jalanõusid
9448,2025-01-28 00:00:00,47.36,2,Pärnu,pood,laste_riided
9469,2025-01-28 00:00:00,230.06,1,Pärnu,pood,meeste_riided
9503,2025-01-28 00:00:00,95.39,1,Pärnu,pood,aksessuaarid
9623,2025-01-28 00:00:00,874.08,3,null,online,naiste_riided
9659,2025-01-28 00:00:00,1038.76,4,Tallinn,pood,meeste_riided
9726,2025-01-28 00:00:00,157.49,1,null,online,jalanõusid
9747,2025-01-28 00:00:00,155.84,1,null,online,aksessuaarid
9476,2025-01-29 00:00:00,95.87,1,Tallinn,pood,laste_riided
9482,2025-01-29 00:00:00,166.20,2,Tallinn,pood,meeste_riided
9513,2025-01-29 00:00:00,151.08,1,Tallinn,pood,meeste_riided
9530,2025-01-29 00:00:00,135.50,2,null,online,jalanõusid
9597,2025-01-29 00:00:00,35.94,2,null,online,aksessuaarid
9734,2025-01-29 00:00:00,182.40,3,Tartu,pood,laste_riided
9743,2025-01-29 00:00:00,65.52,1,Tallinn,pood,jalanõusid
9449,2025-01-30 00:00:00,169.08,2,null,online,jalanõusid
9471,2025-01-30 00:00:00,318.63,3,Tartu,pood,laste_riided
9485,2025-01-30 00:00:00,165.12,3,Pärnu,pood,laste_riided
9492,2025-01-30 00:00:00,73.18,1,null,online,jalanõusid
9497,2025-01-30 00:00:00,1043.52,3,Tallinn,pood,meeste_riided
9526,2025-01-30 00:00:00,776.73,3,Tallinn,pood,meeste_riided
9546,2025-01-30 00:00:00,176.16,2,null,online,laste_riided
9612,2025-01-30 00:00:00,94.65,1,Pärnu,pood,laste_riided
9628,2025-01-30 00:00:00,654.14,2,Tartu,pood,meeste_riided
9665,2025-01-30 00:00:00,789.39,3,null,online,naiste_riided
9760,2025-01-30 00:00:00,831.35,5,null,online,naiste_riided
9474,2025-01-31 00:00:00,116.20,1,Tartu,pood,meeste_riided
9516,2025-01-31 00:00:00,269.88,2,Tallinn,pood,aksessuaarid
9604,2025-01-31 00:00:00,407.34,2,null,online,meeste_riided
9608,2025-01-31 00:00:00,-442.38,2,null,online,jalanõusid
9611,2025-01-31 00:00:00,163.64,1,Tallinn,pood,jalanõusid
9632,2025-01-31 00:00:00,126.42,1,Tallinn,pood,meeste_riided
9635,2025-01-31 00:00:00,243.93,1,Tallinn,pood,meeste_riided
9662,2025-01-31 00:00:00,1106.01,3,null,online,jalanõusid
9696,2025-01-31 00:00:00,169.95,1,Tartu,pood,aksessuaarid
9722,2025-01-31 00:00:00,247.52,1,Tallinn,pood,naiste_riided
9723,2025-01-31 00:00:00,272.05,1,Tartu,pood,naiste_riided
9744,2025-01-31 00:00:00,198.42,1,Tallinn,pood,jalanõusid
9753,2025-01-31 00:00:00,350.61,3,Tallinn,pood,jalanõusid
9769,2025-01-31 00:00:00,241.13,1,Pärnu,pood,jalanõusid
9770,2025-01-31 00:00:00,280.02,1,Tallinn,pood,naiste_riided
9773,2025-02-01 00:00:00,411.78,2,null,online,aksessuaarid
9819,2025-02-01 00:00:00,453.24,3,Tallinn,pood,meeste_riided
9837,2025-02-01 00:00:00,462.26,2,Tallinn,pood,aksessuaarid
9860,2025-02-01 00:00:00,908.58,3,Tallinn,pood,jalanõusid
9861,2025-02-01 00:00:00,835.77,3,Tallinn,pood,meeste_riided
9863,2025-02-01 00:00:00,368.30,2,null,online,aksessuaarid
9875,2025-02-01 00:00:00,57.08,1,Tallinn,pood,aksessuaarid
9923,2025-02-01 00:00:00,-50.85,1,Tallinn,pood,aksessuaarid
9996,2025-02-01 00:00:00,243.93,1,Tallinn,pood,meeste_riided
10042,2025-02-01 00:00:00,147.80,2,null,online,laste_riided
10043,2025-02-01 00:00:00,234.91,1,Tallinn,pood,jalanõusid
10088,2025-02-01 00:00:00,218.84,2,Tallinn,pood,aksessuaarid
10089,2025-02-01 00:00:00,308.84,1,Pärnu,pood,naiste_riided
10102,2025-02-01 00:00:00,141.05,1,Tartu,pood,jalanõusid
9797,2025-02-02 00:00:00,81.48,1,Tallinn,pood,jalanõusid
9831,2025-02-02 00:00:00,106.82,1,null,online,laste_riided
9834,2025-02-02 00:00:00,153.40,2,Tartu,pood,naiste_riided
9876,2025-02-02 00:00:00,755.64,4,Tallinn,pood,aksessuaarid
9887,2025-02-02 00:00:00,282.95,1,Tartu,pood,naiste_riided
9948,2025-02-02 00:00:00,110.70,1,null,online,laste_riided
9956,2025-02-02 00:00:00,632.08,2,Tallinn,pood,meeste_riided
10006,2025-02-02 00:00:00,26.79,1,Tallinn,pood,aksessuaarid
10018,2025-02-02 00:00:00,840.06,3,null,online,naiste_riided
10050,2025-02-02 00:00:00,272.60,2,null,online,laste_riided
10054,2025-02-02 00:00:00,22.70,1,null,online,laste_riided
9783,2025-02-03 00:00:00,269.88,2,null,online,aksessuaarid
9793,2025-02-03 00:00:00,208.83,1,Tallinn,pood,naiste_riided
9836,2025-02-03 00:00:00,1144.05,5,Tartu,pood,jalanõusid
9866,2025-02-03 00:00:00,138.13,1,Tallinn,pood,laste_riided
9909,2025-02-03 00:00:00,327.06,2,null,online,meeste_riided
9925,2025-02-03 00:00:00,191.00,2,Tallinn,pood,naiste_riided
9932,2025-02-03 00:00:00,171.33,1,Tallinn,pood,meeste_riided
9946,2025-02-03 00:00:00,69.39,1,null,online,jalanõusid
9951,2025-02-03 00:00:00,407.97,3,Tallinn,pood,naiste_riided
10016,2025-02-03 00:00:00,519.38,2,null,online,meeste_riided
10077,2025-02-03 00:00:00,250.17,1,null,online,naiste_riided
9818,2025-02-04 00:00:00,58.49,1,null,online,jalanõusid
9826,2025-02-04 00:00:00,265.20,1,Pärnu,pood,naiste_riided
9852,2025-02-04 00:00:00,417.44,2,Tallinn,pood,aksessuaarid
9878,2025-02-04 00:00:00,632.08,2,Tallinn,pood,meeste_riided
9890,2025-02-04 00:00:00,279.48,2,Tallinn,pood,naiste_riided
9892,2025-02-04 00:00:00,298.71,3,Tallinn,pood,laste_riided
9896,2025-02-04 00:00:00,296.04,3,Tallinn,pood,laste_riided
9911,2025-02-04 00:00:00,257.90,5,Tallinn,pood,laste_riided
9935,2025-02-04 00:00:00,538.05,3,Tartu,pood,naiste_riided
9965,2025-02-04 00:00:00,823.56,4,Tallinn,pood,aksessuaarid
9988,2025-02-04 00:00:00,99.57,1,Tallinn,pood,laste_riided
9994,2025-02-04 00:00:00,73.90,1,Tallinn,pood,laste_riided
9912,2025-02-05 00:00:00,168.34,1,Tartu,pood,naiste_riided
9922,2025-02-05 00:00:00,828.60,3,Pärnu,pood,naiste_riided
9924,2025-02-05 00:00:00,432.36,4,Tallinn,pood,naiste_riided
9969,2025-02-05 00:00:00,304.26,2,Tallinn,pood,meeste_riided
9987,2025-02-05 00:00:00,327.28,2,null,online,jalanõusid
9990,2025-02-05 00:00:00,88.08,1,null,online,laste_riided
10000,2025-02-05 00:00:00,317.88,2,null,online,jalanõusid
10036,2025-02-05 00:00:00,286.84,2,null,online,meeste_riided
10037,2025-02-05 00:00:00,805.24,2,Tartu,pood,jalanõusid
10057,2025-02-05 00:00:00,624.82,2,Tartu,pood,meeste_riided
9771,2025-02-06 00:00:00,202.57,1,Pärnu,pood,naiste_riided
9865,2025-02-06 00:00:00,74.81,1,Tallinn,pood,aksessuaarid
9877,2025-02-06 00:00:00,752.66,2,null,online,jalanõusid
9886,2025-02-06 00:00:00,65.60,1,Tallinn,pood,aksessuaarid
9915,2025-02-06 00:00:00,99.57,1,null,online,laste_riided
9950,2025-02-06 00:00:00,72.73,1,Tallinn,pood,naiste_riided
9970,2025-02-06 00:00:00,240.34,2,Tallinn,pood,jalanõusid
10001,2025-02-06 00:00:00,96.11,1,Tartu,pood,jalanõusid
10009,2025-02-06 00:00:00,677.43,3,null,online,naiste_riided
10106,2025-02-06 00:00:00,17.97,1,Tartu,pood,aksessuaarid
9885,2025-02-07 00:00:00,153.62,1,Pärnu,pood,jalanõusid
9907,2025-02-07 00:00:00,122.45,1,null,online,naiste_riided
9913,2025-02-07 00:00:00,261.46,2,Pärnu,pood,laste_riided
9920,2025-02-07 00:00:00,106.02,2,Tallinn,pood,meeste_riided
9959,2025-02-07 00:00:00,201.86,2,Pärnu,pood,meeste_riided
9968,2025-02-07 00:00:00,47.36,2,Tallinn,pood,laste_riided
10013,2025-02-07 00:00:00,57.12,2,Tallinn,pood,aksessuaarid
10020,2025-02-07 00:00:00,228.81,1,null,online,jalanõusid
10031,2025-02-07 00:00:00,38.70,1,null,online,laste_riided
10052,2025-02-07 00:00:00,31.65,1,Tallinn,pood,laste_riided
10059,2025-02-07 00:00:00,85.68,3,Pärnu,pood,aksessuaarid
10060,2025-02-07 00:00:00,145.46,2,Tallinn,pood,naiste_riided
10076,2025-02-07 00:00:00,102.20,2,Pärnu,pood,aksessuaarid
10083,2025-02-07 00:00:00,100.57,1,Tallinn,pood,laste_riided
10084,2025-02-07 00:00:00,172.92,2,Tartu,pood,laste_riided
10093,2025-02-07 00:00:00,49.08,2,null,online,laste_riided
9801,2025-02-08 00:00:00,351.33,1,Tallinn,pood,naiste_riided
9873,2025-02-08 00:00:00,163.64,1,null,online,jalanõusid
9874,2025-02-08 00:00:00,291.36,1,Tartu,pood,naiste_riided
9940,2025-02-08 00:00:00,491.18,2,Tartu,pood,naiste_riided
9942,2025-02-08 00:00:00,184.07,1,null,online,meeste_riided
9955,2025-02-08 00:00:00,918.20,4,Pärnu,pood,naiste_riided
9967,2025-02-08 00:00:00,103.00,2,Tallinn,pood,laste_riided
9978,2025-02-08 00:00:00,448.65,3,Tartu,pood,aksessuaarid
9817,2025-02-09 00:00:00,26.62,1,null,online,laste_riided
9825,2025-02-09 00:00:00,407.97,3,null,online,naiste_riided
9827,2025-02-09 00:00:00,221.06,2,null,online,meeste_riided
9908,2025-02-09 00:00:00,295.16,2,null,online,jalanõusid
9919,2025-02-09 00:00:00,507.60,2,Tallinn,pood,jalanõusid
9952,2025-02-09 00:00:00,334.46,2,null,online,laste_riided
9975,2025-02-09 00:00:00,166.46,2,Tallinn,pood,naiste_riided
9997,2025-02-09 00:00:00,274.50,1,Tallinn,pood,meeste_riided
10014,2025-02-09 00:00:00,79.86,3,null,online,laste_riided
10015,2025-02-09 00:00:00,325.72,2,Tallinn,pood,naiste_riided
10022,2025-02-09 00:00:00,50.85,1,null,online,aksessuaarid
10032,2025-02-09 00:00:00,542.70,2,Tartu,pood,jalanõusid
10062,2025-02-09 00:00:00,208.72,1,null,online,aksessuaarid
10079,2025-02-09 00:00:00,190.81,1,Tallinn,pood,jalanõusid
10096,2025-02-09 00:00:00,232.40,2,Tallinn,pood,meeste_riided
9777,2025-02-10 00:00:00,169.95,1,null,online,aksessuaarid
9792,2025-02-10 00:00:00,1400.10,5,Tallinn,pood,naiste_riided
9799,2025-02-10 00:00:00,773.55,5,null,online,meeste_riided
9806,2025-02-10 00:00:00,201.86,2,Tartu,pood,meeste_riided
9807,2025-02-10 00:00:00,312.26,2,Tallinn,pood,aksessuaarid
9833,2025-02-10 00:00:00,460.86,3,Tartu,pood,jalanõusid
9900,2025-02-10 00:00:00,116.98,2,null,online,jalanõusid
9902,2025-02-10 00:00:00,-26.62,1,Tallinn,pood,laste_riided
9914,2025-02-10 00:00:00,257.32,2,null,online,jalanõusid
9928,2025-02-10 00:00:00,41.63,1,null,online,naiste_riided
9931,2025-02-10 00:00:00,120.59,1,null,online,meeste_riided
9957,2025-02-10 00:00:00,210.58,2,Tallinn,pood,laste_riided
9972,2025-02-10 00:00:00,257.32,2,null,online,jalanõusid
9989,2025-02-10 00:00:00,95.39,1,null,online,aksessuaarid
10026,2025-02-10 00:00:00,147.80,2,null,online,laste_riided
10068,2025-02-10 00:00:00,151.08,1,Tallinn,pood,meeste_riided
10112,2025-02-10 00:00:00,157.49,1,Tallinn,pood,jalanõusid
9779,2025-02-11 00:00:00,495.62,2,Tallinn,pood,meeste_riided
9786,2025-02-11 00:00:00,269.88,2,Tallinn,pood,aksessuaarid
9794,2025-02-11 00:00:00,149.47,1,Pärnu,pood,aksessuaarid
9798,2025-02-11 00:00:00,344.82,3,Tartu,pood,meeste_riided
9828,2025-02-11 00:00:00,107.26,1,null,online,aksessuaarid
9851,2025-02-11 00:00:00,219.24,2,Tartu,pood,naiste_riided
9864,2025-02-11 00:00:00,107.98,2,null,online,laste_riided
9918,2025-02-11 00:00:00,161.97,3,Tallinn,pood,laste_riided
9929,2025-02-11 00:00:00,76.70,1,null,online,naiste_riided
9963,2025-02-11 00:00:00,104.27,1,null,online,laste_riided
9964,2025-02-11 00:00:00,141.05,1,null,online,jalanõusid
9973,2025-02-11 00:00:00,648.76,2,null,online,jalanõusid
10002,2025-02-11 00:00:00,215.34,2,Tallinn,pood,meeste_riided
10005,2025-02-11 00:00:00,545.04,3,null,online,aksessuaarid
10067,2025-02-11 00:00:00,438.38,2,Tallinn,pood,naiste_riided
10074,2025-02-11 00:00:00,260.72,2,null,online,naiste_riided
10105,2025-02-11 00:00:00,166.27,1,null,online,naiste_riided
10115,2025-02-11 00:00:00,-74.70,1,Tartu,pood,jalanõusid
9781,2025-02-12 00:00:00,51.10,1,null,online,aksessuaarid
9791,2025-02-12 00:00:00,88.16,4,Tallinn,pood,aksessuaarid
9802,2025-02-12 00:00:00,282.10,2,null,online,jalanõusid
9856,2025-02-12 00:00:00,77.78,1,null,online,laste_riided
9966,2025-02-12 00:00:00,22.70,1,null,online,laste_riided
10011,2025-02-12 00:00:00,49.86,3,Tartu,pood,aksessuaarid
10091,2025-02-12 00:00:00,278.59,1,null,online,meeste_riided
10092,2025-02-12 00:00:00,525.75,3,Tallinn,pood,meeste_riided
9805,2025-02-13 00:00:00,-243.93,1,Tallinn,pood,meeste_riided
9859,2025-02-13 00:00:00,29.42,1,Tallinn,pood,aksessuaarid
9862,2025-02-13 00:00:00,221.42,1,Pärnu,pood,jalanõusid
9917,2025-02-13 00:00:00,22.04,1,Pärnu,pood,aksessuaarid
9943,2025-02-13 00:00:00,152.31,3,Tallinn,pood,naiste_riided
9977,2025-02-13 00:00:00,190.81,1,null,online,jalanõusid
9984,2025-02-13 00:00:00,145.50,1,Pärnu,pood,jalanõusid
9998,2025-02-13 00:00:00,68.10,3,Tallinn,pood,laste_riided
10004,2025-02-13 00:00:00,68.08,2,null,online,laste_riided
10033,2025-02-13 00:00:00,109.90,2,Tallinn,pood,laste_riided
10085,2025-02-13 00:00:00,924.52,4,null,online,aksessuaarid
10110,2025-02-13 00:00:00,101.70,2,Tallinn,pood,aksessuaarid
9790,2025-02-14 00:00:00,443.78,2,null,online,naiste_riided
9808,2025-02-14 00:00:00,574.00,5,Tallinn,pood,laste_riided
9869,2025-02-14 00:00:00,247.81,1,Tartu,pood,meeste_riided
9897,2025-02-14 00:00:00,65.86,2,Tallinn,pood,naiste_riided
9903,2025-02-14 00:00:00,304.14,1,null,online,naiste_riided
9906,2025-02-14 00:00:00,581.10,2,null,online,naiste_riided
10008,2025-02-14 00:00:00,259.23,1,Tartu,pood,meeste_riided
10029,2025-02-14 00:00:00,624.82,2,null,online,meeste_riided
10035,2025-02-14 00:00:00,116.10,3,Tallinn,pood,laste_riided
10044,2025-02-14 00:00:00,194.46,1,null,online,naiste_riided
10058,2025-02-14 00:00:00,191.74,2,Tallinn,pood,laste_riided
10069,2025-02-14 00:00:00,276.20,1,Tallinn,pood,naiste_riided
10073,2025-02-14 00:00:00,51.10,1,Tartu,pood,aksessuaarid
9787,2025-02-15 00:00:00,151.45,1,Tartu,pood,laste_riided
9809,2025-02-15 00:00:00,83.23,1,Tartu,pood,naiste_riided
9815,2025-02-15 00:00:00,187.40,2,Tartu,pood,meeste_riided
9954,2025-02-15 00:00:00,23.68,1,null,online,laste_riided
9961,2025-02-15 00:00:00,100.57,1,Tallinn,pood,laste_riided
10017,2025-02-15 00:00:00,221.42,1,Tallinn,pood,jalanõusid
10049,2025-02-15 00:00:00,251.52,1,Pärnu,pood,jalanõusid
10081,2025-02-15 00:00:00,279.43,1,Tallinn,pood,meeste_riided
10082,2025-02-15 00:00:00,282.10,2,Tallinn,pood,jalanõusid
9824,2025-02-16 00:00:00,58.49,1,Tallinn,pood,jalanõusid
9854,2025-02-16 00:00:00,420.72,2,null,online,jalanõusid
9949,2025-02-16 00:00:00,436.84,2,null,online,meeste_riided
9976,2025-02-16 00:00:00,209.05,1,null,online,naiste_riided
9983,2025-02-16 00:00:00,552.40,2,Pärnu,pood,naiste_riided
9999,2025-02-16 00:00:00,615.00,3,null,online,meeste_riided
10027,2025-02-16 00:00:00,65.52,1,Tallinn,pood,jalanõusid
10064,2025-02-16 00:00:00,247.52,1,null,online,naiste_riided
10099,2025-02-16 00:00:00,659.49,3,null,online,aksessuaarid
9782,2025-02-17 00:00:00,70.01,1,Tartu,pood,meeste_riided
9800,2025-02-17 00:00:00,154.74,3,Tallinn,pood,laste_riided
9803,2025-02-17 00:00:00,312.26,2,null,online,aksessuaarid
9822,2025-02-17 00:00:00,145.16,2,Tartu,pood,laste_riided
9838,2025-02-17 00:00:00,414.46,2,null,online,jalanõusid
9844,2025-02-17 00:00:00,130.36,1,Tallinn,pood,naiste_riided
9904,2025-02-17 00:00:00,624.82,2,null,online,meeste_riided
9934,2025-02-17 00:00:00,58.49,1,Tallinn,pood,jalanõusid
10007,2025-02-17 00:00:00,251.96,2,null,online,naiste_riided
10019,2025-02-17 00:00:00,225.28,1,Tartu,pood,aksessuaarid
10108,2025-02-17 00:00:00,229.55,1,null,online,naiste_riided
10111,2025-02-17 00:00:00,166.20,2,null,online,meeste_riided
9780,2025-02-18 00:00:00,144.36,1,Tallinn,pood,aksessuaarid
9785,2025-02-18 00:00:00,439.66,2,Pärnu,pood,aksessuaarid
9813,2025-02-18 00:00:00,560.31,3,Tallinn,pood,aksessuaarid
9829,2025-02-18 00:00:00,157.49,1,Tartu,pood,jalanõusid
9840,2025-02-18 00:00:00,102.12,3,Tallinn,pood,laste_riided
9841,2025-02-18 00:00:00,608.28,2,Tallinn,pood,naiste_riided
9842,2025-02-18 00:00:00,125.98,1,null,online,naiste_riided
9846,2025-02-18 00:00:00,144.28,2,Tallinn,pood,laste_riided
9893,2025-02-18 00:00:00,206.52,1,Tallinn,pood,naiste_riided
9894,2025-02-18 00:00:00,30.05,1,Tartu,pood,laste_riided
9901,2025-02-18 00:00:00,179.35,1,Tartu,pood,naiste_riided
9947,2025-02-18 00:00:00,693.40,2,Tallinn,pood,naiste_riided
9986,2025-02-18 00:00:00,209.70,2,null,online,laste_riided
10039,2025-02-18 00:00:00,451.62,2,null,online,naiste_riided
10045,2025-02-18 00:00:00,332.54,2,Pärnu,pood,naiste_riided
10048,2025-02-18 00:00:00,65.60,1,Tallinn,pood,aksessuaarid
10061,2025-02-18 00:00:00,307.83,1,Tallinn,pood,naiste_riided
10116,2025-02-18 00:00:00,52.04,1,null,online,laste_riided
9784,2025-02-19 00:00:00,665.67,3,null,online,naiste_riided
9796,2025-02-19 00:00:00,53.01,1,null,online,meeste_riided
9845,2025-02-19 00:00:00,283.95,3,null,online,laste_riided
9868,2025-02-19 00:00:00,334.46,2,null,online,laste_riided
9879,2025-02-19 00:00:00,196.56,3,null,online,jalanõusid
9888,2025-02-19 00:00:00,232.80,3,Tallinn,pood,meeste_riided
9895,2025-02-19 00:00:00,280.02,1,null,online,naiste_riided
9899,2025-02-19 00:00:00,156.18,2,Tallinn,pood,naiste_riided
9933,2025-02-19 00:00:00,198.29,1,Tallinn,pood,meeste_riided
9960,2025-02-19 00:00:00,121.60,2,null,online,laste_riided
9962,2025-02-19 00:00:00,114.94,1,null,online,meeste_riided
9979,2025-02-19 00:00:00,546.12,2,null,online,jalanõusid
10023,2025-02-19 00:00:00,611.44,2,Tartu,pood,jalanõusid
10055,2025-02-19 00:00:00,96.50,1,Tartu,pood,meeste_riided
10056,2025-02-19 00:00:00,169.90,2,Tallinn,pood,laste_riided
10070,2025-02-19 00:00:00,525.45,5,Tallinn,pood,meeste_riided
10078,2025-02-19 00:00:00,626.16,3,Tartu,pood,aksessuaarid
10095,2025-02-19 00:00:00,819.96,3,Tallinn,pood,jalanõusid
10098,2025-02-19 00:00:00,251.52,1,null,online,jalanõusid
9774,2025-02-20 00:00:00,136.30,1,Tartu,pood,laste_riided
9778,2025-02-20 00:00:00,874.08,3,null,online,naiste_riided
9812,2025-02-20 00:00:00,160.91,1,Tallinn,pood,meeste_riided
9832,2025-02-20 00:00:00,45.21,1,Tallinn,pood,aksessuaarid
9853,2025-02-20 00:00:00,101.26,1,Tallinn,pood,laste_riided
9857,2025-02-20 00:00:00,231.13,1,Tartu,pood,aksessuaarid
9880,2025-02-20 00:00:00,250.72,2,Tartu,pood,laste_riided
9881,2025-02-20 00:00:00,763.24,4,Tallinn,pood,jalanõusid
9945,2025-02-20 00:00:00,17.97,1,Tartu,pood,aksessuaarid
9953,2025-02-20 00:00:00,55.04,1,null,online,laste_riided
9985,2025-02-20 00:00:00,389.14,2,Tartu,pood,aksessuaarid
9993,2025-02-20 00:00:00,251.52,1,Pärnu,pood,jalanõusid
10012,2025-02-20 00:00:00,53.19,1,Pärnu,pood,laste_riided
10046,2025-02-20 00:00:00,169.08,2,Tallinn,pood,jalanõusid
10075,2025-02-20 00:00:00,118.40,5,Tallinn,pood,laste_riided
10090,2025-02-20 00:00:00,663.57,3,null,online,jalanõusid
10113,2025-02-20 00:00:00,257.32,2,null,online,jalanõusid
9820,2025-02-21 00:00:00,621.69,3,null,online,jalanõusid
9823,2025-02-21 00:00:00,260.40,3,Tallinn,pood,naiste_riided
9835,2025-02-21 00:00:00,60.80,1,null,online,laste_riided
9843,2025-02-21 00:00:00,130.02,1,Tartu,pood,laste_riided
9871,2025-02-21 00:00:00,63.87,1,null,online,laste_riided
9905,2025-02-21 00:00:00,89.39,1,Tallinn,pood,meeste_riided
9910,2025-02-21 00:00:00,318.50,2,null,online,meeste_riided
9921,2025-02-21 00:00:00,70.01,1,null,online,meeste_riided
9981,2025-02-21 00:00:00,57.12,2,null,online,aksessuaarid
10010,2025-02-21 00:00:00,83.58,2,null,online,laste_riided
10047,2025-02-21 00:00:00,560.31,3,Tallinn,pood,aksessuaarid
10051,2025-02-21 00:00:00,103.16,2,Tallinn,pood,laste_riided
9847,2025-02-22 00:00:00,592.80,2,null,online,naiste_riided
9855,2025-02-22 00:00:00,321.42,2,Tallinn,pood,meeste_riided
9858,2025-02-22 00:00:00,155.56,2,null,online,laste_riided
9926,2025-02-22 00:00:00,113.86,1,Tallinn,pood,aksessuaarid
9927,2025-02-22 00:00:00,104.27,1,null,online,laste_riided
9930,2025-02-22 00:00:00,29.42,1,null,online,aksessuaarid
9936,2025-02-22 00:00:00,1036.15,5,Pärnu,pood,jalanõusid
9937,2025-02-22 00:00:00,153.30,3,null,online,aksessuaarid
9944,2025-02-22 00:00:00,250.17,1,Tallinn,pood,naiste_riided
10028,2025-02-22 00:00:00,824.34,3,null,online,meeste_riided
10072,2025-02-22 00:00:00,632.08,2,Tartu,pood,meeste_riided
10101,2025-02-22 00:00:00,126.42,1,Pärnu,pood,meeste_riided
10107,2025-02-22 00:00:00,265.20,1,null,online,naiste_riided
10117,2025-02-22 00:00:00,263.13,1,null,online,naiste_riided
9772,2025-02-23 00:00:00,155.45,1,Tallinn,pood,aksessuaarid
9776,2025-02-23 00:00:00,418.10,2,null,online,naiste_riided
9804,2025-02-23 00:00:00,243.96,2,null,online,aksessuaarid
9848,2025-02-23 00:00:00,162.86,1,null,online,naiste_riided
9850,2025-02-23 00:00:00,317.88,2,null,online,jalanõusid
9867,2025-02-23 00:00:00,385.32,3,Tartu,pood,laste_riided
9891,2025-02-23 00:00:00,257.32,2,Tallinn,pood,jalanõusid
9938,2025-02-23 00:00:00,51.58,1,Tallinn,pood,laste_riided
9991,2025-02-23 00:00:00,33.24,2,Pärnu,pood,aksessuaarid
10065,2025-02-23 00:00:00,106.69,1,Tartu,pood,meeste_riided
10071,2025-02-23 00:00:00,221.89,1,null,online,naiste_riided
10086,2025-02-23 00:00:00,16.62,1,Tartu,pood,aksessuaarid
10100,2025-02-23 00:00:00,51.58,1,Tartu,pood,laste_riided
9788,2025-02-24 00:00:00,292.61,1,Tallinn,pood,jalanõusid
9789,2025-02-24 00:00:00,166.20,2,null,online,meeste_riided
9795,2025-02-24 00:00:00,166.27,1,null,online,naiste_riided
9870,2025-02-24 00:00:00,677.43,3,null,online,naiste_riided
9939,2025-02-24 00:00:00,204.87,1,Tallinn,pood,aksessuaarid
9941,2025-02-24 00:00:00,208.83,1,null,online,naiste_riided
9971,2025-02-24 00:00:00,35.94,2,Tallinn,pood,aksessuaarid
10063,2025-02-24 00:00:00,79.59,1,Tartu,pood,meeste_riided
10103,2025-02-24 00:00:00,487.86,2,null,online,meeste_riided
10109,2025-02-24 00:00:00,122.07,1,null,online,aksessuaarid
9775,2025-02-25 00:00:00,310.90,2,Tallinn,pood,aksessuaarid
9814,2025-02-25 00:00:00,245.55,3,null,online,meeste_riided
9816,2025-02-25 00:00:00,151.08,1,null,online,meeste_riided
9882,2025-02-25 00:00:00,72.73,1,Tallinn,pood,naiste_riided
9884,2025-02-25 00:00:00,246.97,1,Tallinn,pood,meeste_riided
9889,2025-02-25 00:00:00,292.61,1,null,online,jalanõusid
9898,2025-02-25 00:00:00,877.83,3,Tallinn,pood,jalanõusid
9916,2025-02-25 00:00:00,72.60,1,null,online,laste_riided
9958,2025-02-25 00:00:00,840.39,3,Tartu,pood,jalanõusid
10030,2025-02-25 00:00:00,1237.60,5,Tallinn,pood,naiste_riided
10040,2025-02-25 00:00:00,186.77,1,null,online,aksessuaarid
10104,2025-02-25 00:00:00,127.92,3,Tallinn,pood,naiste_riided
9811,2025-02-26 00:00:00,125.36,1,Pärnu,pood,laste_riided
9839,2025-02-26 00:00:00,675.28,4,null,online,laste_riided
10003,2025-02-26 00:00:00,166.27,1,Pärnu,pood,naiste_riided
10025,2025-02-26 00:00:00,418.10,2,null,online,naiste_riided
10038,2025-02-26 00:00:00,503.04,2,null,online,jalanõusid
10053,2025-02-26 00:00:00,24.54,1,Tallinn,pood,laste_riided
10066,2025-02-26 00:00:00,678.42,2,Tallinn,pood,jalanõusid
10114,2025-02-26 00:00:00,62.82,1,Tallinn,pood,laste_riided
9830,2025-02-27 00:00:00,-47.38,1,Tartu,pood,laste_riided
9849,2025-02-27 00:00:00,44.08,2,Tallinn,pood,aksessuaarid
9883,2025-02-27 00:00:00,605.72,2,null,online,jalanõusid
9974,2025-02-27 00:00:00,184.15,1,Tallinn,pood,aksessuaarid
9992,2025-02-27 00:00:00,1649.95,5,null,online,jalanõusid
9995,2025-02-27 00:00:00,302.79,3,Pärnu,pood,meeste_riided
10021,2025-02-27 00:00:00,347.84,1,Tallinn,pood,meeste_riided
10024,2025-02-27 00:00:00,437.08,2,Tallinn,pood,jalanõusid
10034,2025-02-27 00:00:00,211.35,1,null,online,naiste_riided
10041,2025-02-27 00:00:00,389.14,2,Tallinn,pood,aksessuaarid
10087,2025-02-27 00:00:00,135.63,3,Tartu,pood,aksessuaarid
10094,2025-02-27 00:00:00,198.29,1,null,online,meeste_riided
10118,2025-02-27 00:00:00,230.06,1,Tallinn,pood,meeste_riided
9810,2025-02-28 00:00:00,198.29,1,Pärnu,pood,meeste_riided
9872,2025-02-28 00:00:00,151.08,1,Tallinn,pood,meeste_riided
9980,2025-02-28 00:00:00,114.16,2,Pärnu,pood,aksessuaarid
9982,2025-02-28 00:00:00,28.56,1,Tallinn,pood,aksessuaarid
10080,2025-02-28 00:00:00,22.70,1,null,online,aksessuaarid
10097,2025-02-28 00:00:00,552.40,2,Tartu,pood,naiste_riided
910,2025-12-02 00:00:00,231.13,1,Tallinn,pood,aksessuaarid
6281,2025-12-02 00:00:00,694.32,2,null,online,meeste_riided
1185,2025-12-04 00:00:00,243.93,1,Tallinn,pood,meeste_riided
430,2025-12-07 00:00:00,1018.35,5,null,online,meeste_riided
5176,2025-12-07 00:00:00,51.58,1,Tallinn,pood,laste_riided
2114,2025-12-09 00:00:00,82.15,1,Tartu,pood,meeste_riided
3917,2025-12-09 00:00:00,100.57,1,Tallinn,pood,laste_riided
2523,2025-12-12 00:00:00,65.00,1,null,online,jalanõusid
276,2025-12-14 00:00:00,296.58,1,Tallinn,pood,meeste_riided
4520,2025-12-20 00:00:00,301.97,1,Tallinn,pood,naiste_riided
8038,2025-12-21 00:00:00,57.12,2,null,online,aksessuaarid
1299,2025-12-25 00:00:00,203.67,1,Pärnu,pood,meeste_riided
5499,2025-12-26 00:00:00,304.14,1,Tartu,pood,naiste_riided
3280,2025-12-27 00:00:00,338.43,1,null,online,meeste_riided
6871,2025-12-27 00:00:00,514.78,2,null,online,naiste_riided
3195,2025-12-28 00:00:00,269.85,1,Tartu,pood,meeste_riided
3595,2026-01-01 00:00:00,163.53,1,Tallinn,pood,meeste_riided
844,2026-01-07 00:00:00,445.04,4,null,online,naiste_riided
8493,2026-01-22 00:00:00,583.44,2,null,online,jalanõusid
8291,2026-02-20 00:00:00,84.41,1,null,online,jalanõusid
6316,2026-03-11 00:00:00,442.38,2,null,online,jalanõusid
1635,2026-03-12 00:00:00,298.71,3,null,online,laste_riided
934,2026-03-17 00:00:00,302.79,3,Tallinn,pood,meeste_riided
1705,2026-03-27 00:00:00,84.95,1,Pärnu,pood,laste_riided
3342,2026-04-02 00:00:00,98.68,1,null,online,laste_riided
8610,2026-04-26 00:00:00,102.12,3,Tallinn,pood,laste_riided
5609,2026-05-18 00:00:00,77.60,1,Tallinn,pood,meeste_riided
9821,2026-06-04 00:00:00,420.36,4,Tartu,pood,meeste_riided
3532,2026-06-09 00:00:00,280.13,1,Tartu,pood,jalanõusid
4373,2026-06-15 00:00:00,-128.44,1,Tartu,pood,laste_riided
3567,2026-06-27 00:00:00,583.44,2,Tallinn,pood,jalanõusid
4387,2026-06-28 00:00:00,253.23,3,Tallinn,pood,jalanõusid