sale_id,sale_date,customer_id,total_price,quantity,product_name,category,loyalty_tier
14,2023-01-01 00:00:00,2755,318.36,4,Soe teksane smokingüklikond,meeste_riided,null
156,2023-01-01 00:00:00,4288,63.95,1,Stiilne villane kontsakingad,jalanõusid,silver
48,2023-01-01 00:00:00,3514,48.58,1,Soe fliisist pidžaama,laste_riided,null
116,2023-01-01 00:00:00,2441,1279.92,4,Praktiline kangast kõrge kontsaga kingad,jalanõusid,gold
204,2023-01-02 00:00:00,4119,225.28,1,Moodne keraamiline nahkvöö,aksessuaarid,null
79,2023-01-02 00:00:00,4896,342.66,2,Soe teksane bleiser,meeste_riided,null
146,2023-01-02 00:00:00,2652,221.40,2,Elegantne villane sukkpüksid,laste_riided,silver
229,2023-01-02 00:00:00,4150,134.58,1,Vintage tweed smokingüklikond,meeste_riided,null
53,2023-01-02 00:00:00,2927,145.46,2,Minimalistlik džersii chino püksid,naiste_riided,silver
161,2023-01-02 00:00:00,4458,274.50,1,Luksuslik polüester V-kaelusega kampsun,meeste_riided,gold
135,2023-01-02 00:00:00,4220,356.57,1,Õhuline tweed püksid,meeste_riided,gold
83,2023-01-02 00:00:00,4624,583.44,2,Õhuline sünteetiline kõrge kontsaga kingad,jalanõusid,null
66,2023-01-03 00:00:00,2017,58.49,1,Luksuslik nahkne madalad kontsad,jalanõusid,silver
105,2023-01-04 00:00:00,2396,261.46,2,Vintage orgaaniline body,laste_riided,gold
35,2023-01-04 00:00:00,2339,493.94,2,Minimalistlik džersii polo särk,meeste_riided,bronze
88,2023-01-04 00:00:00,4001,201.86,2,Boheemlaslik polüester casual särk,meeste_riided,silver
120,2023-01-04 00:00:00,3556,74.70,1,Luksuslik villane saapad,jalanõusid,silver
213,2023-01-05 00:00:00,3085,312.41,1,Mugav merino villane tuulejope,meeste_riided,null
203,2023-01-05 00:00:00,2577,544.10,2,Praktiline viskoosne õhtukleit,naiste_riided,null
239,2023-01-05 00:00:00,2518,145.50,1,Soe villane kingad,jalanõusid,silver
195,2023-01-05 00:00:00,4070,-279.48,2,Trendikas džersii miniseelik,naiste_riided,silver
210,2023-01-06 00:00:00,3041,256.88,2,Elegantne orgaaniline tuulejope,laste_riided,null
20,2023-01-06 00:00:00,2539,695.68,2,Luksuslik teksane polo särk,meeste_riided,gold
224,2023-01-06 00:00:00,2744,958.26,3,Praktiline džersii seelik,naiste_riided,gold
144,2023-01-07 00:00:00,3446,1662.75,5,Praktiline merino villane parka,meeste_riided,silver
87,2023-01-07 00:00:00,2677,139.74,1,Trendikas džersii miniseelik,naiste_riided,silver
47,2023-01-07 00:00:00,3457,225.81,1,Klassikaline kashmiir pusa,naiste_riided,bronze
41,2023-01-07 00:00:00,4239,203.08,4,Sportlik siidine cargo püksid,naiste_riided,null
257,2023-01-07 00:00:00,3850,259.69,1,Luksuslik tweed triiksärk,meeste_riided,null
9,2023-01-07 00:00:00,3308,22.04,1,Elegantne metallist sall,aksessuaarid,null
51,2023-01-07 00:00:00,3493,29.48,1,Mugav klaasist kõrvarõngad,aksessuaarid,null
145,2023-01-07 00:00:00,3240,482.73,3,Praktiline polüester casual särk,meeste_riided,gold
177,2023-01-08 00:00:00,3921,47.07,1,Boheemlaslik klaasist kaelakee,aksessuaarid,null
33,2023-01-08 00:00:00,2331,312.26,2,Õhuline nahkne elastne vöö,aksessuaarid,null
201,2023-01-08 00:00:00,3665,89.29,1,Klassikaline džersii bleiser,meeste_riided,silver
108,2023-01-08 00:00:00,3398,106.71,1,Vintage metallist seljakott,aksessuaarid,gold
10,2023-01-08 00:00:00,2809,72.14,1,Vintage villane püksid,laste_riided,null
99,2023-01-08 00:00:00,4264,51.50,1,Minimalistlik softshell chino püksid,laste_riided,null
205,2023-01-09 00:00:00,4768,259.38,3,Moodne trikoo koolikomplekt,laste_riided,null
159,2023-01-09 00:00:00,3984,72.14,1,Vintage villane püksid,laste_riided,silver
261,2023-01-09 00:00:00,3212,58.84,2,Kerge nahkne õlakott,aksessuaarid,silver
180,2023-01-10 00:00:00,2547,53.99,1,Moodne villane pühapäevakleit,laste_riided,null
1,2023-01-10 00:00:00,2588,469.58,2,Soe teksane chino püksid,meeste_riided,bronze
107,2023-01-10 00:00:00,3837,371.05,1,Trendikas goretex oxfordid,jalanõusid,null
82,2023-01-11 00:00:00,3251,314.98,2,Praktiline seemisnahkne tennised,jalanõusid,bronze
142,2023-01-11 00:00:00,3525,381.62,2,Praktiline nahkne nahk sandaalid,jalanõusid,silver
251,2023-01-11 00:00:00,3398,183.40,1,Moodne siidine sall,aksessuaarid,gold
232,2023-01-11 00:00:00,4235,305.72,1,Vintage nahkne tossud,jalanõusid,null
16,2023-01-11 00:00:00,3357,145.72,1,Trendikas nahkne sõrmus,aksessuaarid,silver
26,2023-01-11 00:00:00,4167,160.21,1,Boheemlaslik merino villane cargo püksid,meeste_riided,gold
115,2023-01-12 00:00:00,2759,396.84,2,Boheemlaslik seemisnahkne oxfordid,jalanõusid,null
11,2023-01-12 00:00:00,3837,545.04,3,Boheemlaslik kangast kangasvöö,aksessuaarid,null
59,2023-01-14 00:00:00,4490,803.55,5,Stiilne džersii püksid,meeste_riided,gold
211,2023-01-14 00:00:00,3853,823.56,4,Stiilne puust müts,aksessuaarid,silver
240,2023-01-14 00:00:00,4533,905.91,3,Kerge džersii pluus,naiste_riided,gold
173,2023-01-14 00:00:00,3894,50.77,1,Sportlik siidine cargo püksid,naiste_riided,bronze
214,2023-01-14 00:00:00,4868,-414.39,3,Õhuline orgaaniline alussärk,laste_riided,gold
36,2023-01-15 00:00:00,2285,277.80,2,Soe polüester slim-fit püksid,meeste_riided,bronze
227,2023-01-15 00:00:00,4024,602.31,3,Mugav kashmiir skaterkleit,naiste_riided,gold
226,2023-01-15 00:00:00,4178,176.65,1,Praktiline kangast elastne vöö,aksessuaarid,null
39,2023-01-16 00:00:00,3629,437.98,2,Boheemlaslik džersii teksapüksid,naiste_riided,bronze
235,2023-01-17 00:00:00,4178,874.16,4,Boheemlaslik nahkne kõrge kontsaga kingad,jalanõusid,null
147,2023-01-17 00:00:00,3249,704.37,3,Soe teksane chino püksid,meeste_riided,bronze
217,2023-01-17 00:00:00,3384,305.72,1,Vintage nahkne tossud,jalanõusid,silver
153,2023-01-18 00:00:00,4833,243.02,2,Stiilne kangast jooksutossud,jalanõusid,gold
13,2023-01-18 00:00:00,2511,95.39,1,Klassikaline kangast nahkkindad,aksessuaarid,bronze
118,2023-01-19 00:00:00,2439,107.67,1,Vintage teksane chino püksid,meeste_riided,bronze
132,2023-01-19 00:00:00,2635,504.66,2,Mugav kashmiir pusa,naiste_riided,gold
43,2023-01-19 00:00:00,2247,95.87,1,Sportlik softshell teksapüksid,laste_riided,silver
70,2023-01-20 00:00:00,4255,356.57,1,Õhuline tweed püksid,meeste_riided,silver
242,2023-01-20 00:00:00,3654,412.68,2,Soe seemisnahkne jooksutossud,jalanõusid,bronze
191,2023-01-20 00:00:00,4054,504.20,2,Soe sünteetiline sandaalid,jalanõusid,null
193,2023-01-20 00:00:00,3236,66.88,1,Minimalistlik keraamiline sall,aksessuaarid,bronze
199,2023-01-20 00:00:00,4745,263.13,1,Soe satiinne pluus,naiste_riided,silver
32,2023-01-22 00:00:00,2423,368.14,2,Õhuline puuvillane kampsun,meeste_riided,null
171,2023-01-22 00:00:00,4080,776.73,3,Mugav merino villane cargo püksid,meeste_riided,silver
237,2023-01-23 00:00:00,2041,626.49,3,Soe merino villane topik,naiste_riided,bronze
103,2023-01-23 00:00:00,4276,209.05,1,Stiilne kashmiir jakk,naiste_riided,bronze
223,2023-01-23 00:00:00,4266,553.94,2,Klassikaline kangast tennised,jalanõusid,bronze
104,2023-01-24 00:00:00,4217,544.10,2,Praktiline viskoosne õhtukleit,naiste_riided,gold
100,2023-01-24 00:00:00,3350,188.50,2,Trendikas villane tuulejope,laste_riided,silver
93,2023-01-24 00:00:00,4131,104.08,2,Elegantne orgaaniline kleit,laste_riided,gold
114,2023-01-25 00:00:00,2304,188.91,1,Klassikaline nahkne sõrmus,aksessuaarid,bronze
140,2023-01-25 00:00:00,3128,504.66,2,Mugav kashmiir pusa,naiste_riided,null
236,2023-01-25 00:00:00,4414,78.09,1,Minimalistlik viskoosne skaterkleit,naiste_riided,silver
249,2023-01-25 00:00:00,4624,407.97,3,Minimalistlik linane tuunika,naiste_riided,null
253,2023-01-25 00:00:00,3825,585.22,2,Sportlik villane tossud,jalanõusid,null
123,2023-01-26 00:00:00,4105,283.24,2,Moodne orgaaniline skaterkleit,laste_riided,null
167,2023-01-26 00:00:00,3605,574.44,3,Vintage kangast vöö,aksessuaarid,null
128,2023-01-27 00:00:00,3899,105.09,1,Kerge linane kampsun,meeste_riided,gold
250,2023-01-28 00:00:00,3644,100.93,1,Boheemlaslik polüester casual särk,meeste_riided,null
50,2023-01-28 00:00:00,2025,144.20,1,Mugav flanellne parka,meeste_riided,null
56,2023-01-28 00:00:00,4517,218.54,1,Boheemlaslik nahkne kõrge kontsaga kingad,jalanõusid,gold
84,2023-01-28 00:00:00,4952,368.67,1,Moodne villane nahk sandaalid,jalanõusid,bronze
175,2023-01-29 00:00:00,4949,676.86,2,Mugav tweed ülikond,meeste_riided,bronze
117,2023-01-29 00:00:00,2070,232.40,2,Stiilne linane tuulejope,meeste_riided,bronze
219,2023-01-29 00:00:00,4460,73.90,1,Trendikas puuvillane body,laste_riided,silver
72,2023-01-29 00:00:00,3953,77.40,2,Praktiline puuvillane sukkpüksid,laste_riided,bronze
92,2023-01-29 00:00:00,2704,614.54,2,Sportlik seemisnahkne nahk sandaalid,jalanõusid,null
125,2023-01-30 00:00:00,4141,307.24,2,Praktiline seemisnahkne saapad,jalanõusid,null
64,2023-01-30 00:00:00,2638,153.11,1,Minimalistlik puust kootud müts,aksessuaarid,silver
89,2023-01-31 00:00:00,2889,125.64,2,Trendikas villane dressikomplekt,laste_riided,silver
119,2023-01-31 00:00:00,4312,155.84,1,Elegantne keraamiline rahakott,aksessuaarid,null
111,2023-01-31 00:00:00,3556,296.40,1,Klassikaline puuvillane skaterkleit,naiste_riided,silver
202,2023-01-31 00:00:00,2711,439.66,2,Kerge siidine nahkkindad,aksessuaarid,gold
258,2023-01-31 00:00:00,3555,548.74,2,Trendikas puuvillane skaterkleit,naiste_riided,silver
287,2023-02-01 00:00:00,4949,272.60,2,Luksuslik orgaaniline pühapäevakleit,laste_riided,bronze
509,2023-02-01 00:00:00,4454,373.54,2,Klassikaline puust nahkvöö,aksessuaarid,silver
302,2023-02-01 00:00:00,2344,430.68,4,Vintage teksane chino püksid,meeste_riided,gold
503,2023-02-01 00:00:00,4340,328.26,3,Elegantne villane kaabu,aksessuaarid,bronze
361,2023-02-01 00:00:00,3993,108.09,1,Luksuslik satiinne teksapüksid,naiste_riided,gold
300,2023-02-02 00:00:00,3305,208.54,2,Trendikas trikoo skaterkleit,laste_riided,gold
395,2023-02-02 00:00:00,2659,743.43,3,Vintage linane bleiser,meeste_riided,gold
355,2023-02-02 00:00:00,4160,574.44,3,Vintage kangast vöö,aksessuaarid,silver
497,2023-02-02 00:00:00,2390,145.72,1,Trendikas nahkne sõrmus,aksessuaarid,null
483,2023-02-03 00:00:00,4544,546.12,2,Boheemlaslik goretex kingad,jalanõusid,gold
437,2023-02-03 00:00:00,2475,52.04,1,Elegantne orgaaniline kleit,laste_riided,bronze
538,2023-02-03 00:00:00,2889,564.58,2,Sportlik kangast tennised,jalanõusid,silver
425,2023-02-05 00:00:00,3668,160.91,1,Praktiline polüester casual särk,meeste_riided,null
271,2023-02-05 00:00:00,2212,208.54,2,Trendikas trikoo skaterkleit,laste_riided,gold
488,2023-02-06 00:00:00,4563,156.18,2,Minimalistlik viskoosne skaterkleit,naiste_riided,bronze
450,2023-02-06 00:00:00,4815,611.44,2,Vintage nahkne tossud,jalanõusid,null
394,2023-02-07 00:00:00,2326,237.71,1,Klassikaline viskoosne õhtukleit,naiste_riided,null
420,2023-02-07 00:00:00,3516,122.07,1,Moodne metallist rätik,aksessuaarid,silver
299,2023-02-07 00:00:00,2929,35.68,1,Moodne puuvillane komplekt,laste_riided,gold
385,2023-02-07 00:00:00,4484,-438.76,2,Stiilne kangast nokamüts,aksessuaarid,null
263,2023-02-07 00:00:00,3883,190.81,1,Praktiline nahkne nahk sandaalid,jalanõusid,null
528,2023-02-09 00:00:00,2973,448.65,3,Luksuslik keraamiline elastne vöö,aksessuaarid,bronze
520,2023-02-09 00:00:00,4565,713.13,3,Klassikaline viskoosne õhtukleit,naiste_riided,null
410,2023-02-09 00:00:00,2363,229.55,1,Elegantne džersii cargo püksid,naiste_riided,gold
303,2023-02-10 00:00:00,3500,205.00,1,Õhuline flanellne smokingüklikond,meeste_riided,silver
472,2023-02-10 00:00:00,4083,182.44,2,Klassikaline tweed kardigan,meeste_riided,gold
284,2023-02-10 00:00:00,4274,138.13,1,Õhuline orgaaniline alussärk,laste_riided,silver
530,2023-02-10 00:00:00,3425,131.20,2,Elegantne puust kootud müts,aksessuaarid,null
416,2023-02-10 00:00:00,3729,256.88,2,Elegantne orgaaniline tuulejope,laste_riided,gold
418,2023-02-10 00:00:00,4207,136.30,1,Luksuslik orgaaniline pühapäevakleit,laste_riided,gold
469,2023-02-11 00:00:00,4881,139.74,1,Trendikas džersii miniseelik,naiste_riided,null
521,2023-02-11 00:00:00,3081,321.82,2,Praktiline polüester casual särk,meeste_riided,gold
388,2023-02-11 00:00:00,2589,90.42,2,Stiilne siidine labakindad,aksessuaarid,gold
340,2023-02-12 00:00:00,3872,472.47,3,Praktiline seemisnahkne tennised,jalanõusid,silver
348,2023-02-13 00:00:00,4932,151.45,1,Mugav softshell slim-fit püksid,laste_riided,gold
360,2023-02-13 00:00:00,4626,72.60,1,Praktiline trikoo püksid,laste_riided,silver
368,2023-02-13 00:00:00,3227,203.67,1,Moodne džersii slim-fit ülikond,meeste_riided,null
377,2023-02-13 00:00:00,3012,149.47,1,Praktiline nahkne sõrmus,aksessuaarid,bronze
518,2023-02-13 00:00:00,2889,178.78,2,Klassikaline linane mantelpaltoo,meeste_riided,silver
295,2023-02-13 00:00:00,3446,221.42,1,Moodne seemisnahkne oxfordid,jalanõusid,silver
426,2023-02-13 00:00:00,4244,393.82,2,Sportlik džersii püksid,meeste_riided,null
285,2023-02-13 00:00:00,4419,29.48,1,Mugav klaasist kõrvarõngad,aksessuaarid,null
537,2023-02-13 00:00:00,4965,155.45,1,Moodne kangast sõrmus,aksessuaarid,null
454,2023-02-13 00:00:00,2849,30.05,1,Trendikas fliisist tuulejope,laste_riided,gold
389,2023-02-14 00:00:00,4348,26.62,1,Luksuslik softshell komplekt,laste_riided,gold
414,2023-02-15 00:00:00,2997,51.58,1,Soe puuvillane chino püksid,laste_riided,gold
282,2023-02-15 00:00:00,4178,22.70,1,Minimalistlik puuvillane pidžaama,laste_riided,null
522,2023-02-16 00:00:00,2119,138.78,2,Trendikas sünteetiline mokassiinid,jalanõusid,silver
356,2023-02-16 00:00:00,4011,130.73,1,Vintage orgaaniline body,laste_riided,null
500,2023-02-16 00:00:00,3924,312.81,3,Trendikas trikoo skaterkleit,laste_riided,silver
297,2023-02-16 00:00:00,2281,308.84,1,Boheemlaslik puuvillane tuulejope,naiste_riided,silver
477,2023-02-16 00:00:00,4797,95.76,2,Praktiline klaasist sõrmkindad,aksessuaarid,null
514,2023-02-16 00:00:00,4570,472.47,3,Praktiline seemisnahkne tennised,jalanõusid,null
337,2023-02-16 00:00:00,2805,321.42,2,Stiilne džersii püksid,meeste_riided,null
508,2023-02-17 00:00:00,3637,127.90,2,Stiilne villane kontsakingad,jalanõusid,null
371,2023-02-17 00:00:00,2186,112.68,1,Minimalistlik softshell cargo püksid,laste_riided,gold
274,2023-02-17 00:00:00,4863,49.08,2,Praktiline trikoo sukkpüksid,laste_riided,silver
399,2023-02-17 00:00:00,4584,519.38,2,Luksuslik tweed triiksärk,meeste_riided,null
460,2023-02-17 00:00:00,2983,204.87,1,Praktiline villane kott,aksessuaarid,null
314,2023-02-17 00:00:00,3629,147.80,2,Trendikas puuvillane body,laste_riided,bronze
354,2023-02-18 00:00:00,4065,86.46,1,Moodne trikoo koolikomplekt,laste_riided,bronze
443,2023-02-18 00:00:00,3342,436.84,2,Elegantne flanellne cargo püksid,meeste_riided,null
427,2023-02-18 00:00:00,2906,53.58,2,Vintage keraamiline barett,aksessuaarid,silver
343,2023-02-18 00:00:00,4824,52.04,1,Elegantne orgaaniline kleit,laste_riided,null
453,2023-02-18 00:00:00,3896,157.49,1,Praktiline seemisnahkne tennised,jalanõusid,null
519,2023-02-19 00:00:00,3287,873.68,4,Elegantne flanellne cargo püksid,meeste_riided,gold
502,2023-02-19 00:00:00,4585,421.74,2,Soe linane mantelpaltoo,meeste_riided,bronze
457,2023-02-19 00:00:00,2318,823.11,3,Trendikas puuvillane skaterkleit,naiste_riided,gold
289,2023-02-19 00:00:00,4716,495.04,2,Luksuslik merino villane chino püksid,naiste_riided,gold
315,2023-02-20 00:00:00,2963,155.20,2,Klassikaline flanellne smokingüklikond,meeste_riided,silver
433,2023-02-20 00:00:00,4779,327.07,1,Õhuline polüester cargo püksid,meeste_riided,null
352,2023-02-20 00:00:00,4616,921.81,3,Sportlik seemisnahkne nahk sandaalid,jalanõusid,gold
379,2023-02-21 00:00:00,3633,172.28,2,Sportlik puuvillane chino püksid,laste_riided,null
478,2023-02-21 00:00:00,2040,86.14,1,Sportlik puuvillane chino püksid,laste_riided,silver
320,2023-02-21 00:00:00,3723,218.84,2,Elegantne villane kaabu,aksessuaarid,silver
515,2023-02-22 00:00:00,3939,838.29,3,Praktiline polüester ülikond,meeste_riided,null
307,2023-02-22 00:00:00,4319,210.87,1,Soe linane mantelpaltoo,meeste_riided,gold
400,2023-02-22 00:00:00,2732,82.15,1,Elegantne tweed püksid,meeste_riided,gold
422,2023-02-22 00:00:00,3556,564.20,4,Stiilne nahkne derbyd,jalanõusid,silver
424,2023-02-22 00:00:00,4138,168.82,1,Vintage fliisist koolikomplekt,laste_riided,gold
429,2023-02-22 00:00:00,4867,727.29,3,Sportlik polüester püksid,meeste_riided,gold
419,2023-02-23 00:00:00,4909,329.99,1,Õhuline nahkne sporditossud,jalanõusid,silver
280,2023-02-23 00:00:00,2610,49.11,3,Soe siidine kaelakee,aksessuaarid,null
470,2023-02-23 00:00:00,3199,125.52,1,Elegantne teksane cargo püksid,meeste_riided,silver
533,2023-02-23 00:00:00,4314,111.26,1,Vintage viskoosne püksid,naiste_riided,null
434,2023-02-24 00:00:00,2957,271.35,1,Vintage villane rannasandaalid,jalanõusid,null
408,2023-02-24 00:00:00,2574,120.17,1,Mugav kangast tennised,jalanõusid,gold
447,2023-02-24 00:00:00,4146,1249.64,4,Mugav merino villane tuulejope,meeste_riided,null
369,2023-02-24 00:00:00,2706,30.05,1,Trendikas fliisist tuulejope,laste_riided,null
293,2023-02-25 00:00:00,3127,265.20,1,Sportlik linane jakk,naiste_riided,bronze
498,2023-02-25 00:00:00,4599,65.52,1,Luksuslik goretex tennised,jalanõusid,null
475,2023-02-25 00:00:00,4241,169.08,2,Minimalistlik nahkne derbyd,jalanõusid,gold
495,2023-02-25 00:00:00,4286,134.94,1,Elegantne keraamiline labakindad,aksessuaarid,null
468,2023-02-25 00:00:00,4732,175.25,1,Soe polüester cargo püksid,meeste_riided,bronze
526,2023-02-26 00:00:00,4940,188.28,4,Boheemlaslik klaasist kaelakee,aksessuaarid,bronze
278,2023-02-26 00:00:00,4330,498.81,3,Vintage siidine skaterkleit,naiste_riided,gold
455,2023-02-26 00:00:00,3297,437.98,2,Boheemlaslik džersii teksapüksid,naiste_riided,null
386,2023-02-26 00:00:00,3953,108.09,1,Luksuslik satiinne teksapüksid,naiste_riided,bronze
319,2023-02-26 00:00:00,4070,243.02,2,Stiilne kangast jooksutossud,jalanõusid,silver
486,2023-02-27 00:00:00,2044,211.35,1,Moodne viskoosne plisseeseelik,naiste_riided,bronze
479,2023-02-27 00:00:00,3899,526.45,5,Elegantne orgaaniline dressikomplekt,laste_riided,gold
492,2023-02-27 00:00:00,3325,659.98,2,Õhuline nahkne sporditossud,jalanõusid,gold
336,2023-02-28 00:00:00,3415,560.04,2,Soe siidine särk-pluus,naiste_riided,silver
804,2023-03-01 00:00:00,4167,475.53,3,Elegantne kashmiir tuulejope,naiste_riided,gold
768,2023-03-01 00:00:00,4193,285.14,2,Sportlik linane bleiser,meeste_riided,silver
643,2023-03-02 00:00:00,2054,210.76,1,Soe puuvillane teksapüksid,naiste_riided,null
876,2023-03-02 00:00:00,3637,332.55,1,Praktiline merino villane parka,meeste_riided,null
568,2023-03-02 00:00:00,3332,438.38,2,Elegantne linane bleiser,naiste_riided,gold
812,2023-03-02 00:00:00,4206,209.05,1,Stiilne kashmiir jakk,naiste_riided,null
608,2023-03-02 00:00:00,3743,218.84,2,Elegantne villane kaabu,aksessuaarid,silver
689,2023-03-02 00:00:00,4965,24.67,1,Moodne orgaaniline bleiser,laste_riided,null
626,2023-03-03 00:00:00,3950,193.00,2,Sportlik puuvillane smokingüklikond,meeste_riided,gold
655,2023-03-03 00:00:00,2349,213.64,2,Stiilne orgaaniline pidžaama,laste_riided,silver
700,2023-03-03 00:00:00,4252,188.50,2,Trendikas villane tuulejope,laste_riided,null
796,2023-03-03 00:00:00,2915,46.90,2,Moodne nahkne müts,aksessuaarid,null
819,2023-03-04 00:00:00,2823,134.94,1,Elegantne keraamiline labakindad,aksessuaarid,null
695,2023-03-04 00:00:00,2430,431.16,2,Stiilne villane seljakott,aksessuaarid,silver
592,2023-03-04 00:00:00,3852,72.73,1,Minimalistlik džersii chino püksid,naiste_riided,null
754,2023-03-04 00:00:00,2128,500.34,2,Luksuslik merino villane kapuutsiga pusa,naiste_riided,gold
840,2023-03-05 00:00:00,4633,73.90,1,Trendikas puuvillane body,laste_riided,null
742,2023-03-05 00:00:00,3242,194.57,1,Kerge metallist labakindad,aksessuaarid,gold
738,2023-03-05 00:00:00,4746,278.59,1,Kerge flanellne kardigan,meeste_riided,bronze
633,2023-03-05 00:00:00,3044,337.64,2,Vintage fliisist koolikomplekt,laste_riided,null
873,2023-03-06 00:00:00,2041,648.76,2,Boheemlaslik kangast rannasandaalid,jalanõusid,bronze
868,2023-03-06 00:00:00,4281,74.70,1,Luksuslik villane saapad,jalanõusid,silver
658,2023-03-06 00:00:00,3784,228.81,1,Trendikas nahkne oxfordid,jalanõusid,bronze
698,2023-03-06 00:00:00,3698,227.72,2,Trendikas villane nahkkindad,aksessuaarid,gold
659,2023-03-06 00:00:00,2461,361.77,3,Elegantne tweed smokingüklikond,meeste_riided,null
623,2023-03-06 00:00:00,4843,611.01,3,Moodne džersii slim-fit ülikond,meeste_riided,null
829,2023-03-06 00:00:00,3972,562.38,2,Moodne merino villane triiksärk,meeste_riided,silver
679,2023-03-06 00:00:00,2025,926.52,3,Boheemlaslik puuvillane tuulejope,naiste_riided,null
848,2023-03-06 00:00:00,4178,109.62,1,Soe džersii suvekleit,naiste_riided,null
553,2023-03-06 00:00:00,3529,305.70,2,Sportlik softshell sukkpüksid,laste_riided,silver
775,2023-03-07 00:00:00,2400,225.36,2,Minimalistlik softshell cargo püksid,laste_riided,null
649,2023-03-07 00:00:00,3394,332.54,2,Praktiline merino villane pusa,naiste_riided,null
861,2023-03-08 00:00:00,4834,178.58,2,Klassikaline džersii bleiser,meeste_riided,silver
606,2023-03-08 00:00:00,3048,50.77,1,Sportlik siidine cargo püksid,naiste_riided,null
824,2023-03-08 00:00:00,2618,259.23,1,Kerge linane teksapüksid,meeste_riided,silver
680,2023-03-08 00:00:00,2252,338.43,1,Mugav tweed ülikond,meeste_riided,null
758,2023-03-08 00:00:00,3713,-199.14,2,Vintage softshell alussärk,laste_riided,bronze
547,2023-03-08 00:00:00,2793,614.54,2,Sportlik seemisnahkne nahk sandaalid,jalanõusid,gold
554,2023-03-08 00:00:00,4949,48.85,1,Luksuslik tweed linane särk,meeste_riided,bronze
773,2023-03-09 00:00:00,3872,319.42,1,Praktiline džersii seelik,naiste_riided,silver
747,2023-03-09 00:00:00,4170,201.86,1,Boheemlaslik polüester slim-fit särk,meeste_riided,null
820,2023-03-09 00:00:00,4773,47.36,2,Vintage softshell cargo püksid,laste_riided,gold
603,2023-03-10 00:00:00,3459,94.76,2,Õhuline softshell dressikomplekt,laste_riided,gold
865,2023-03-11 00:00:00,3921,658.14,3,Stiilne kangast nokamüts,aksessuaarid,null
712,2023-03-11 00:00:00,4255,615.66,2,Õhuline linane jakk,naiste_riided,silver
788,2023-03-11 00:00:00,2403,614.61,3,Praktiline villane kott,aksessuaarid,gold
559,2023-03-11 00:00:00,3515,110.53,1,Kerge teksane slim-fit ülikond,meeste_riided,bronze
709,2023-03-12 00:00:00,3521,1173.95,5,Soe teksane chino püksid,meeste_riided,silver
703,2023-03-12 00:00:00,4206,374.54,1,Vintage tweed kampsun,meeste_riided,null
847,2023-03-13 00:00:00,2360,120.17,1,Mugav kangast tennised,jalanõusid,bronze
571,2023-03-13 00:00:00,2132,88.44,3,Mugav klaasist kõrvarõngad,aksessuaarid,silver
589,2023-03-13 00:00:00,3692,65.60,1,Elegantne puust kootud müts,aksessuaarid,bronze
780,2023-03-13 00:00:00,4024,81.48,1,Õhuline kangast nahk sandaalid,jalanõusid,gold
757,2023-03-13 00:00:00,4850,210.87,1,Soe linane mantelpaltoo,meeste_riided,null
853,2023-03-13 00:00:00,2672,264.24,3,Minimalistlik trikoo tuulejope,laste_riided,null
646,2023-03-14 00:00:00,3473,273.06,1,Boheemlaslik goretex kingad,jalanõusid,bronze
729,2023-03-14 00:00:00,3242,244.90,2,Moodne satiinne bleiser,naiste_riided,gold
722,2023-03-14 00:00:00,4370,339.21,1,Boheemlaslik villane tennised,jalanõusid,null
666,2023-03-14 00:00:00,2387,603.94,2,Kerge džersii pluus,naiste_riided,bronze
611,2023-03-14 00:00:00,4239,260.00,4,Vintage seemisnahkne jooksutossud,jalanõusid,null
808,2023-03-14 00:00:00,3859,270.69,1,Soe nahkne platvormi kontsad,jalanõusid,null
706,2023-03-14 00:00:00,3011,191.85,3,Stiilne villane kontsakingad,jalanõusid,gold
838,2023-03-15 00:00:00,4100,234.91,1,Boheemlaslik nahkne talvesaapad,jalanõusid,gold
828,2023-03-15 00:00:00,3701,252.10,1,Soe sünteetiline sandaalid,jalanõusid,gold
756,2023-03-15 00:00:00,3399,-95.39,1,Klassikaline kangast nahkkindad,aksessuaarid,null
590,2023-03-16 00:00:00,3780,318.50,2,Õhuline flanellne V-kaelusega kampsun,meeste_riided,gold
651,2023-03-16 00:00:00,4096,147.80,2,Trendikas puuvillane body,laste_riided,gold
636,2023-03-16 00:00:00,2731,388.90,5,Mugav villane body,laste_riided,null
856,2023-03-16 00:00:00,2530,190.81,1,Praktiline nahkne nahk sandaalid,jalanõusid,silver
640,2023-03-16 00:00:00,3754,252.10,1,Soe sünteetiline sandaalid,jalanõusid,null
798,2023-03-16 00:00:00,3852,127.90,2,Stiilne villane kontsakingad,jalanõusid,null
774,2023-03-16 00:00:00,4535,493.40,5,Stiilne puuvillane mantelpaltoo,laste_riided,silver
743,2023-03-17 00:00:00,3583,100.57,1,Soe softshell sukkpüksid,laste_riided,bronze
866,2023-03-17 00:00:00,3608,65.60,1,Elegantne puust kootud müts,aksessuaarid,silver
552,2023-03-17 00:00:00,2379,368.04,2,Trendikas kangast kindad,aksessuaarid,null
874,2023-03-17 00:00:00,3648,981.21,3,Õhuline polüester cargo püksid,meeste_riided,silver
727,2023-03-17 00:00:00,3439,153.62,1,Praktiline seemisnahkne saapad,jalanõusid,bronze
764,2023-03-18 00:00:00,2317,224.43,3,Õhuline siidine kaelakee,aksessuaarid,null
599,2023-03-18 00:00:00,3358,109.62,2,Luksuslik trikoo slim-fit püksid,laste_riided,null
817,2023-03-18 00:00:00,4934,241.18,2,Elegantne tweed smokingüklikond,meeste_riided,bronze
787,2023-03-18 00:00:00,3023,286.84,2,Mugav puuvillane kardigan,meeste_riided,null
755,2023-03-19 00:00:00,4949,259.23,1,Kerge linane teksapüksid,meeste_riided,bronze
661,2023-03-19 00:00:00,3849,151.45,1,Mugav softshell slim-fit püksid,laste_riided,gold
676,2023-03-19 00:00:00,2227,63.30,2,Trendikas trikoo jakk,laste_riided,silver
598,2023-03-19 00:00:00,3214,227.72,2,Trendikas villane nahkkindad,aksessuaarid,null
763,2023-03-19 00:00:00,4206,48.58,1,Soe fliisist pidžaama,laste_riided,null
766,2023-03-20 00:00:00,3701,100.40,1,Elegantne puuvillane body,laste_riided,gold
833,2023-03-20 00:00:00,3421,100.93,1,Boheemlaslik polüester casual särk,meeste_riided,silver
753,2023-03-21 00:00:00,4949,656.97,3,Boheemlaslik džersii teksapüksid,naiste_riided,bronze
696,2023-03-21 00:00:00,3325,132.30,1,Luksuslik goretex derbyd,jalanõusid,gold
794,2023-03-21 00:00:00,3812,74.41,1,Elegantne villane platvorm sandaalid,jalanõusid,null
561,2023-03-21 00:00:00,3418,274.78,1,Mugav linane linane kostüüm,meeste_riided,null
665,2023-03-21 00:00:00,4206,296.40,1,Klassikaline puuvillane skaterkleit,naiste_riided,null
843,2023-03-22 00:00:00,2156,130.73,1,Vintage orgaaniline body,laste_riided,null
613,2023-03-22 00:00:00,2375,690.18,3,Vintage polüester slim-fit püksid,meeste_riided,gold
545,2023-03-22 00:00:00,3425,199.80,1,Õhuline villane sõrmus,aksessuaarid,null
580,2023-03-22 00:00:00,2211,45.21,1,Stiilne siidine labakindad,aksessuaarid,bronze
578,2023-03-23 00:00:00,2241,86.14,1,Sportlik puuvillane chino püksid,laste_riided,null
632,2023-03-23 00:00:00,4786,121.51,1,Stiilne kangast jooksutossud,jalanõusid,null
594,2023-03-23 00:00:00,3648,274.66,2,Praktiline puuvillane ülikond,meeste_riided,silver
784,2023-03-23 00:00:00,2029,1166.88,4,Õhuline sünteetiline kõrge kontsaga kingad,jalanõusid,null
826,2023-03-23 00:00:00,2774,72.58,1,Sportlik fliisist slim-fit püksid,laste_riided,null
832,2023-03-23 00:00:00,3953,-95.87,1,Sportlik softshell teksapüksid,laste_riided,bronze
849,2023-03-23 00:00:00,2642,233.74,2,Moodne kangast derbyd,jalanõusid,bronze
560,2023-03-24 00:00:00,4100,390.06,3,Mugav puuvillane suvekleit,laste_riided,gold
620,2023-03-24 00:00:00,3605,617.68,2,Boheemlaslik puuvillane tuulejope,naiste_riided,null
644,2023-03-24 00:00:00,4006,259.69,1,Luksuslik tweed triiksärk,meeste_riided,silver
850,2023-03-24 00:00:00,2183,506.46,3,Vintage fliisist koolikomplekt,laste_riided,bronze
630,2023-03-24 00:00:00,4601,93.13,1,Elegantne kangast kindad,aksessuaarid,silver
564,2023-03-25 00:00:00,2641,247.81,1,Vintage linane bleiser,meeste_riided,gold
790,2023-03-25 00:00:00,4327,209.05,1,Stiilne kashmiir jakk,naiste_riided,null
687,2023-03-26 00:00:00,4032,30.05,1,Trendikas fliisist tuulejope,laste_riided,null
642,2023-03-26 00:00:00,3467,465.22,2,Klassikaline villane madalad kontsad,jalanõusid,null
596,2023-03-26 00:00:00,3710,256.88,2,Elegantne orgaaniline tuulejope,laste_riided,null
708,2023-03-26 00:00:00,4840,100.40,1,Elegantne puuvillane body,laste_riided,null
629,2023-03-26 00:00:00,4468,191.74,2,Sportlik softshell teksapüksid,laste_riided,null
691,2023-03-26 00:00:00,3605,237.71,1,Klassikaline viskoosne õhtukleit,naiste_riided,null
699,2023-03-27 00:00:00,2690,130.02,1,Mugav puuvillane suvekleit,laste_riided,null
823,2023-03-28 00:00:00,4831,312.26,2,Õhuline nahkne elastne vöö,aksessuaarid,gold
822,2023-03-28 00:00:00,2240,109.42,1,Elegantne villane kaabu,aksessuaarid,null
800,2023-03-29 00:00:00,3883,176.16,2,Minimalistlik trikoo tuulejope,laste_riided,null
574,2023-03-29 00:00:00,3710,162.86,1,Klassikaline siidine tuulejope,naiste_riided,null
740,2023-03-29 00:00:00,4014,328.60,4,Elegantne tweed püksid,meeste_riided,silver
601,2023-03-30 00:00:00,3474,874.08,3,Trendikas džersii pullover,naiste_riided,bronze
842,2023-03-31 00:00:00,4173,214.72,2,Vintage orgaaniline komplekt,laste_riided,null
992,2023-04-01 00:00:00,3164,291.72,1,Õhuline sünteetiline kõrge kontsaga kingad,jalanõusid,null
1207,2023-04-01 00:00:00,4642,114.94,1,Sportlik polüester slim-fit ülikond,meeste_riided,null
1150,2023-04-02 00:00:00,2509,520.86,3,Elegantne siidine müts,aksessuaarid,null
1117,2023-04-02 00:00:00,3898,368.97,1,Stiilne goretex kingad,jalanõusid,silver
959,2023-04-02 00:00:00,4432,176.65,1,Praktiline kangast elastne vöö,aksessuaarid,null
1128,2023-04-02 00:00:00,3756,116.87,1,Moodne kangast derbyd,jalanõusid,null
1130,2023-04-02 00:00:00,4346,299.24,4,Õhuline siidine kaelakee,aksessuaarid,gold
1167,2023-04-03 00:00:00,4427,234.10,2,Trendikas kangast nokamüts,aksessuaarid,null
1056,2023-04-03 00:00:00,3327,896.75,5,Luksuslik puuvillane jakk,naiste_riided,silver
1074,2023-04-03 00:00:00,2153,121.51,1,Stiilne kangast jooksutossud,jalanõusid,null
1200,2023-04-03 00:00:00,4585,281.28,2,Minimalistlik villane bleiser,laste_riided,bronze
1069,2023-04-04 00:00:00,2898,581.10,2,Vintage džersii tuunika,naiste_riided,silver
1222,2023-04-04 00:00:00,4365,700.38,2,Õhuline goretex tennised,jalanõusid,bronze
1166,2023-04-04 00:00:00,2479,153.30,3,Elegantne klaasist barett,aksessuaarid,gold
1019,2023-04-04 00:00:00,4822,231.13,1,Luksuslik metallist labakindad,aksessuaarid,bronze
1070,2023-04-06 00:00:00,2609,-875.16,3,Õhuline sünteetiline kõrge kontsaga kingad,jalanõusid,gold
1119,2023-04-06 00:00:00,2748,101.26,1,Boheemlaslik orgaaniline bleiser,laste_riided,silver
1160,2023-04-06 00:00:00,2243,459.10,2,Elegantne džersii cargo püksid,naiste_riided,gold
1060,2023-04-07 00:00:00,4072,316.04,1,Trendikas džersii slim-fit püksid,meeste_riided,null
927,2023-04-07 00:00:00,3970,91.22,1,Klassikaline tweed kardigan,meeste_riided,null
1174,2023-04-07 00:00:00,3145,737.94,2,Stiilne goretex kingad,jalanõusid,silver
945,2023-04-08 00:00:00,3356,388.92,2,Soe džersii cargo püksid,naiste_riided,gold
1115,2023-04-08 00:00:00,2178,442.38,2,Mugav goretex platvormi kontsad,jalanõusid,silver
1001,2023-04-08 00:00:00,3280,702.66,2,Boheemlaslik linane pullover,naiste_riided,null
1198,2023-04-08 00:00:00,3329,70.01,1,Praktiline flanellne linane särk,meeste_riided,gold
924,2023-04-08 00:00:00,3001,1353.45,5,Soe nahkne platvormi kontsad,jalanõusid,bronze
1162,2023-04-08 00:00:00,4451,57.08,1,Kerge puust barett,aksessuaarid,null
1131,2023-04-08 00:00:00,3647,363.36,2,Boheemlaslik kangast kangasvöö,aksessuaarid,null
886,2023-04-08 00:00:00,2265,114.80,1,Stiilne fliisist komplekt,laste_riided,silver
1059,2023-04-08 00:00:00,2312,393.82,2,Sportlik džersii püksid,meeste_riided,bronze
1031,2023-04-09 00:00:00,4451,658.14,3,Stiilne kangast nokamüts,aksessuaarid,null
1036,2023-04-09 00:00:00,2836,73.62,3,Praktiline trikoo sukkpüksid,laste_riided,bronze
1020,2023-04-10 00:00:00,3628,72.58,1,Sportlik fliisist slim-fit püksid,laste_riided,null
1214,2023-04-10 00:00:00,4002,144.36,1,Klassikaline nahkne nahkkindad,aksessuaarid,null
1218,2023-04-10 00:00:00,3773,552.40,2,Minimalistlik kashmiir bleiser,naiste_riided,null
1199,2023-04-10 00:00:00,3709,190.81,1,Praktiline nahkne nahk sandaalid,jalanõusid,null
1101,2023-04-11 00:00:00,3995,198.42,1,Boheemlaslik seemisnahkne oxfordid,jalanõusid,gold
1209,2023-04-11 00:00:00,3327,42.64,1,Stiilne merino villane parka,naiste_riided,silver
1202,2023-04-11 00:00:00,4259,304.26,2,Mugav polüester püksid,meeste_riided,null
1197,2023-04-11 00:00:00,4995,439.66,2,Kerge siidine nahkkindad,aksessuaarid,gold
1170,2023-04-11 00:00:00,3015,327.07,1,Õhuline polüester cargo püksid,meeste_riided,gold
976,2023-04-11 00:00:00,2294,84.95,1,Mugav softshell teksapüksid,laste_riided,null
1140,2023-04-11 00:00:00,4993,166.27,1,Vintage siidine skaterkleit,naiste_riided,silver
1058,2023-04-11 00:00:00,3617,406.78,2,Boheemlaslik villane barett,aksessuaarid,silver
1090,2023-04-11 00:00:00,4261,70.01,1,Praktiline flanellne linane särk,meeste_riided,silver
894,2023-04-12 00:00:00,2260,70.01,1,Praktiline flanellne linane särk,meeste_riided,bronze
1125,2023-04-12 00:00:00,3206,328.00,5,Elegantne puust kootud müts,aksessuaarid,null
1023,2023-04-12 00:00:00,2997,422.70,2,Moodne viskoosne plisseeseelik,naiste_riided,gold
1110,2023-04-12 00:00:00,2221,358.41,1,Sportlik kangast tossud,jalanõusid,null
967,2023-04-14 00:00:00,4803,307.83,1,Õhuline linane jakk,naiste_riided,gold
1079,2023-04-15 00:00:00,4765,110.02,1,Moodne viskoosne teksapüksid,naiste_riided,null
1057,2023-04-15 00:00:00,4701,533.45,5,Moodne flanellne triiksärk,meeste_riided,null
988,2023-04-15 00:00:00,3045,66.21,1,Luksuslik orgaaniline dressikomplekt,laste_riided,silver
1089,2023-04-15 00:00:00,4203,253.62,3,Minimalistlik nahkne derbyd,jalanõusid,silver
911,2023-04-15 00:00:00,4815,158.51,1,Elegantne kashmiir tuulejope,naiste_riided,null
940,2023-04-16 00:00:00,4948,67.75,1,Luksuslik sünteetiline loaferid,jalanõusid,silver
1078,2023-04-17 00:00:00,4318,270.69,1,Soe nahkne platvormi kontsad,jalanõusid,null
1159,2023-04-17 00:00:00,3668,332.54,2,Praktiline merino villane pusa,naiste_riided,null
1143,2023-04-18 00:00:00,4395,371.79,1,Luksuslik villane pahkluu saapad,jalanõusid,gold
1068,2023-04-18 00:00:00,4120,77.40,2,Praktiline puuvillane sukkpüksid,laste_riided,bronze
908,2023-04-18 00:00:00,3418,220.04,2,Moodne viskoosne teksapüksid,naiste_riided,null
1226,2023-04-18 00:00:00,4754,44.08,2,Elegantne metallist sall,aksessuaarid,silver
1003,2023-04-19 00:00:00,2530,228.81,1,Trendikas nahkne oxfordid,jalanõusid,silver
1033,2023-04-20 00:00:00,2917,90.80,4,Vintage villane kangasvöö,aksessuaarid,bronze
983,2023-04-20 00:00:00,3689,207.23,1,Minimalistlik villane nahk sandaalid,jalanõusid,null
1038,2023-04-20 00:00:00,4505,1463.05,5,Sportlik villane tossud,jalanõusid,silver
1123,2023-04-20 00:00:00,3851,121.98,1,Luksuslik keraamiline seljakott,aksessuaarid,bronze
899,2023-04-21 00:00:00,3699,296.40,1,Klassikaline puuvillane skaterkleit,naiste_riided,null
1093,2023-04-21 00:00:00,4174,77.60,1,Klassikaline flanellne smokingüklikond,meeste_riided,silver
970,2023-04-21 00:00:00,3099,160.78,2,Luksuslik villane bleiser,laste_riided,silver
953,2023-04-22 00:00:00,3698,160.91,1,Praktiline polüester casual särk,meeste_riided,gold
1148,2023-04-22 00:00:00,4691,205.00,1,Õhuline flanellne smokingüklikond,meeste_riided,null
931,2023-04-23 00:00:00,4952,611.44,2,Vintage nahkne tossud,jalanõusid,bronze
1041,2023-04-23 00:00:00,4893,274.78,1,Mugav linane linane kostüüm,meeste_riided,silver
1151,2023-04-23 00:00:00,3944,1207.86,3,Klassikaline seemisnahkne jooksutossud,jalanõusid,null
1152,2023-04-23 00:00:00,4405,704.37,3,Soe teksane chino püksid,meeste_riided,gold
981,2023-04-23 00:00:00,2713,204.87,1,Praktiline villane kott,aksessuaarid,null
1105,2023-04-24 00:00:00,2487,128.37,1,Mugav fliisist alussärk,laste_riided,null
956,2023-04-24 00:00:00,2084,307.83,1,Õhuline linane jakk,naiste_riided,gold
942,2023-04-25 00:00:00,4701,334.46,2,Trendikas trikoo chino püksid,laste_riided,null
1065,2023-04-25 00:00:00,3563,51.50,1,Minimalistlik softshell chino püksid,laste_riided,null
1047,2023-04-25 00:00:00,2350,106.02,2,Trendikas flanellne mantelpaltoo,meeste_riided,null
1107,2023-04-25 00:00:00,4890,221.42,1,Moodne seemisnahkne oxfordid,jalanõusid,gold
1064,2023-04-26 00:00:00,4384,210.58,2,Elegantne orgaaniline dressikomplekt,laste_riided,null
937,2023-04-26 00:00:00,3350,360.70,5,Vintage villane püksid,laste_riided,silver
1112,2023-04-26 00:00:00,3316,53.99,1,Moodne villane pühapäevakleit,laste_riided,gold
1189,2023-04-26 00:00:00,2210,615.66,2,Õhuline linane jakk,naiste_riided,gold
1212,2023-04-27 00:00:00,2503,254.76,2,Kerge puuvillane slim-fit särk,meeste_riided,gold
974,2023-04-27 00:00:00,4985,182.77,1,Elegantne siidine teksapüksid,naiste_riided,null
1062,2023-04-27 00:00:00,3192,210.18,2,Kerge linane kampsun,meeste_riided,null
978,2023-04-27 00:00:00,4181,176.16,2,Minimalistlik trikoo tuulejope,laste_riided,gold
1015,2023-04-27 00:00:00,4447,182.77,1,Elegantne siidine teksapüksid,naiste_riided,null
890,2023-04-28 00:00:00,4862,55.04,1,Minimalistlik villane pühapäevakleit,laste_riided,null
935,2023-04-28 00:00:00,2240,319.42,1,Praktiline džersii seelik,naiste_riided,null
1196,2023-04-28 00:00:00,2440,215.58,1,Stiilne villane seljakott,aksessuaarid,bronze
1129,2023-04-29 00:00:00,4949,208.83,1,Soe merino villane topik,naiste_riided,bronze
1190,2023-04-29 00:00:00,2580,98.68,4,Moodne orgaaniline bleiser,laste_riided,null
917,2023-04-29 00:00:00,2335,151.08,1,Moodne polüester slim-fit särk,meeste_riided,silver
895,2023-04-30 00:00:00,4724,539.70,2,Soe flanellne chino püksid,meeste_riided,silver
954,2023-04-30 00:00:00,3403,149.62,2,Õhuline siidine kaelakee,aksessuaarid,null
1171,2023-04-30 00:00:00,2205,183.31,1,Boheemlaslik siidine sõrmkindad,aksessuaarid,gold
918,2023-04-30 00:00:00,2749,307.83,1,Õhuline linane jakk,naiste_riided,bronze
1224,2023-04-30 00:00:00,3436,178.58,2,Klassikaline džersii bleiser,meeste_riided,silver
1498,2023-05-01 00:00:00,2889,457.62,2,Trendikas nahkne oxfordid,jalanõusid,silver
1249,2023-05-01 00:00:00,4781,505.02,3,Mugav merino villane dressipluus,naiste_riided,null
1305,2023-05-02 00:00:00,4206,302.16,2,Vintage merino villane tuulejope,meeste_riided,null
1564,2023-05-02 00:00:00,3669,430.26,3,Mugav puuvillane kardigan,meeste_riided,null
1528,2023-05-02 00:00:00,3969,144.28,2,Vintage villane püksid,laste_riided,silver
1454,2023-05-02 00:00:00,3648,288.72,2,Klassikaline nahkne nahkkindad,aksessuaarid,silver
1371,2023-05-02 00:00:00,3818,247.28,2,Praktiline puuvillane teksapüksid,laste_riided,silver
1295,2023-05-03 00:00:00,4691,144.36,1,Klassikaline nahkne nahkkindad,aksessuaarid,null
1463,2023-05-03 00:00:00,2154,320.42,2,Boheemlaslik merino villane cargo püksid,meeste_riided,gold
1556,2023-05-03 00:00:00,2551,81.48,1,Õhuline kangast nahk sandaalid,jalanõusid,null
1466,2023-05-03 00:00:00,4839,81.85,1,Luksuslik džersii ülikond,meeste_riided,null
1273,2023-05-04 00:00:00,4572,121.51,1,Stiilne kangast jooksutossud,jalanõusid,gold
1503,2023-05-05 00:00:00,2889,79.59,1,Soe teksane smokingüklikond,meeste_riided,silver
1258,2023-05-05 00:00:00,2938,68.10,3,Vintage villane kangasvöö,aksessuaarid,bronze
1490,2023-05-05 00:00:00,3551,153.11,1,Minimalistlik puust kootud müts,aksessuaarid,gold
1260,2023-05-05 00:00:00,2913,792.55,5,Elegantne kashmiir tuulejope,naiste_riided,null
1531,2023-05-06 00:00:00,4580,175.25,1,Soe polüester cargo püksid,meeste_riided,bronze
1542,2023-05-06 00:00:00,4783,443.78,2,Sportlik puuvillane slim-fit püksid,naiste_riided,silver
1309,2023-05-06 00:00:00,4519,517.82,2,Mugav merino villane cargo püksid,meeste_riided,gold
1389,2023-05-06 00:00:00,4818,135.50,2,Luksuslik sünteetiline loaferid,jalanõusid,silver
1510,2023-05-06 00:00:00,4757,294.32,2,Moodne keraamiline sall,aksessuaarid,null
1323,2023-05-07 00:00:00,3053,53.01,1,Trendikas flanellne mantelpaltoo,meeste_riided,null
1315,2023-05-07 00:00:00,3356,65.60,1,Elegantne puust kootud müts,aksessuaarid,gold
1391,2023-05-07 00:00:00,2825,358.70,2,Luksuslik puuvillane jakk,naiste_riided,null
1416,2023-05-07 00:00:00,3444,178.58,2,Klassikaline džersii bleiser,meeste_riided,silver
1444,2023-05-07 00:00:00,4357,72.73,1,Minimalistlik džersii chino püksid,naiste_riided,gold
1276,2023-05-07 00:00:00,3698,346.70,1,Praktiline viskoosne jakk,naiste_riided,gold
1571,2023-05-07 00:00:00,2987,62.56,1,Boheemlaslik kangast reisikott,aksessuaarid,bronze
1373,2023-05-08 00:00:00,4239,78.09,1,Minimalistlik viskoosne skaterkleit,naiste_riided,null
1522,2023-05-08 00:00:00,4598,257.32,2,Sportlik nahkne madalad kontsad,jalanõusid,silver
1322,2023-05-08 00:00:00,2355,1017.63,3,Boheemlaslik villane tennised,jalanõusid,null
1483,2023-05-08 00:00:00,4717,749.08,2,Vintage tweed kampsun,meeste_riided,silver
1363,2023-05-08 00:00:00,3618,327.28,2,Minimalistlik sünteetiline saapad,jalanõusid,gold
1304,2023-05-09 00:00:00,4612,366.80,2,Moodne siidine sall,aksessuaarid,gold
1262,2023-05-09 00:00:00,2395,72.60,1,Praktiline trikoo püksid,laste_riided,bronze
1312,2023-05-10 00:00:00,3416,422.70,2,Moodne viskoosne plisseeseelik,naiste_riided,null
1491,2023-05-10 00:00:00,2848,324.27,3,Luksuslik satiinne teksapüksid,naiste_riided,silver
1468,2023-05-10 00:00:00,3128,164.30,2,Elegantne tweed püksid,meeste_riided,null
1401,2023-05-10 00:00:00,3643,170.20,5,Sportlik villane püksid,laste_riided,gold
1436,2023-05-11 00:00:00,4004,208.11,1,Klassikaline flanellne cargo püksid,meeste_riided,null
1413,2023-05-11 00:00:00,3497,26.79,1,Vintage keraamiline barett,aksessuaarid,gold
1554,2023-05-11 00:00:00,4804,318.50,2,Õhuline flanellne V-kaelusega kampsun,meeste_riided,bronze
1320,2023-05-13 00:00:00,3093,153.62,1,Praktiline seemisnahkne saapad,jalanõusid,null
1494,2023-05-13 00:00:00,2631,347.24,2,Elegantne siidine müts,aksessuaarid,null
1402,2023-05-13 00:00:00,2330,704.73,3,Boheemlaslik nahkne talvesaapad,jalanõusid,gold
1473,2023-05-13 00:00:00,2462,94.25,1,Trendikas villane tuulejope,laste_riided,silver
1419,2023-05-13 00:00:00,4451,198.29,1,Mugav tweed kardigan,meeste_riided,null
1366,2023-05-13 00:00:00,3119,280.02,1,Soe siidine särk-pluus,naiste_riided,null
1406,2023-05-14 00:00:00,2343,154.74,3,Soe puuvillane chino püksid,laste_riided,gold
1521,2023-05-14 00:00:00,2997,219.19,1,Elegantne linane bleiser,naiste_riided,gold
1525,2023-05-14 00:00:00,3350,364.88,4,Klassikaline tweed kardigan,meeste_riided,silver
1325,2023-05-14 00:00:00,3616,63.30,2,Trendikas trikoo jakk,laste_riided,null
1492,2023-05-15 00:00:00,3719,142.57,1,Sportlik linane bleiser,meeste_riided,silver
1480,2023-05-16 00:00:00,2618,305.72,1,Vintage nahkne tossud,jalanõusid,silver
1477,2023-05-16 00:00:00,4590,126.60,4,Trendikas trikoo jakk,laste_riided,bronze
1254,2023-05-16 00:00:00,2457,600.44,4,Mugav viskoosne plisseeseelik,naiste_riided,silver
1359,2023-05-17 00:00:00,3118,657.57,3,Elegantne linane bleiser,naiste_riided,silver
1362,2023-05-17 00:00:00,3618,22.70,1,Vintage villane kangasvöö,aksessuaarid,gold
1562,2023-05-17 00:00:00,3692,215.34,2,Vintage teksane chino püksid,meeste_riided,bronze
1535,2023-05-17 00:00:00,3556,51.10,1,Elegantne klaasist barett,aksessuaarid,silver
1377,2023-05-17 00:00:00,4930,62.55,1,Soe kangast nahk sandaalid,jalanõusid,null
1345,2023-05-17 00:00:00,3045,142.80,5,Trendikas keraamiline sõrmkindad,aksessuaarid,silver
1397,2023-05-18 00:00:00,3648,1371.85,5,Trendikas puuvillane skaterkleit,naiste_riided,silver
1306,2023-05-18 00:00:00,4789,42.64,1,Stiilne merino villane parka,naiste_riided,null
1340,2023-05-18 00:00:00,2462,407.34,2,Moodne džersii slim-fit ülikond,meeste_riided,silver
1349,2023-05-18 00:00:00,2295,110.53,1,Kerge teksane slim-fit ülikond,meeste_riided,gold
1501,2023-05-18 00:00:00,3435,245.59,1,Boheemlaslik merino villane kapuutsiga pusa,naiste_riided,null
1548,2023-05-18 00:00:00,3605,871.65,3,Vintage džersii tuunika,naiste_riided,null
1233,2023-05-19 00:00:00,3643,456.39,3,Mugav polüester püksid,meeste_riided,gold
1537,2023-05-19 00:00:00,2917,1114.36,4,Kerge flanellne kardigan,meeste_riided,bronze
1504,2023-05-19 00:00:00,2803,406.78,2,Boheemlaslik villane barett,aksessuaarid,silver
1517,2023-05-19 00:00:00,4687,736.08,4,Trendikas kangast kindad,aksessuaarid,gold
1334,2023-05-19 00:00:00,4427,276.97,1,Klassikaline kangast tennised,jalanõusid,null
1247,2023-05-19 00:00:00,3605,290.32,4,Sportlik fliisist slim-fit püksid,laste_riided,null
1344,2023-05-20 00:00:00,3361,305.72,1,Vintage nahkne tossud,jalanõusid,silver
1380,2023-05-20 00:00:00,4984,332.54,2,Vintage siidine skaterkleit,naiste_riided,null
1455,2023-05-20 00:00:00,4433,55.04,1,Minimalistlik villane pühapäevakleit,laste_riided,silver
1307,2023-05-20 00:00:00,2265,920.35,5,Õhuline puuvillane kampsun,meeste_riided,silver
1268,2023-05-21 00:00:00,3784,221.40,2,Elegantne villane sukkpüksid,laste_riided,bronze
1415,2023-05-22 00:00:00,2757,959.94,3,Praktiline kangast kõrge kontsaga kingad,jalanõusid,null
1257,2023-05-22 00:00:00,2136,868.16,2,Õhuline sünteetiline sporditossud,jalanõusid,silver
1505,2023-05-22 00:00:00,2108,809.55,3,Soe flanellne chino püksid,meeste_riided,bronze
1293,2023-05-23 00:00:00,4034,274.78,1,Mugav linane linane kostüüm,meeste_riided,null
1493,2023-05-23 00:00:00,2543,368.97,1,Stiilne goretex kingad,jalanõusid,gold
1324,2023-05-23 00:00:00,4286,298.94,2,Praktiline nahkne sõrmus,aksessuaarid,null
1519,2023-05-23 00:00:00,3292,697.83,3,Klassikaline villane madalad kontsad,jalanõusid,silver
1236,2023-05-24 00:00:00,3312,24.67,1,Moodne orgaaniline bleiser,laste_riided,null
1462,2023-05-24 00:00:00,4384,152.31,3,Sportlik siidine cargo püksid,naiste_riided,null
1341,2023-05-24 00:00:00,2555,176.16,2,Minimalistlik trikoo tuulejope,laste_riided,silver
1396,2023-05-24 00:00:00,4955,419.40,4,Soe puuvillane pühapäevakleit,laste_riided,null
1485,2023-05-24 00:00:00,2192,164.43,3,Luksuslik trikoo slim-fit püksid,laste_riided,null
1311,2023-05-24 00:00:00,2554,251.52,1,Õhuline villane platvorm sandaalid,jalanõusid,null
1449,2023-05-24 00:00:00,3732,1386.80,4,Praktiline viskoosne jakk,naiste_riided,silver
1405,2023-05-25 00:00:00,3952,24.54,1,Praktiline trikoo sukkpüksid,laste_riided,null
1271,2023-05-25 00:00:00,3763,183.40,1,Moodne siidine sall,aksessuaarid,null
1400,2023-05-26 00:00:00,2578,274.05,5,Luksuslik trikoo slim-fit püksid,laste_riided,bronze
1440,2023-05-26 00:00:00,2741,787.45,5,Praktiline seemisnahkne tennised,jalanõusid,null
1330,2023-05-26 00:00:00,4703,141.05,1,Stiilne nahkne derbyd,jalanõusid,silver
1301,2023-05-26 00:00:00,3692,24.54,1,Praktiline trikoo sukkpüksid,laste_riided,bronze
1289,2023-05-26 00:00:00,4046,203.25,3,Luksuslik sünteetiline loaferid,jalanõusid,null
1534,2023-05-26 00:00:00,4215,509.85,3,Praktiline keraamiline kaabu,aksessuaarid,null
1360,2023-05-27 00:00:00,2440,208.83,1,Soe merino villane topik,naiste_riided,bronze
1470,2023-05-27 00:00:00,4801,53.58,2,Vintage keraamiline barett,aksessuaarid,bronze
1235,2023-05-28 00:00:00,4340,1123.62,3,Vintage tweed kampsun,meeste_riided,bronze
1370,2023-05-28 00:00:00,2549,105.29,1,Elegantne orgaaniline dressikomplekt,laste_riided,silver
1508,2023-05-28 00:00:00,4601,184.02,1,Trendikas kangast kindad,aksessuaarid,silver
1448,2023-05-29 00:00:00,2113,30.05,1,Trendikas fliisist tuulejope,laste_riided,gold
1392,2023-05-29 00:00:00,3536,72.58,1,Sportlik fliisist slim-fit püksid,laste_riided,silver
1327,2023-05-29 00:00:00,2301,298.80,4,Luksuslik villane saapad,jalanõusid,bronze
1335,2023-05-29 00:00:00,3614,24.67,1,Moodne orgaaniline bleiser,laste_riided,gold
1252,2023-05-29 00:00:00,3647,347.24,2,Elegantne siidine müts,aksessuaarid,null
1238,2023-05-29 00:00:00,3121,210.18,2,Kerge linane kampsun,meeste_riided,silver
1364,2023-05-30 00:00:00,3954,184.02,1,Trendikas kangast kindad,aksessuaarid,null
1318,2023-05-30 00:00:00,3766,17.97,1,Luksuslik nahkne käekott,aksessuaarid,gold
1558,2023-05-31 00:00:00,2059,192.22,2,Sportlik goretex nahk sandaalid,jalanõusid,silver
1509,2023-05-31 00:00:00,4498,438.76,2,Stiilne kangast nokamüts,aksessuaarid,gold
1683,2023-06-01 00:00:00,3972,154.71,1,Klassikaline linane parka,meeste_riided,silver
1901,2023-06-01 00:00:00,4205,110.70,1,Elegantne villane sukkpüksid,laste_riided,null
1710,2023-06-01 00:00:00,4178,258.91,1,Mugav merino villane cargo püksid,meeste_riided,null
1799,2023-06-01 00:00:00,2596,169.95,1,Praktiline keraamiline kaabu,aksessuaarid,null
1713,2023-06-01 00:00:00,4043,713.14,2,Õhuline tweed püksid,meeste_riided,null
1900,2023-06-01 00:00:00,3618,72.14,1,Vintage villane püksid,laste_riided,gold
1696,2023-06-02 00:00:00,2819,296.04,3,Stiilne puuvillane mantelpaltoo,laste_riided,silver
1950,2023-06-02 00:00:00,4749,540.42,3,Mugav džersii pusa,naiste_riided,silver
1906,2023-06-02 00:00:00,3685,154.74,3,Soe puuvillane chino püksid,laste_riided,silver
1791,2023-06-02 00:00:00,3882,102.12,3,Sportlik villane püksid,laste_riided,gold
1774,2023-06-02 00:00:00,3578,86.14,1,Sportlik puuvillane chino püksid,laste_riided,silver
1600,2023-06-03 00:00:00,4829,169.08,2,Minimalistlik nahkne derbyd,jalanõusid,gold
1605,2023-06-03 00:00:00,2221,291.72,1,Õhuline sünteetiline kõrge kontsaga kingad,jalanõusid,null
1591,2023-06-03 00:00:00,3851,304.14,1,Trendikas viskoosne topik,naiste_riided,bronze
1623,2023-06-03 00:00:00,3041,158.51,1,Elegantne kashmiir tuulejope,naiste_riided,null
1723,2023-06-03 00:00:00,3849,368.67,1,Moodne villane nahk sandaalid,jalanõusid,gold
1923,2023-06-03 00:00:00,4484,752.66,2,Õhuline villane jooksutossud,jalanõusid,null
1768,2023-06-04 00:00:00,2547,417.66,2,Soe merino villane topik,naiste_riided,null
1741,2023-06-04 00:00:00,3769,211.35,1,Moodne viskoosne plisseeseelik,naiste_riided,silver
1587,2023-06-04 00:00:00,2284,210.36,1,Kerge villane talvesaapad,jalanõusid,silver
1876,2023-06-04 00:00:00,3605,253.80,1,Klassikaline kangast platvormi kontsad,jalanõusid,null
1926,2023-06-04 00:00:00,2585,181.68,1,Boheemlaslik kangast kangasvöö,aksessuaarid,silver
1863,2023-06-05 00:00:00,2108,603.94,2,Kerge džersii pluus,naiste_riided,bronze
1859,2023-06-05 00:00:00,3316,368.67,1,Moodne villane nahk sandaalid,jalanõusid,gold
1685,2023-06-05 00:00:00,4319,317.02,2,Elegantne kashmiir tuulejope,naiste_riided,gold
1982,2023-06-05 00:00:00,4849,108.09,1,Luksuslik satiinne teksapüksid,naiste_riided,silver
1940,2023-06-05 00:00:00,2845,401.54,2,Mugav kashmiir skaterkleit,naiste_riided,silver
1831,2023-06-06 00:00:00,3759,921.81,3,Sportlik seemisnahkne nahk sandaalid,jalanõusid,silver
1896,2023-06-06 00:00:00,4141,588.64,4,Moodne keraamiline sall,aksessuaarid,null
1611,2023-06-06 00:00:00,4030,51.58,1,Soe puuvillane chino püksid,laste_riided,null
1621,2023-06-06 00:00:00,4153,373.54,2,Klassikaline puust nahkvöö,aksessuaarid,gold
1845,2023-06-06 00:00:00,3605,53.24,2,Luksuslik softshell komplekt,laste_riided,null
1913,2023-06-06 00:00:00,2997,849.75,5,Praktiline keraamiline kaabu,aksessuaarid,gold
1702,2023-06-06 00:00:00,2797,183.31,1,Boheemlaslik siidine sõrmkindad,aksessuaarid,bronze
1750,2023-06-06 00:00:00,2983,104.27,1,Trendikas trikoo skaterkleit,laste_riided,null
1981,2023-06-06 00:00:00,2884,17.97,1,Luksuslik nahkne käekott,aksessuaarid,null
1737,2023-06-07 00:00:00,3928,162.86,1,Klassikaline siidine tuulejope,naiste_riided,silver
1620,2023-06-07 00:00:00,2494,17.97,1,Luksuslik nahkne käekott,aksessuaarid,silver
1707,2023-06-07 00:00:00,3221,53.58,2,Vintage keraamiline barett,aksessuaarid,silver
1880,2023-06-07 00:00:00,2620,155.45,1,Moodne kangast sõrmus,aksessuaarid,silver
1972,2023-06-07 00:00:00,3767,812.07,3,Soe nahkne platvormi kontsad,jalanõusid,null
1725,2023-06-08 00:00:00,2805,125.52,1,Elegantne teksane cargo püksid,meeste_riided,null
1933,2023-06-08 00:00:00,3108,159.57,3,Soe orgaaniline sokid,laste_riided,gold
1678,2023-06-08 00:00:00,3817,327.28,2,Minimalistlik sünteetiline saapad,jalanõusid,silver
1753,2023-06-08 00:00:00,2808,51.10,1,Elegantne klaasist barett,aksessuaarid,null
1637,2023-06-08 00:00:00,2397,501.69,3,Trendikas trikoo chino püksid,laste_riided,null
1803,2023-06-08 00:00:00,2137,241.13,1,Õhuline seemisnahkne rannasandaalid,jalanõusid,null
1765,2023-06-08 00:00:00,3436,225.81,1,Klassikaline kashmiir pusa,naiste_riided,silver
1951,2023-06-09 00:00:00,2200,363.36,2,Boheemlaslik kangast kangasvöö,aksessuaarid,null
1771,2023-06-09 00:00:00,3618,77.60,1,Klassikaline flanellne smokingüklikond,meeste_riided,gold
1649,2023-06-09 00:00:00,3648,332.55,1,Praktiline merino villane parka,meeste_riided,silver
1686,2023-06-09 00:00:00,2725,396.58,2,Mugav tweed kardigan,meeste_riided,null
1594,2023-06-10 00:00:00,4168,95.76,2,Praktiline klaasist sõrmkindad,aksessuaarid,bronze
1811,2023-06-10 00:00:00,3197,150.11,1,Mugav viskoosne plisseeseelik,naiste_riided,silver
1697,2023-06-10 00:00:00,3885,257.39,1,Moodne kashmiir pullover,naiste_riided,gold
1855,2023-06-10 00:00:00,3560,676.86,2,Mugav tweed ülikond,meeste_riided,silver
1862,2023-06-10 00:00:00,4184,145.46,2,Minimalistlik džersii chino püksid,naiste_riided,gold
1964,2023-06-10 00:00:00,2355,102.20,2,Elegantne klaasist barett,aksessuaarid,null
1757,2023-06-10 00:00:00,2486,98.79,3,Klassikaline satiinne mantelpaltoo,naiste_riided,null
1766,2023-06-11 00:00:00,3703,1207.86,3,Klassikaline seemisnahkne jooksutossud,jalanõusid,bronze
1988,2023-06-11 00:00:00,3471,614.48,4,Praktiline seemisnahkne saapad,jalanõusid,silver
1625,2023-06-11 00:00:00,2154,469.98,2,Õhuline viskoosne jakk,naiste_riided,gold
1944,2023-06-12 00:00:00,4372,697.83,3,Klassikaline villane madalad kontsad,jalanõusid,silver
1693,2023-06-12 00:00:00,2457,106.21,1,Luksuslik fliisist komplekt,laste_riided,silver
1853,2023-06-12 00:00:00,4949,219.24,4,Luksuslik trikoo slim-fit püksid,laste_riided,bronze
1829,2023-06-12 00:00:00,2108,130.00,2,Vintage seemisnahkne jooksutossud,jalanõusid,bronze
1910,2023-06-12 00:00:00,4031,167.23,1,Trendikas trikoo chino püksid,laste_riided,null
1907,2023-06-12 00:00:00,4610,257.39,1,Moodne kashmiir pullover,naiste_riided,null
1574,2023-06-13 00:00:00,3618,116.20,1,Stiilne linane tuulejope,meeste_riided,gold
1718,2023-06-13 00:00:00,2457,60.37,1,Soe viskoosne skaterkleit,naiste_riided,silver
1805,2023-06-13 00:00:00,4508,150.11,1,Mugav viskoosne plisseeseelik,naiste_riided,silver
1706,2023-06-13 00:00:00,3987,276.20,1,Minimalistlik kashmiir bleiser,naiste_riided,bronze
1764,2023-06-13 00:00:00,2015,123.82,1,Luksuslik džersii chino püksid,meeste_riided,silver
1936,2023-06-13 00:00:00,3019,371.05,1,Trendikas goretex oxfordid,jalanõusid,null
1809,2023-06-13 00:00:00,2338,124.89,3,Minimalistlik puuvillane tuunika,naiste_riided,silver
1828,2023-06-14 00:00:00,4238,328.86,3,Soe džersii suvekleit,naiste_riided,gold
1789,2023-06-14 00:00:00,4266,208.54,2,Trendikas trikoo skaterkleit,laste_riided,bronze
1968,2023-06-14 00:00:00,2636,702.66,2,Boheemlaslik linane pullover,naiste_riided,silver
1833,2023-06-14 00:00:00,4460,62.55,1,Soe kangast nahk sandaalid,jalanõusid,silver
1852,2023-06-15 00:00:00,3431,742.56,3,Luksuslik merino villane chino püksid,naiste_riided,gold
1994,2023-06-15 00:00:00,4066,697.83,3,Klassikaline villane madalad kontsad,jalanõusid,gold
1701,2023-06-15 00:00:00,3469,339.90,2,Praktiline keraamiline kaabu,aksessuaarid,gold
1745,2023-06-15 00:00:00,3964,-187.16,1,Trendikas sünteetiline platvorm sandaalid,jalanõusid,bronze
1760,2023-06-15 00:00:00,4349,290.55,1,Vintage džersii tuunika,naiste_riided,gold
1902,2023-06-15 00:00:00,4985,283.95,3,Minimalistlik trikoo pidžaama,laste_riided,null
1836,2023-06-15 00:00:00,2766,98.68,1,Stiilne puuvillane mantelpaltoo,laste_riided,silver
1665,2023-06-16 00:00:00,2635,121.51,1,Stiilne kangast jooksutossud,jalanõusid,gold
1881,2023-06-16 00:00:00,3875,65.00,1,Vintage seemisnahkne jooksutossud,jalanõusid,null
1724,2023-06-16 00:00:00,2068,272.05,1,Praktiline viskoosne õhtukleit,naiste_riided,silver
1792,2023-06-16 00:00:00,4949,488.58,3,Klassikaline siidine tuulejope,naiste_riided,bronze
1626,2023-06-16 00:00:00,4105,47.07,1,Boheemlaslik klaasist kaelakee,aksessuaarid,null
1652,2023-06-16 00:00:00,4612,325.72,2,Klassikaline siidine tuulejope,naiste_riided,gold
1834,2023-06-16 00:00:00,2030,608.28,2,Trendikas viskoosne topik,naiste_riided,silver
1864,2023-06-18 00:00:00,3737,503.04,2,Õhuline villane platvorm sandaalid,jalanõusid,silver
1748,2023-06-18 00:00:00,3762,215.34,2,Vintage teksane chino püksid,meeste_riided,bronze
1920,2023-06-18 00:00:00,3777,184.02,1,Trendikas kangast kindad,aksessuaarid,silver
1657,2023-06-18 00:00:00,3758,89.29,1,Klassikaline džersii bleiser,meeste_riided,null
1648,2023-06-19 00:00:00,3034,416.22,2,Klassikaline flanellne cargo püksid,meeste_riided,null
1613,2023-06-19 00:00:00,4367,139.74,1,Trendikas džersii miniseelik,naiste_riided,silver
1720,2023-06-19 00:00:00,4744,407.40,5,Õhuline kangast nahk sandaalid,jalanõusid,null
1715,2023-06-19 00:00:00,3848,393.82,2,Sportlik džersii püksid,meeste_riided,null
1608,2023-06-19 00:00:00,4075,549.74,2,Õhuline goretex kingad,jalanõusid,null
1638,2023-06-19 00:00:00,3632,252.84,2,Sportlik merino villane ülikond,meeste_riided,null
1877,2023-06-19 00:00:00,3997,256.74,2,Mugav fliisist alussärk,laste_riided,null
1583,2023-06-19 00:00:00,4790,-145.46,2,Minimalistlik džersii chino püksid,naiste_riided,null
1692,2023-06-19 00:00:00,4949,95.87,1,Sportlik softshell teksapüksid,laste_riided,bronze
1606,2023-06-19 00:00:00,4793,84.54,1,Minimalistlik nahkne derbyd,jalanõusid,null
1839,2023-06-19 00:00:00,4357,208.11,1,Klassikaline flanellne cargo püksid,meeste_riided,gold
1942,2023-06-19 00:00:00,3669,302.79,3,Boheemlaslik polüester casual särk,meeste_riided,null
1650,2023-06-20 00:00:00,2941,206.52,1,Kerge satiinne jakk,naiste_riided,null
1813,2023-06-20 00:00:00,2889,232.61,1,Klassikaline villane madalad kontsad,jalanõusid,silver
1882,2023-06-20 00:00:00,3911,44.08,2,Elegantne metallist sall,aksessuaarid,bronze
1983,2023-06-20 00:00:00,2279,114.16,2,Kerge puust barett,aksessuaarid,null
1662,2023-06-21 00:00:00,4855,504.66,2,Mugav kashmiir pusa,naiste_riided,gold
1639,2023-06-21 00:00:00,2652,295.84,2,Minimalistlik fliisist slim-fit püksid,laste_riided,silver
1738,2023-06-21 00:00:00,2487,358.70,2,Luksuslik puuvillane jakk,naiste_riided,null
1993,2023-06-21 00:00:00,3486,610.17,3,Boheemlaslik villane barett,aksessuaarid,null
1815,2023-06-21 00:00:00,4424,105.09,1,Kerge linane kampsun,meeste_riided,null
1586,2023-06-22 00:00:00,3160,211.35,1,Moodne viskoosne plisseeseelik,naiste_riided,null
1800,2023-06-22 00:00:00,4192,-66.48,4,Moodne villane kaelasall,aksessuaarid,silver
1884,2023-06-22 00:00:00,2025,105.23,1,Soe trikoo pühapäevakleit,laste_riided,null
1733,2023-06-23 00:00:00,2642,504.66,2,Mugav kashmiir pusa,naiste_riided,bronze
1677,2023-06-23 00:00:00,4260,279.48,2,Trendikas džersii miniseelik,naiste_riided,gold
1747,2023-06-23 00:00:00,4562,120.59,1,Elegantne tweed smokingüklikond,meeste_riided,null
1763,2023-06-23 00:00:00,4868,53.01,1,Trendikas flanellne mantelpaltoo,meeste_riided,gold
1832,2023-06-23 00:00:00,3648,549.00,2,Luksuslik polüester V-kaelusega kampsun,meeste_riided,silver
1908,2023-06-23 00:00:00,3476,583.44,2,Õhuline sünteetiline kõrge kontsaga kingad,jalanõusid,null
1687,2023-06-23 00:00:00,2192,120.20,4,Trendikas fliisist tuulejope,laste_riided,null
1754,2023-06-24 00:00:00,2889,-374.32,2,Trendikas sünteetiline platvorm sandaalid,jalanõusid,silver
1974,2023-06-24 00:00:00,2963,16.62,1,Moodne villane kaelasall,aksessuaarid,silver
1691,2023-06-25 00:00:00,4414,85.28,2,Stiilne merino villane parka,naiste_riided,silver
1618,2023-06-25 00:00:00,4762,404.82,3,Elegantne keraamiline labakindad,aksessuaarid,silver
1917,2023-06-26 00:00:00,2826,697.83,3,Klassikaline villane madalad kontsad,jalanõusid,null
1899,2023-06-26 00:00:00,4169,211.35,1,Moodne viskoosne plisseeseelik,naiste_riided,null
1844,2023-06-26 00:00:00,3856,295.84,2,Minimalistlik fliisist slim-fit püksid,laste_riided,gold
1824,2023-06-26 00:00:00,3605,208.83,1,Soe merino villane topik,naiste_riided,null
1826,2023-06-26 00:00:00,2577,203.39,1,Boheemlaslik villane barett,aksessuaarid,null
1820,2023-06-26 00:00:00,2183,160.78,2,Luksuslik villane bleiser,laste_riided,bronze
1987,2023-06-27 00:00:00,4073,57.08,1,Kerge puust barett,aksessuaarid,null
1709,2023-06-27 00:00:00,2368,168.82,2,Minimalistlik seemisnahkne chelsea botased,jalanõusid,null
1955,2023-06-28 00:00:00,2205,848.85,3,Sportlik džersii parka,naiste_riided,gold
1769,2023-06-28 00:00:00,3100,107.36,1,Vintage orgaaniline komplekt,laste_riided,null
1787,2023-06-28 00:00:00,2546,844.10,5,Vintage fliisist koolikomplekt,laste_riided,silver
1581,2023-06-28 00:00:00,3820,51.10,1,Elegantne klaasist barett,aksessuaarid,null
1743,2023-06-28 00:00:00,3837,98.68,1,Stiilne puuvillane mantelpaltoo,laste_riided,null
1850,2023-06-29 00:00:00,3784,507.60,2,Klassikaline kangast platvormi kontsad,jalanõusid,bronze
1673,2023-06-29 00:00:00,4507,63.95,1,Stiilne villane kontsakingad,jalanõusid,bronze
1873,2023-06-29 00:00:00,2973,53.24,2,Luksuslik softshell komplekt,laste_riided,bronze
1945,2023-06-29 00:00:00,3760,65.60,1,Elegantne puust kootud müts,aksessuaarid,gold
1627,2023-06-29 00:00:00,3070,194.46,1,Soe džersii cargo püksid,naiste_riided,silver
1916,2023-06-29 00:00:00,4013,246.97,1,Minimalistlik džersii polo särk,meeste_riided,null
1643,2023-06-29 00:00:00,4530,1302.24,3,Õhuline sünteetiline sporditossud,jalanõusid,null
1970,2023-06-30 00:00:00,4384,48.85,1,Luksuslik tweed linane särk,meeste_riided,null
1858,2023-06-30 00:00:00,3580,442.38,2,Mugav goretex platvormi kontsad,jalanõusid,silver
1869,2023-06-30 00:00:00,3605,147.16,1,Moodne keraamiline sall,aksessuaarid,null
1770,2023-06-30 00:00:00,3196,-166.27,1,Praktiline merino villane pusa,naiste_riided,gold
1589,2023-06-30 00:00:00,2629,595.26,3,Boheemlaslik seemisnahkne oxfordid,jalanõusid,silver
1729,2023-06-30 00:00:00,2335,665.10,2,Praktiline merino villane parka,meeste_riided,silver
1666,2023-06-30 00:00:00,2515,144.20,1,Mugav flanellne parka,meeste_riided,null
1703,2023-06-30 00:00:00,4178,243.93,1,Soe polüester smokingüklikond,meeste_riided,null
2236,2023-07-01 00:00:00,3646,58.49,1,Luksuslik nahkne madalad kontsad,jalanõusid,gold
2058,2023-07-01 00:00:00,2535,72.60,1,Praktiline trikoo püksid,laste_riided,null
2074,2023-07-01 00:00:00,4870,69.39,1,Trendikas sünteetiline mokassiinid,jalanõusid,bronze
2357,2023-07-01 00:00:00,3085,89.39,1,Klassikaline linane mantelpaltoo,meeste_riided,null
2253,2023-07-02 00:00:00,4224,94.25,1,Trendikas villane tuulejope,laste_riided,silver
2414,2023-07-02 00:00:00,3233,72.73,1,Minimalistlik džersii chino püksid,naiste_riided,null
2225,2023-07-02 00:00:00,3660,145.46,2,Minimalistlik džersii chino püksid,naiste_riided,silver
2418,2023-07-02 00:00:00,2096,243.96,2,Luksuslik keraamiline seljakott,aksessuaarid,gold
2385,2023-07-02 00:00:00,3942,440.08,4,Moodne viskoosne teksapüksid,naiste_riided,gold
2135,2023-07-03 00:00:00,4932,140.64,1,Minimalistlik villane bleiser,laste_riided,gold
2091,2023-07-03 00:00:00,2668,221.70,3,Trendikas puuvillane body,laste_riided,null
2060,2023-07-03 00:00:00,3826,242.43,1,Sportlik polüester püksid,meeste_riided,bronze
2167,2023-07-03 00:00:00,3655,453.24,3,Vintage merino villane tuulejope,meeste_riided,null
2380,2023-07-03 00:00:00,4720,873.68,4,Elegantne flanellne cargo püksid,meeste_riided,null
2044,2023-07-03 00:00:00,2713,385.32,3,Elegantne orgaaniline tuulejope,laste_riided,null
2039,2023-07-04 00:00:00,3668,219.19,1,Elegantne linane bleiser,naiste_riided,null
2006,2023-07-04 00:00:00,4078,22.70,1,Minimalistlik puuvillane pidžaama,laste_riided,null
2018,2023-07-04 00:00:00,2926,183.31,1,Boheemlaslik siidine sõrmkindad,aksessuaarid,null
2330,2023-07-04 00:00:00,3154,208.83,1,Soe merino villane topik,naiste_riided,null
2240,2023-07-05 00:00:00,2053,253.80,1,Klassikaline kangast platvormi kontsad,jalanõusid,null
2089,2023-07-05 00:00:00,2294,280.02,1,Soe siidine särk-pluus,naiste_riided,null
2331,2023-07-05 00:00:00,2693,300.22,2,Mugav viskoosne plisseeseelik,naiste_riided,bronze
2069,2023-07-05 00:00:00,3828,105.23,1,Soe trikoo pühapäevakleit,laste_riided,null
2102,2023-07-05 00:00:00,2192,417.66,2,Soe merino villane topik,naiste_riided,null
2025,2023-07-06 00:00:00,4380,88.08,1,Minimalistlik trikoo tuulejope,laste_riided,gold
2134,2023-07-06 00:00:00,3035,269.88,2,Elegantne keraamiline labakindad,aksessuaarid,null
2383,2023-07-06 00:00:00,4206,83.23,1,Moodne kashmiir seelik,naiste_riided,null
2372,2023-07-06 00:00:00,4468,62.55,1,Soe kangast nahk sandaalid,jalanõusid,null
2088,2023-07-06 00:00:00,3708,347.16,1,Mugav flanellne linane kostüüm,meeste_riided,gold
2247,2023-07-06 00:00:00,2968,110.70,1,Elegantne villane sukkpüksid,laste_riided,silver
2336,2023-07-07 00:00:00,3185,169.08,2,Minimalistlik nahkne derbyd,jalanõusid,bronze
2199,2023-07-07 00:00:00,2017,107.67,1,Vintage teksane chino püksid,meeste_riided,silver
2023,2023-07-07 00:00:00,3062,418.10,2,Stiilne kashmiir jakk,naiste_riided,null
2223,2023-07-07 00:00:00,2217,321.78,3,Minimalistlik siidine labakindad,aksessuaarid,gold
2234,2023-07-07 00:00:00,4672,634.05,3,Moodne viskoosne plisseeseelik,naiste_riided,silver
2037,2023-07-07 00:00:00,4612,256.74,2,Mugav fliisist alussärk,laste_riided,gold
2368,2023-07-08 00:00:00,2099,212.42,2,Luksuslik fliisist komplekt,laste_riided,silver
2064,2023-07-08 00:00:00,2154,86.14,1,Sportlik puuvillane chino püksid,laste_riided,gold
2282,2023-07-08 00:00:00,2808,204.87,1,Praktiline villane kott,aksessuaarid,null
2171,2023-07-09 00:00:00,4755,171.33,1,Soe teksane bleiser,meeste_riided,bronze
2216,2023-07-09 00:00:00,3096,302.86,1,Õhuline sünteetiline rannasandaalid,jalanõusid,gold
2302,2023-07-09 00:00:00,2758,229.55,1,Elegantne džersii cargo püksid,naiste_riided,gold
2221,2023-07-09 00:00:00,3518,155.45,1,Moodne kangast sõrmus,aksessuaarid,bronze
2255,2023-07-09 00:00:00,3648,99.57,1,Vintage softshell alussärk,laste_riided,silver
2072,2023-07-09 00:00:00,4523,28.56,1,Trendikas keraamiline sõrmkindad,aksessuaarid,null
2136,2023-07-09 00:00:00,3361,466.35,3,Moodne kangast sõrmus,aksessuaarid,silver
2077,2023-07-09 00:00:00,2744,246.97,1,Minimalistlik džersii polo särk,meeste_riided,gold
2355,2023-07-09 00:00:00,4207,454.35,3,Mugav softshell slim-fit püksid,laste_riided,gold
2076,2023-07-10 00:00:00,3719,1000.68,4,Luksuslik merino villane kapuutsiga pusa,naiste_riided,silver
2036,2023-07-10 00:00:00,3829,24.67,1,Moodne orgaaniline bleiser,laste_riided,silver
2052,2023-07-10 00:00:00,2404,592.80,2,Klassikaline puuvillane skaterkleit,naiste_riided,gold
2346,2023-07-10 00:00:00,2849,62.56,1,Boheemlaslik kangast reisikott,aksessuaarid,gold
2185,2023-07-10 00:00:00,3391,257.39,1,Moodne kashmiir pullover,naiste_riided,gold
2351,2023-07-10 00:00:00,2227,147.92,1,Minimalistlik fliisist slim-fit püksid,laste_riided,silver
2371,2023-07-11 00:00:00,3233,172.92,2,Moodne trikoo koolikomplekt,laste_riided,null
2315,2023-07-11 00:00:00,3605,80.39,1,Luksuslik villane bleiser,laste_riided,null
2409,2023-07-11 00:00:00,4949,53.91,3,Luksuslik nahkne käekott,aksessuaarid,bronze
2147,2023-07-12 00:00:00,3457,351.62,1,Sportlik džersii ülikond,meeste_riided,bronze
2097,2023-07-12 00:00:00,3046,232.40,2,Stiilne linane tuulejope,meeste_riided,gold
2334,2023-07-12 00:00:00,3405,73.90,1,Trendikas puuvillane body,laste_riided,bronze
2046,2023-07-12 00:00:00,2723,274.87,1,Õhuline goretex kingad,jalanõusid,null
2291,2023-07-12 00:00:00,2149,290.92,4,Minimalistlik džersii chino püksid,naiste_riided,gold
2189,2023-07-12 00:00:00,3514,166.27,1,Praktiline merino villane pusa,naiste_riided,null
2279,2023-07-13 00:00:00,4346,247.52,1,Luksuslik merino villane chino püksid,naiste_riided,gold
2301,2023-07-13 00:00:00,2008,814.05,3,Vintage villane rannasandaalid,jalanõusid,gold
2361,2023-07-14 00:00:00,2163,469.58,2,Soe teksane chino püksid,meeste_riided,null
2321,2023-07-14 00:00:00,4422,165.12,3,Minimalistlik villane pühapäevakleit,laste_riided,silver
2153,2023-07-14 00:00:00,3617,163.70,2,Luksuslik džersii ülikond,meeste_riided,silver
2099,2023-07-14 00:00:00,2631,276.26,2,Õhuline orgaaniline alussärk,laste_riided,null
2290,2023-07-14 00:00:00,3356,509.52,4,Kerge puuvillane slim-fit särk,meeste_riided,gold
2413,2023-07-15 00:00:00,3719,208.11,1,Klassikaline flanellne cargo püksid,meeste_riided,silver
2093,2023-07-15 00:00:00,2504,196.56,3,Luksuslik goretex tennised,jalanõusid,null
2365,2023-07-15 00:00:00,4203,149.40,2,Luksuslik villane saapad,jalanõusid,silver
2111,2023-07-15 00:00:00,3434,94.65,1,Minimalistlik trikoo pidžaama,laste_riided,gold
2106,2023-07-15 00:00:00,3041,218.99,1,Boheemlaslik džersii teksapüksid,naiste_riided,null
2410,2023-07-15 00:00:00,2610,421.74,2,Soe linane mantelpaltoo,meeste_riided,null
2251,2023-07-16 00:00:00,2867,389.14,2,Kerge metallist labakindad,aksessuaarid,gold
2083,2023-07-16 00:00:00,2957,448.38,2,Boheemlaslik satiinne seelik,naiste_riided,null
2293,2023-07-16 00:00:00,2380,282.95,1,Sportlik džersii parka,naiste_riided,gold
2287,2023-07-16 00:00:00,4920,276.97,1,Klassikaline kangast tennised,jalanõusid,silver
2145,2023-07-16 00:00:00,3203,690.18,3,Vintage polüester slim-fit püksid,meeste_riided,bronze
2390,2023-07-16 00:00:00,4597,127.74,2,Boheemlaslik softshell komplekt,laste_riided,silver
2020,2023-07-17 00:00:00,2343,504.66,2,Mugav kashmiir pusa,naiste_riided,gold
2206,2023-07-17 00:00:00,3201,581.10,2,Vintage džersii tuunika,naiste_riided,gold
2297,2023-07-17 00:00:00,2759,299.10,2,Luksuslik keraamiline elastne vöö,aksessuaarid,null
2016,2023-07-17 00:00:00,3197,321.78,3,Minimalistlik siidine labakindad,aksessuaarid,silver
2087,2023-07-18 00:00:00,2766,83.10,1,Õhuline linane bleiser,meeste_riided,silver
2142,2023-07-18 00:00:00,2972,84.54,1,Minimalistlik nahkne derbyd,jalanõusid,null
2181,2023-07-18 00:00:00,3605,53.58,2,Vintage keraamiline barett,aksessuaarid,null
2396,2023-07-18 00:00:00,2272,234.99,1,Õhuline viskoosne jakk,naiste_riided,null
2035,2023-07-18 00:00:00,4640,285.14,2,Sportlik linane bleiser,meeste_riided,silver
2269,2023-07-18 00:00:00,4312,389.14,2,Kerge metallist labakindad,aksessuaarid,null
2416,2023-07-19 00:00:00,3669,437.98,2,Boheemlaslik džersii teksapüksid,naiste_riided,null
2007,2023-07-19 00:00:00,2863,366.80,2,Moodne siidine sall,aksessuaarid,gold
2067,2023-07-19 00:00:00,2117,1050.57,3,Õhuline goretex tennised,jalanõusid,null
2261,2023-07-19 00:00:00,4178,94.25,1,Trendikas villane tuulejope,laste_riided,null
2340,2023-07-19 00:00:00,2961,973.14,3,Boheemlaslik kangast rannasandaalid,jalanõusid,null
2170,2023-07-20 00:00:00,2434,54.81,1,Luksuslik trikoo slim-fit püksid,laste_riided,silver
2373,2023-07-20 00:00:00,4846,100.93,1,Boheemlaslik polüester casual särk,meeste_riided,silver
2195,2023-07-20 00:00:00,4079,201.86,1,Boheemlaslik polüester slim-fit särk,meeste_riided,bronze
2146,2023-07-20 00:00:00,4873,22.04,1,Elegantne metallist sall,aksessuaarid,gold
2273,2023-07-21 00:00:00,3462,695.68,2,Luksuslik teksane polo särk,meeste_riided,null
2295,2023-07-21 00:00:00,3848,35.68,1,Moodne puuvillane komplekt,laste_riided,null
2348,2023-07-21 00:00:00,4167,35.94,2,Luksuslik nahkne käekott,aksessuaarid,gold
2402,2023-07-21 00:00:00,3716,109.90,2,Kerge puuvillane chino püksid,laste_riided,null
2252,2023-07-21 00:00:00,2780,241.18,2,Elegantne tweed smokingüklikond,meeste_riided,null
2367,2023-07-21 00:00:00,4965,279.48,2,Trendikas džersii miniseelik,naiste_riided,null
2137,2023-07-22 00:00:00,2524,374.32,2,Trendikas sünteetiline platvorm sandaalid,jalanõusid,bronze
2309,2023-07-22 00:00:00,2356,390.06,3,Mugav puuvillane suvekleit,laste_riided,null
2139,2023-07-22 00:00:00,3563,28.56,1,Trendikas keraamiline sõrmkindad,aksessuaarid,null
2124,2023-07-22 00:00:00,4534,-184.15,1,Stiilne villane sõrmkindad,aksessuaarid,gold
2218,2023-07-22 00:00:00,3618,296.40,1,Klassikaline puuvillane skaterkleit,naiste_riided,gold
2232,2023-07-22 00:00:00,3647,22.70,1,Minimalistlik puuvillane pidžaama,laste_riided,null
2217,2023-07-22 00:00:00,2819,80.39,1,Luksuslik villane bleiser,laste_riided,silver
2214,2023-07-23 00:00:00,4417,431.16,2,Stiilne villane seljakott,aksessuaarid,gold
2264,2023-07-23 00:00:00,3350,498.81,3,Vintage siidine skaterkleit,naiste_riided,silver
2270,2023-07-23 00:00:00,3810,82.15,1,Elegantne tweed püksid,meeste_riided,null
2168,2023-07-23 00:00:00,3359,97.16,2,Soe fliisist pidžaama,laste_riided,null
2141,2023-07-23 00:00:00,4851,410.00,2,Õhuline flanellne smokingüklikond,meeste_riided,silver
2324,2023-07-23 00:00:00,4390,921.81,3,Sportlik seemisnahkne nahk sandaalid,jalanõusid,null
2126,2023-07-23 00:00:00,4516,234.10,2,Trendikas kangast nokamüts,aksessuaarid,gold
2149,2023-07-24 00:00:00,2446,54.95,1,Kerge puuvillane chino püksid,laste_riided,bronze
2258,2023-07-24 00:00:00,3981,81.48,1,Õhuline kangast nahk sandaalid,jalanõusid,null
2120,2023-07-24 00:00:00,2282,319.42,1,Praktiline džersii seelik,naiste_riided,null
2316,2023-07-24 00:00:00,2578,506.46,3,Vintage fliisist koolikomplekt,laste_riided,bronze
2080,2023-07-24 00:00:00,4903,26.62,1,Luksuslik softshell komplekt,laste_riided,bronze
2224,2023-07-24 00:00:00,3618,171.33,1,Soe teksane bleiser,meeste_riided,gold
2325,2023-07-24 00:00:00,2634,333.78,3,Vintage viskoosne püksid,naiste_riided,gold
2004,2023-07-25 00:00:00,2556,70.01,1,Praktiline flanellne linane särk,meeste_riided,gold
2323,2023-07-25 00:00:00,4175,659.98,2,Õhuline nahkne sporditossud,jalanõusid,gold
2298,2023-07-25 00:00:00,3937,71.04,3,Vintage softshell cargo püksid,laste_riided,bronze
2127,2023-07-25 00:00:00,2277,219.38,1,Stiilne kangast nokamüts,aksessuaarid,gold
2213,2023-07-25 00:00:00,3098,250.72,2,Moodne fliisist teksapüksid,laste_riided,gold
2399,2023-07-25 00:00:00,2735,329.99,1,Õhuline nahkne sporditossud,jalanõusid,gold
2042,2023-07-25 00:00:00,2108,259.69,1,Luksuslik tweed triiksärk,meeste_riided,bronze
2229,2023-07-25 00:00:00,3419,716.82,2,Sportlik kangast tossud,jalanõusid,null
2285,2023-07-25 00:00:00,2085,65.52,1,Luksuslik goretex tennised,jalanõusid,gold
2408,2023-07-25 00:00:00,2697,500.34,2,Luksuslik merino villane kapuutsiga pusa,naiste_riided,null
2043,2023-07-26 00:00:00,3354,219.38,1,Stiilne kangast nokamüts,aksessuaarid,silver
2059,2023-07-26 00:00:00,2969,1128.99,3,Õhuline villane jooksutossud,jalanõusid,silver
2205,2023-07-26 00:00:00,4364,163.53,1,Boheemlaslik merino villane poolsäärne kampsun,meeste_riided,bronze
2084,2023-07-26 00:00:00,3154,460.86,3,Praktiline seemisnahkne saapad,jalanõusid,null
2405,2023-07-26 00:00:00,2418,31.65,1,Trendikas trikoo jakk,laste_riided,null
2245,2023-07-27 00:00:00,3103,110.70,1,Elegantne villane sukkpüksid,laste_riided,null
2186,2023-07-27 00:00:00,2941,149.47,1,Praktiline nahkne sõrmus,aksessuaarid,null
2187,2023-07-27 00:00:00,2740,796.25,5,Õhuline flanellne V-kaelusega kampsun,meeste_riided,null
2320,2023-07-27 00:00:00,4323,68.10,3,Minimalistlik puuvillane pidžaama,laste_riided,gold
2165,2023-07-27 00:00:00,2115,144.20,1,Mugav flanellne parka,meeste_riided,silver
2117,2023-07-27 00:00:00,3732,434.08,1,Õhuline sünteetiline sporditossud,jalanõusid,silver
2011,2023-07-27 00:00:00,4514,191.85,3,Stiilne villane kontsakingad,jalanõusid,gold
2108,2023-07-27 00:00:00,2044,49.08,2,Praktiline trikoo sukkpüksid,laste_riided,bronze
2363,2023-07-27 00:00:00,3439,368.97,1,Stiilne goretex kingad,jalanõusid,bronze
2244,2023-07-28 00:00:00,3147,167.94,2,Luksuslik sünteetiline nahk sandaalid,jalanõusid,silver
2377,2023-07-28 00:00:00,4528,203.67,1,Moodne džersii slim-fit ülikond,meeste_riided,silver
2378,2023-07-28 00:00:00,3619,106.71,1,Vintage metallist seljakott,aksessuaarid,silver
2381,2023-07-28 00:00:00,3236,251.96,2,Kerge viskoosne suvekleit,naiste_riided,bronze
2421,2023-07-28 00:00:00,4191,368.30,2,Stiilne villane sõrmkindad,aksessuaarid,gold
2259,2023-07-29 00:00:00,4860,153.11,1,Minimalistlik puust kootud müts,aksessuaarid,silver
2131,2023-07-29 00:00:00,2667,388.92,2,Soe džersii cargo püksid,naiste_riided,silver
2192,2023-07-29 00:00:00,4635,219.83,1,Kerge siidine nahkkindad,aksessuaarid,gold
2008,2023-07-29 00:00:00,4279,110.53,1,Kerge teksane slim-fit ülikond,meeste_riided,bronze
2040,2023-07-29 00:00:00,4011,608.52,4,Mugav polüester püksid,meeste_riided,null
2412,2023-07-29 00:00:00,3291,212.42,2,Luksuslik fliisist komplekt,laste_riided,null
2030,2023-07-29 00:00:00,2159,487.86,2,Soe polüester smokingüklikond,meeste_riided,null
2066,2023-07-29 00:00:00,2275,53.99,1,Moodne villane pühapäevakleit,laste_riided,gold
2289,2023-07-30 00:00:00,4467,130.73,1,Vintage orgaaniline body,laste_riided,silver
2047,2023-07-30 00:00:00,3840,327.07,1,Õhuline polüester cargo püksid,meeste_riided,gold
2196,2023-07-30 00:00:00,3672,251.91,3,Luksuslik sünteetiline nahk sandaalid,jalanõusid,silver
2128,2023-07-30 00:00:00,4206,274.78,1,Mugav linane linane kostüüm,meeste_riided,null
2342,2023-07-30 00:00:00,2924,414.46,2,Minimalistlik villane nahk sandaalid,jalanõusid,null
2238,2023-07-31 00:00:00,3726,590.73,3,Sportlik džersii püksid,meeste_riided,silver
2745,2023-08-01 00:00:00,2706,438.76,2,Stiilne kangast nokamüts,aksessuaarid,null
2439,2023-08-01 00:00:00,4676,74.41,1,Elegantne villane platvorm sandaalid,jalanõusid,gold
2645,2023-08-01 00:00:00,3810,104.27,1,Trendikas trikoo skaterkleit,laste_riided,null
2479,2023-08-01 00:00:00,3108,96.50,1,Sportlik puuvillane smokingüklikond,meeste_riided,gold
2707,2023-08-01 00:00:00,3358,138.90,1,Soe polüester slim-fit püksid,meeste_riided,null
2678,2023-08-02 00:00:00,2388,742.10,2,Trendikas goretex oxfordid,jalanõusid,null
2637,2023-08-02 00:00:00,2720,160.91,1,Praktiline polüester casual särk,meeste_riided,null
2496,2023-08-02 00:00:00,3713,231.13,1,Luksuslik metallist labakindad,aksessuaarid,bronze
2621,2023-08-03 00:00:00,3710,731.79,3,Soe polüester smokingüklikond,meeste_riided,null
2536,2023-08-03 00:00:00,3805,84.41,1,Minimalistlik seemisnahkne chelsea botased,jalanõusid,bronze
2537,2023-08-03 00:00:00,3439,160.78,2,Luksuslik villane bleiser,laste_riided,bronze
2669,2023-08-03 00:00:00,2944,257.39,1,Moodne kashmiir pullover,naiste_riided,null
2655,2023-08-03 00:00:00,3613,402.62,1,Klassikaline seemisnahkne jooksutossud,jalanõusid,null
2546,2023-08-04 00:00:00,2242,275.20,5,Minimalistlik villane pühapäevakleit,laste_riided,null
2437,2023-08-04 00:00:00,4927,158.94,1,Trendikas goretex chelsea botased,jalanõusid,null
2498,2023-08-04 00:00:00,4127,300.22,2,Mugav viskoosne plisseeseelik,naiste_riided,null
2784,2023-08-04 00:00:00,4400,48.58,1,Soe fliisist pidžaama,laste_riided,null
2839,2023-08-04 00:00:00,2924,309.42,2,Klassikaline linane parka,meeste_riided,null
2818,2023-08-05 00:00:00,3564,58.96,2,Mugav klaasist kõrvarõngad,aksessuaarid,silver
2749,2023-08-05 00:00:00,2114,480.63,3,Boheemlaslik merino villane cargo püksid,meeste_riided,bronze
2451,2023-08-05 00:00:00,2221,233.74,2,Moodne kangast derbyd,jalanõusid,null
2569,2023-08-05 00:00:00,3273,459.10,2,Elegantne džersii cargo püksid,naiste_riided,null
2814,2023-08-05 00:00:00,2963,252.84,2,Sportlik merino villane ülikond,meeste_riided,silver
2824,2023-08-05 00:00:00,2826,219.38,1,Stiilne kangast nokamüts,aksessuaarid,null
2551,2023-08-05 00:00:00,2719,300.22,2,Mugav viskoosne plisseeseelik,naiste_riided,silver
2526,2023-08-05 00:00:00,2251,416.22,2,Klassikaline flanellne cargo püksid,meeste_riided,gold
2774,2023-08-06 00:00:00,3659,205.00,1,Õhuline flanellne smokingüklikond,meeste_riided,gold
2750,2023-08-06 00:00:00,3642,302.86,1,Õhuline sünteetiline rannasandaalid,jalanõusid,gold
2428,2023-08-06 00:00:00,3045,458.02,2,Boheemlaslik tweed smokingüklikond,meeste_riided,silver
2769,2023-08-06 00:00:00,2793,626.49,3,Soe merino villane topik,naiste_riided,gold
2502,2023-08-06 00:00:00,3536,83.23,1,Moodne kashmiir seelik,naiste_riided,silver
2475,2023-08-06 00:00:00,2724,631.08,3,Kerge villane talvesaapad,jalanõusid,null
2804,2023-08-07 00:00:00,4907,337.64,2,Vintage fliisist koolikomplekt,laste_riided,null
2543,2023-08-07 00:00:00,4196,737.34,2,Moodne villane nahk sandaalid,jalanõusid,silver
2572,2023-08-07 00:00:00,2928,530.40,2,Sportlik linane jakk,naiste_riided,null
2711,2023-08-07 00:00:00,2580,462.26,2,Luksuslik metallist labakindad,aksessuaarid,null
2508,2023-08-08 00:00:00,2422,71.36,2,Moodne puuvillane komplekt,laste_riided,silver
2654,2023-08-08 00:00:00,3351,152.85,1,Sportlik softshell sukkpüksid,laste_riided,silver
2740,2023-08-09 00:00:00,3085,429.44,4,Vintage orgaaniline komplekt,laste_riided,null
2597,2023-08-09 00:00:00,3341,143.42,1,Mugav puuvillane kardigan,meeste_riided,silver
2638,2023-08-09 00:00:00,3260,329.99,1,Õhuline nahkne sporditossud,jalanõusid,null
2549,2023-08-09 00:00:00,3605,305.72,1,Vintage nahkne tossud,jalanõusid,null
2434,2023-08-09 00:00:00,4338,215.34,2,Vintage teksane chino püksid,meeste_riided,null
2507,2023-08-10 00:00:00,3296,371.05,1,Trendikas goretex oxfordid,jalanõusid,gold
2768,2023-08-10 00:00:00,3556,45.27,3,Praktiline siidine rätik,aksessuaarid,silver
2709,2023-08-10 00:00:00,3549,274.50,1,Luksuslik polüester V-kaelusega kampsun,meeste_riided,null
2602,2023-08-10 00:00:00,2767,162.86,1,Klassikaline siidine tuulejope,naiste_riided,silver
2550,2023-08-10 00:00:00,4982,125.37,3,Minimalistlik softshell alussärk,laste_riided,bronze
2677,2023-08-11 00:00:00,3218,-350.50,2,Soe polüester cargo püksid,meeste_riided,null
2798,2023-08-11 00:00:00,2846,541.38,2,Soe nahkne platvormi kontsad,jalanõusid,null
2653,2023-08-12 00:00:00,4894,66.12,3,Elegantne metallist sall,aksessuaarid,null
2735,2023-08-12 00:00:00,3140,55.04,1,Minimalistlik villane pühapäevakleit,laste_riided,gold
2512,2023-08-12 00:00:00,2154,302.90,2,Mugav softshell slim-fit püksid,laste_riided,gold
2454,2023-08-12 00:00:00,4488,117.68,4,Kerge nahkne õlakott,aksessuaarid,silver
2575,2023-08-12 00:00:00,4790,265.20,1,Sportlik linane jakk,naiste_riided,null
2772,2023-08-13 00:00:00,4164,95.50,1,Õhuline viskoosne miniseelik,naiste_riided,gold
2716,2023-08-13 00:00:00,3618,282.29,1,Sportlik kangast tennised,jalanõusid,gold
2738,2023-08-13 00:00:00,2143,47.07,1,Boheemlaslik klaasist kaelakee,aksessuaarid,silver
2828,2023-08-13 00:00:00,4566,189.30,2,Minimalistlik trikoo pidžaama,laste_riided,null
2620,2023-08-13 00:00:00,3398,430.70,5,Sportlik puuvillane chino püksid,laste_riided,gold
2787,2023-08-13 00:00:00,4468,316.04,1,Trendikas džersii slim-fit püksid,meeste_riided,null
2812,2023-08-13 00:00:00,4604,194.57,1,Kerge metallist labakindad,aksessuaarid,null
2464,2023-08-14 00:00:00,3826,84.95,1,Mugav softshell teksapüksid,laste_riided,bronze
2616,2023-08-14 00:00:00,4078,127.90,2,Stiilne villane kontsakingad,jalanõusid,null
2604,2023-08-14 00:00:00,2803,297.64,4,Elegantne villane platvorm sandaalid,jalanõusid,silver
2840,2023-08-14 00:00:00,3605,84.54,1,Minimalistlik nahkne derbyd,jalanõusid,null
2469,2023-08-15 00:00:00,3648,96.50,1,Sportlik puuvillane smokingüklikond,meeste_riided,silver
2722,2023-08-15 00:00:00,3474,83.10,1,Õhuline linane bleiser,meeste_riided,bronze
2658,2023-08-15 00:00:00,2031,234.99,1,Õhuline viskoosne jakk,naiste_riided,gold
2443,2023-08-15 00:00:00,2373,100.40,1,Elegantne puuvillane body,laste_riided,silver
2777,2023-08-15 00:00:00,2309,67.75,1,Luksuslik sünteetiline loaferid,jalanõusid,gold
2703,2023-08-15 00:00:00,4346,381.56,4,Klassikaline kangast nahkkindad,aksessuaarid,gold
2757,2023-08-16 00:00:00,3817,1166.88,4,Õhuline sünteetiline kõrge kontsaga kingad,jalanõusid,silver
2613,2023-08-16 00:00:00,3350,184.07,1,Õhuline puuvillane kampsun,meeste_riided,silver
2447,2023-08-16 00:00:00,3404,514.78,2,Moodne kashmiir pullover,naiste_riided,null
2679,2023-08-16 00:00:00,2165,360.28,2,Mugav džersii pusa,naiste_riided,null
2692,2023-08-16 00:00:00,3919,201.86,2,Boheemlaslik polüester casual särk,meeste_riided,gold
2617,2023-08-17 00:00:00,3928,163.64,1,Minimalistlik sünteetiline saapad,jalanõusid,silver
2534,2023-08-17 00:00:00,3529,563.40,5,Minimalistlik softshell cargo püksid,laste_riided,silver
2760,2023-08-17 00:00:00,3714,183.31,1,Boheemlaslik siidine sõrmkindad,aksessuaarid,null
2776,2023-08-17 00:00:00,2997,156.13,1,Õhuline nahkne elastne vöö,aksessuaarid,gold
2833,2023-08-17 00:00:00,4240,296.40,1,Klassikaline puuvillane skaterkleit,naiste_riided,null
2741,2023-08-18 00:00:00,3945,1286.95,5,Moodne kashmiir pullover,naiste_riided,gold
2487,2023-08-18 00:00:00,3239,193.00,2,Sportlik puuvillane smokingüklikond,meeste_riided,null
2562,2023-08-18 00:00:00,2274,191.74,2,Sportlik softshell teksapüksid,laste_riided,gold
2560,2023-08-18 00:00:00,3080,347.84,1,Luksuslik teksane polo särk,meeste_riided,bronze
2514,2023-08-19 00:00:00,4226,733.60,4,Moodne siidine sall,aksessuaarid,null
2729,2023-08-19 00:00:00,4666,62.55,1,Soe kangast nahk sandaalid,jalanõusid,bronze
2452,2023-08-19 00:00:00,4800,145.16,2,Sportlik fliisist slim-fit püksid,laste_riided,null
2605,2023-08-19 00:00:00,4950,120.17,1,Mugav kangast tennised,jalanõusid,gold
2500,2023-08-20 00:00:00,4206,315.69,3,Soe trikoo pühapäevakleit,laste_riided,null
2843,2023-08-20 00:00:00,2099,222.10,1,Trendikas viskoosne tuulejope,naiste_riided,silver
2492,2023-08-20 00:00:00,4381,417.44,2,Praktiline kangast reisikott,aksessuaarid,gold
2822,2023-08-20 00:00:00,2629,1487.16,4,Luksuslik villane pahkluu saapad,jalanõusid,silver
2519,2023-08-20 00:00:00,3022,209.05,1,Stiilne kashmiir jakk,naiste_riided,null
2782,2023-08-20 00:00:00,4044,146.55,3,Luksuslik tweed linane särk,meeste_riided,null
2456,2023-08-20 00:00:00,3710,407.34,2,Moodne džersii slim-fit ülikond,meeste_riided,null
2436,2023-08-21 00:00:00,2720,80.39,1,Luksuslik villane bleiser,laste_riided,null
2460,2023-08-21 00:00:00,3559,743.58,2,Luksuslik villane pahkluu saapad,jalanõusid,gold
2663,2023-08-21 00:00:00,3002,659.49,3,Kerge siidine nahkkindad,aksessuaarid,null
2759,2023-08-21 00:00:00,4592,545.04,3,Boheemlaslik kangast kangasvöö,aksessuaarid,gold
2541,2023-08-22 00:00:00,2463,336.68,2,Mugav merino villane dressipluus,naiste_riided,null
2548,2023-08-22 00:00:00,4610,80.39,1,Luksuslik villane bleiser,laste_riided,null
2461,2023-08-22 00:00:00,4898,53.58,2,Vintage keraamiline barett,aksessuaarid,null
2441,2023-08-23 00:00:00,3937,259.69,1,Luksuslik tweed triiksärk,meeste_riided,bronze
2442,2023-08-23 00:00:00,2318,120.59,1,Elegantne tweed smokingüklikond,meeste_riided,gold
2739,2023-08-23 00:00:00,3472,812.97,3,Moodne tweed smokingüklikond,meeste_riided,gold
2573,2023-08-23 00:00:00,3111,106.38,2,Soe orgaaniline sokid,laste_riided,silver
2574,2023-08-23 00:00:00,2533,632.10,5,Sportlik merino villane ülikond,meeste_riided,gold
2643,2023-08-23 00:00:00,4678,155.45,1,Moodne kangast sõrmus,aksessuaarid,null
2539,2023-08-24 00:00:00,4454,200.80,2,Elegantne puuvillane body,laste_riided,silver
2566,2023-08-24 00:00:00,4120,546.12,2,Boheemlaslik goretex kingad,jalanõusid,bronze
2771,2023-08-24 00:00:00,4794,412.68,2,Soe seemisnahkne jooksutossud,jalanõusid,gold
2618,2023-08-24 00:00:00,4639,159.57,3,Soe orgaaniline sokid,laste_riided,null
2714,2023-08-25 00:00:00,2192,45.40,2,Vintage villane kangasvöö,aksessuaarid,null
2789,2023-08-25 00:00:00,3556,256.74,2,Mugav fliisist alussärk,laste_riided,silver
2682,2023-08-25 00:00:00,3956,-166.27,1,Praktiline merino villane pusa,naiste_riided,null
2758,2023-08-26 00:00:00,4571,144.20,1,Mugav flanellne parka,meeste_riided,silver
2444,2023-08-26 00:00:00,4597,595.26,3,Boheemlaslik seemisnahkne oxfordid,jalanõusid,silver
2544,2023-08-26 00:00:00,3804,416.22,2,Klassikaline flanellne cargo püksid,meeste_riided,silver
2695,2023-08-26 00:00:00,4055,263.13,1,Soe satiinne pluus,naiste_riided,null
2734,2023-08-26 00:00:00,3153,83.10,1,Õhuline linane bleiser,meeste_riided,silver
2736,2023-08-26 00:00:00,3552,417.66,2,Soe merino villane topik,naiste_riided,null
2503,2023-08-27 00:00:00,2397,1610.48,4,Klassikaline seemisnahkne jooksutossud,jalanõusid,null
2530,2023-08-27 00:00:00,2117,296.40,1,Klassikaline puuvillane skaterkleit,naiste_riided,null
2567,2023-08-27 00:00:00,2296,520.08,4,Mugav puuvillane suvekleit,laste_riided,silver
2587,2023-08-28 00:00:00,2848,248.70,2,Elegantne tweed bleiser,meeste_riided,silver
2823,2023-08-28 00:00:00,4691,164.85,3,Kerge puuvillane chino püksid,laste_riided,null
2725,2023-08-28 00:00:00,3076,147.92,1,Minimalistlik fliisist slim-fit püksid,laste_riided,bronze
2807,2023-08-28 00:00:00,3903,95.50,1,Õhuline viskoosne miniseelik,naiste_riided,null
2478,2023-08-28 00:00:00,2129,109.62,2,Luksuslik trikoo slim-fit püksid,laste_riided,null
2694,2023-08-29 00:00:00,3841,338.43,1,Mugav tweed ülikond,meeste_riided,null
2610,2023-08-29 00:00:00,3573,123.64,1,Praktiline puuvillane teksapüksid,laste_riided,bronze
2698,2023-08-29 00:00:00,2613,495.04,2,Luksuslik merino villane chino püksid,naiste_riided,silver
2696,2023-08-29 00:00:00,3695,582.72,2,Trendikas džersii pullover,naiste_riided,null
2626,2023-08-29 00:00:00,3661,178.78,2,Klassikaline linane mantelpaltoo,meeste_riided,silver
2756,2023-08-29 00:00:00,3119,427.71,3,Sportlik linane bleiser,meeste_riided,null
2681,2023-08-29 00:00:00,2230,518.46,2,Kerge linane teksapüksid,meeste_riided,gold
2831,2023-08-30 00:00:00,2367,520.86,3,Elegantne siidine müts,aksessuaarid,gold
2690,2023-08-30 00:00:00,4637,-65.00,1,Vintage seemisnahkne jooksutossud,jalanõusid,null
2632,2023-08-30 00:00:00,4212,100.40,1,Elegantne puuvillane body,laste_riided,silver
2797,2023-08-30 00:00:00,4509,106.69,1,Moodne flanellne triiksärk,meeste_riided,silver
2555,2023-08-30 00:00:00,4493,381.62,2,Praktiline nahkne nahk sandaalid,jalanõusid,null
2465,2023-08-30 00:00:00,3459,164.30,2,Elegantne tweed püksid,meeste_riided,gold
2686,2023-08-31 00:00:00,3227,505.02,3,Mugav merino villane dressipluus,naiste_riided,null
2691,2023-08-31 00:00:00,4193,50.85,1,Praktiline puust sall,aksessuaarid,silver
2724,2023-08-31 00:00:00,2849,583.44,2,Õhuline sünteetiline kõrge kontsaga kingad,jalanõusid,gold
2664,2023-08-31 00:00:00,2721,145.16,2,Sportlik fliisist slim-fit püksid,laste_riided,bronze
2715,2023-08-31 00:00:00,2781,173.60,2,Vintage viskoosne kapuutsiga pusa,naiste_riided,null
3123,2023-09-01 00:00:00,4419,51.50,1,Minimalistlik softshell chino püksid,laste_riided,null
2991,2023-09-01 00:00:00,2631,615.66,2,Õhuline linane jakk,naiste_riided,null
3151,2023-09-01 00:00:00,2836,541.98,2,Moodne tweed smokingüklikond,meeste_riided,bronze
2944,2023-09-01 00:00:00,3637,60.80,1,Mugav puuvillane pühapäevakleit,laste_riided,null
2928,2023-09-01 00:00:00,2692,274.50,1,Luksuslik polüester V-kaelusega kampsun,meeste_riided,null
3169,2023-09-01 00:00:00,2911,247.64,2,Luksuslik džersii chino püksid,meeste_riided,null
3086,2023-09-02 00:00:00,2050,58.96,2,Mugav klaasist kõrvarõngad,aksessuaarid,gold
2984,2023-09-02 00:00:00,3575,276.20,1,Minimalistlik kashmiir bleiser,naiste_riided,bronze
3001,2023-09-02 00:00:00,2317,246.97,1,Minimalistlik džersii polo särk,meeste_riided,null
3069,2023-09-03 00:00:00,2405,128.37,1,Mugav fliisist alussärk,laste_riided,null
2968,2023-09-03 00:00:00,4670,98.68,1,Stiilne puuvillane mantelpaltoo,laste_riided,null
3022,2023-09-03 00:00:00,2184,23.45,1,Moodne nahkne müts,aksessuaarid,null
3133,2023-09-03 00:00:00,3554,155.45,1,Moodne kangast sõrmus,aksessuaarid,null
2867,2023-09-03 00:00:00,4848,686.43,3,Trendikas nahkne oxfordid,jalanõusid,null
2864,2023-09-03 00:00:00,4006,294.32,2,Moodne keraamiline sall,aksessuaarid,silver
2874,2023-09-04 00:00:00,4010,181.68,1,Boheemlaslik kangast kangasvöö,aksessuaarid,null
3014,2023-09-04 00:00:00,2713,252.33,1,Mugav kashmiir pusa,naiste_riided,null
2936,2023-09-04 00:00:00,2631,242.43,1,Sportlik polüester püksid,meeste_riided,null
2938,2023-09-04 00:00:00,4429,290.55,1,Vintage džersii tuunika,naiste_riided,null
2889,2023-09-04 00:00:00,2768,154.50,3,Minimalistlik softshell chino püksid,laste_riided,null
3143,2023-09-04 00:00:00,4024,52.04,1,Elegantne orgaaniline kleit,laste_riided,gold
3119,2023-09-05 00:00:00,2074,84.41,1,Minimalistlik seemisnahkne chelsea botased,jalanõusid,gold
3076,2023-09-05 00:00:00,4114,65.60,1,Elegantne puust kootud müts,aksessuaarid,null
2900,2023-09-05 00:00:00,4951,525.75,3,Soe polüester cargo püksid,meeste_riided,null
3008,2023-09-05 00:00:00,4076,125.36,1,Moodne fliisist teksapüksid,laste_riided,gold
3025,2023-09-06 00:00:00,4509,232.40,2,Stiilne linane tuulejope,meeste_riided,silver
3159,2023-09-06 00:00:00,2808,130.73,1,Vintage orgaaniline body,laste_riided,null
3174,2023-09-06 00:00:00,2287,53.24,2,Luksuslik softshell komplekt,laste_riided,silver
2977,2023-09-06 00:00:00,2243,-60.10,2,Trendikas fliisist tuulejope,laste_riided,gold
3172,2023-09-06 00:00:00,3412,399.60,2,Õhuline villane sõrmus,aksessuaarid,bronze
3161,2023-09-07 00:00:00,4115,830.91,3,Klassikaline kangast tennised,jalanõusid,null
3139,2023-09-07 00:00:00,3605,251.28,4,Trendikas villane dressikomplekt,laste_riided,null
3105,2023-09-07 00:00:00,4584,1106.91,3,Stiilne goretex kingad,jalanõusid,null
3004,2023-09-08 00:00:00,2154,750.51,3,Luksuslik merino villane kapuutsiga pusa,naiste_riided,gold
2892,2023-09-08 00:00:00,2697,-422.70,2,Moodne viskoosne plisseeseelik,naiste_riided,null
3104,2023-09-08 00:00:00,3810,53.01,1,Trendikas flanellne mantelpaltoo,meeste_riided,null
2973,2023-09-08 00:00:00,2712,52.04,1,Elegantne orgaaniline kleit,laste_riided,null
3150,2023-09-09 00:00:00,4951,184.15,1,Stiilne villane sõrmkindad,aksessuaarid,null
3007,2023-09-09 00:00:00,3575,65.52,1,Luksuslik goretex tennised,jalanõusid,bronze
3037,2023-09-09 00:00:00,4281,32.93,1,Klassikaline satiinne mantelpaltoo,naiste_riided,silver
3093,2023-09-09 00:00:00,2781,63.95,1,Stiilne villane kontsakingad,jalanõusid,null
3126,2023-09-10 00:00:00,3486,84.41,1,Minimalistlik seemisnahkne chelsea botased,jalanõusid,null
3153,2023-09-10 00:00:00,2889,173.62,1,Elegantne siidine müts,aksessuaarid,silver
2879,2023-09-10 00:00:00,2357,24.54,1,Praktiline trikoo sukkpüksid,laste_riided,gold
3097,2023-09-11 00:00:00,3165,368.97,1,Stiilne goretex kingad,jalanõusid,gold
3043,2023-09-12 00:00:00,3648,324.38,1,Boheemlaslik kangast rannasandaalid,jalanõusid,silver
2943,2023-09-12 00:00:00,4937,158.51,1,Elegantne kashmiir tuulejope,naiste_riided,silver
2921,2023-09-12 00:00:00,2095,93.13,1,Elegantne kangast kindad,aksessuaarid,gold
2949,2023-09-12 00:00:00,3185,82.15,1,Elegantne tweed püksid,meeste_riided,bronze
3005,2023-09-12 00:00:00,3144,-22.70,1,Minimalistlik puuvillane pidžaama,laste_riided,bronze
3073,2023-09-13 00:00:00,2132,224.19,1,Boheemlaslik satiinne seelik,naiste_riided,silver
3162,2023-09-13 00:00:00,4434,181.68,1,Boheemlaslik kangast kangasvöö,aksessuaarid,bronze
2903,2023-09-13 00:00:00,4458,371.05,1,Trendikas goretex oxfordid,jalanõusid,gold
3010,2023-09-13 00:00:00,2901,160.78,2,Luksuslik villane bleiser,laste_riided,silver
3061,2023-09-13 00:00:00,4910,84.95,1,Mugav softshell teksapüksid,laste_riided,gold
2985,2023-09-14 00:00:00,4481,364.88,4,Klassikaline tweed kardigan,meeste_riided,silver
3067,2023-09-14 00:00:00,4892,146.55,3,Luksuslik tweed linane särk,meeste_riided,bronze
2945,2023-09-14 00:00:00,2435,172.92,2,Moodne trikoo koolikomplekt,laste_riided,null
3144,2023-09-15 00:00:00,3868,280.13,1,Minimalistlik nahkne platvormi kontsad,jalanõusid,null
2890,2023-09-15 00:00:00,2405,135.99,1,Minimalistlik linane tuunika,naiste_riided,null
2974,2023-09-16 00:00:00,2443,410.00,2,Õhuline flanellne smokingüklikond,meeste_riided,null
3081,2023-09-16 00:00:00,2799,638.84,2,Praktiline džersii seelik,naiste_riided,bronze
3062,2023-09-16 00:00:00,2614,260.04,2,Mugav puuvillane suvekleit,laste_riided,gold
2883,2023-09-16 00:00:00,4208,283.24,2,Moodne orgaaniline skaterkleit,laste_riided,silver
3098,2023-09-17 00:00:00,2386,34.04,1,Sportlik villane püksid,laste_riided,null
3140,2023-09-17 00:00:00,3746,363.36,2,Boheemlaslik kangast kangasvöö,aksessuaarid,gold
3054,2023-09-17 00:00:00,3447,327.06,2,Boheemlaslik merino villane poolsäärne kampsun,meeste_riided,silver
2906,2023-09-18 00:00:00,4396,546.12,2,Boheemlaslik goretex kingad,jalanõusid,gold
3026,2023-09-18 00:00:00,3057,1173.95,5,Soe teksane chino püksid,meeste_riided,silver
3080,2023-09-18 00:00:00,2968,539.70,2,Soe flanellne chino püksid,meeste_riided,silver
3039,2023-09-18 00:00:00,4082,182.44,2,Klassikaline tweed kardigan,meeste_riided,null
3045,2023-09-18 00:00:00,4048,221.89,1,Sportlik puuvillane slim-fit püksid,naiste_riided,gold
3051,2023-09-18 00:00:00,3325,125.52,1,Elegantne teksane cargo püksid,meeste_riided,gold
3132,2023-09-19 00:00:00,2496,269.85,1,Soe flanellne chino püksid,meeste_riided,null
2912,2023-09-19 00:00:00,2051,22.04,1,Elegantne metallist sall,aksessuaarid,gold
2918,2023-09-19 00:00:00,2049,556.30,5,Vintage viskoosne püksid,naiste_riided,null
3111,2023-09-20 00:00:00,2888,42.64,1,Stiilne merino villane parka,naiste_riided,silver
2994,2023-09-20 00:00:00,4365,565.90,2,Sportlik džersii parka,naiste_riided,bronze
3175,2023-09-20 00:00:00,4276,35.68,1,Moodne puuvillane komplekt,laste_riided,bronze
3032,2023-09-20 00:00:00,2961,476.82,3,Trendikas goretex chelsea botased,jalanõusid,null
3052,2023-09-20 00:00:00,2997,819.96,3,Soe seemisnahkne nahk sandaalid,jalanõusid,gold
3158,2023-09-20 00:00:00,4178,610.17,3,Boheemlaslik villane barett,aksessuaarid,null
3103,2023-09-20 00:00:00,3817,210.87,1,Soe linane mantelpaltoo,meeste_riided,silver
3017,2023-09-21 00:00:00,3787,135.50,2,Luksuslik sünteetiline loaferid,jalanõusid,silver
2978,2023-09-21 00:00:00,4521,51.50,1,Minimalistlik softshell chino püksid,laste_riided,gold
3041,2023-09-21 00:00:00,4119,206.34,1,Soe seemisnahkne jooksutossud,jalanõusid,null
2885,2023-09-21 00:00:00,3339,127.90,2,Stiilne villane kontsakingad,jalanõusid,bronze
3088,2023-09-22 00:00:00,3140,282.75,3,Trendikas villane tuulejope,laste_riided,gold
2997,2023-09-22 00:00:00,3603,218.54,1,Boheemlaslik nahkne kõrge kontsaga kingad,jalanõusid,null
2923,2023-09-22 00:00:00,4999,160.91,1,Praktiline polüester casual särk,meeste_riided,bronze
2859,2023-09-22 00:00:00,3810,260.40,3,Vintage viskoosne kapuutsiga pusa,naiste_riided,null
2976,2023-09-23 00:00:00,3618,321.56,4,Luksuslik villane bleiser,laste_riided,gold
3125,2023-09-23 00:00:00,4284,58.49,1,Luksuslik nahkne madalad kontsad,jalanõusid,gold
3148,2023-09-24 00:00:00,4443,307.27,1,Sportlik seemisnahkne nahk sandaalid,jalanõusid,gold
3149,2023-09-25 00:00:00,3421,116.87,1,Moodne kangast derbyd,jalanõusid,silver
3015,2023-09-25 00:00:00,3463,-329.99,1,Õhuline nahkne sporditossud,jalanõusid,null
2909,2023-09-26 00:00:00,4618,347.16,1,Mugav flanellne linane kostüüm,meeste_riided,null
3124,2023-09-26 00:00:00,2556,-657.57,3,Elegantne linane bleiser,naiste_riided,gold
2868,2023-09-26 00:00:00,4032,199.14,2,Vintage softshell alussärk,laste_riided,null
3000,2023-09-26 00:00:00,4519,564.58,2,Sportlik kangast tennised,jalanõusid,gold
2975,2023-09-27 00:00:00,3057,79.59,1,Soe teksane smokingüklikond,meeste_riided,silver
3129,2023-09-27 00:00:00,3494,469.98,2,Õhuline viskoosne jakk,naiste_riided,gold
3071,2023-09-27 00:00:00,2457,147.16,1,Moodne keraamiline sall,aksessuaarid,silver
3102,2023-09-27 00:00:00,3865,127.38,1,Kerge puuvillane slim-fit särk,meeste_riided,gold
3087,2023-09-28 00:00:00,2693,1006.08,4,Õhuline villane platvorm sandaalid,jalanõusid,bronze
2990,2023-09-28 00:00:00,3080,278.59,1,Kerge flanellne kardigan,meeste_riided,bronze
3137,2023-09-28 00:00:00,2761,371.79,1,Luksuslik villane pahkluu saapad,jalanõusid,bronze
3090,2023-09-28 00:00:00,4549,388.92,2,Soe džersii cargo püksid,naiste_riided,silver
2866,2023-09-29 00:00:00,3179,264.84,4,Luksuslik orgaaniline dressikomplekt,laste_riided,gold
2956,2023-09-29 00:00:00,3843,436.84,2,Elegantne flanellne cargo püksid,meeste_riided,silver
2957,2023-09-29 00:00:00,4768,517.82,2,Mugav merino villane cargo püksid,meeste_riided,null
3106,2023-09-29 00:00:00,2603,218.42,1,Elegantne flanellne cargo püksid,meeste_riided,gold
2886,2023-09-30 00:00:00,4949,124.35,1,Elegantne tweed bleiser,meeste_riided,bronze
2887,2023-09-30 00:00:00,4608,241.13,1,Õhuline seemisnahkne rannasandaalid,jalanõusid,null
3344,2023-10-01 00:00:00,4934,276.20,1,Minimalistlik kashmiir bleiser,naiste_riided,bronze
3462,2023-10-02 00:00:00,2486,371.79,1,Luksuslik villane pahkluu saapad,jalanõusid,null
3401,2023-10-02 00:00:00,3816,247.28,2,Praktiline puuvillane teksapüksid,laste_riided,gold
3178,2023-10-02 00:00:00,2912,42.64,1,Stiilne merino villane parka,naiste_riided,null
3495,2023-10-02 00:00:00,4905,450.56,2,Moodne keraamiline nahkvöö,aksessuaarid,gold
3301,2023-10-02 00:00:00,3041,158.51,1,Elegantne kashmiir tuulejope,naiste_riided,null
3196,2023-10-02 00:00:00,2559,149.47,1,Praktiline nahkne sõrmus,aksessuaarid,null
3441,2023-10-03 00:00:00,2707,1858.95,5,Luksuslik villane pahkluu saapad,jalanõusid,bronze
3498,2023-10-03 00:00:00,2684,208.72,1,Praktiline kangast reisikott,aksessuaarid,null
3181,2023-10-03 00:00:00,4949,168.82,2,Minimalistlik seemisnahkne chelsea botased,jalanõusid,bronze
3400,2023-10-03 00:00:00,4330,60.80,1,Mugav puuvillane pühapäevakleit,laste_riided,gold
3278,2023-10-03 00:00:00,4768,254.25,5,Praktiline puust sall,aksessuaarid,null
3349,2023-10-04 00:00:00,2915,436.84,2,Elegantne flanellne cargo püksid,meeste_riided,null
3268,2023-10-04 00:00:00,2443,149.47,1,Praktiline nahkne sõrmus,aksessuaarid,null
3319,2023-10-04 00:00:00,2419,86.80,1,Vintage viskoosne kapuutsiga pusa,naiste_riided,null
3395,2023-10-05 00:00:00,4847,54.95,1,Kerge puuvillane chino püksid,laste_riided,silver
3438,2023-10-05 00:00:00,3681,603.94,2,Kerge džersii pluus,naiste_riided,bronze
3386,2023-10-05 00:00:00,4459,225.36,2,Minimalistlik softshell cargo püksid,laste_riided,silver
3470,2023-10-05 00:00:00,2492,231.13,1,Luksuslik metallist labakindad,aksessuaarid,bronze
3357,2023-10-06 00:00:00,2103,191.74,2,Sportlik softshell teksapüksid,laste_riided,gold
3244,2023-10-06 00:00:00,2026,228.81,1,Trendikas nahkne oxfordid,jalanõusid,null
3394,2023-10-06 00:00:00,4528,731.08,4,Elegantne siidine teksapüksid,naiste_riided,silver
3390,2023-10-06 00:00:00,4518,411.78,2,Stiilne puust müts,aksessuaarid,bronze
3275,2023-10-07 00:00:00,2627,153.62,1,Praktiline seemisnahkne saapad,jalanõusid,silver
3417,2023-10-07 00:00:00,4401,186.26,2,Elegantne kangast kindad,aksessuaarid,bronze
3231,2023-10-07 00:00:00,4781,72.73,1,Minimalistlik džersii chino püksid,naiste_riided,null
3449,2023-10-07 00:00:00,2997,574.00,5,Stiilne fliisist komplekt,laste_riided,gold
3372,2023-10-08 00:00:00,2707,141.05,1,Stiilne nahkne derbyd,jalanõusid,bronze
3353,2023-10-08 00:00:00,2623,253.80,1,Klassikaline kangast platvormi kontsad,jalanõusid,silver
3193,2023-10-08 00:00:00,2111,755.64,4,Klassikaline nahkne sõrmus,aksessuaarid,bronze
3235,2023-10-08 00:00:00,4122,311.68,2,Elegantne keraamiline rahakott,aksessuaarid,gold
3262,2023-10-08 00:00:00,3312,254.76,2,Kerge puuvillane slim-fit särk,meeste_riided,null
3484,2023-10-08 00:00:00,3275,202.52,2,Boheemlaslik orgaaniline bleiser,laste_riided,null
3311,2023-10-09 00:00:00,2178,495.62,2,Vintage linane bleiser,meeste_riided,silver
3300,2023-10-09 00:00:00,4772,265.20,1,Sportlik linane jakk,naiste_riided,bronze
3444,2023-10-09 00:00:00,3469,421.52,2,Soe puuvillane teksapüksid,naiste_riided,gold
3226,2023-10-10 00:00:00,4464,180.14,1,Mugav džersii pusa,naiste_riided,null
3214,2023-10-10 00:00:00,4312,574.44,3,Vintage kangast vöö,aksessuaarid,null
3377,2023-10-10 00:00:00,3618,257.32,2,Sportlik nahkne madalad kontsad,jalanõusid,gold
3491,2023-10-10 00:00:00,4392,120.59,1,Elegantne tweed smokingüklikond,meeste_riided,bronze
3222,2023-10-11 00:00:00,2596,288.33,3,Sportlik goretex nahk sandaalid,jalanõusid,null
3305,2023-10-11 00:00:00,2221,307.83,1,Õhuline linane jakk,naiste_riided,null
3284,2023-10-11 00:00:00,3648,307.83,1,Õhuline linane jakk,naiste_riided,silver
3290,2023-10-11 00:00:00,4200,240.34,2,Mugav kangast tennised,jalanõusid,gold
3505,2023-10-12 00:00:00,4747,17.97,1,Luksuslik nahkne käekott,aksessuaarid,null
3376,2023-10-12 00:00:00,2208,250.17,1,Luksuslik merino villane kapuutsiga pusa,naiste_riided,silver
3423,2023-10-12 00:00:00,2684,1277.68,4,Praktiline džersii seelik,naiste_riided,null
3314,2023-10-12 00:00:00,3159,102.20,2,Elegantne klaasist barett,aksessuaarid,gold
3295,2023-10-13 00:00:00,4047,104.08,2,Elegantne orgaaniline kleit,laste_riided,gold
3481,2023-10-13 00:00:00,3687,84.95,1,Mugav softshell teksapüksid,laste_riided,silver
3458,2023-10-13 00:00:00,2889,316.04,1,Trendikas džersii slim-fit püksid,meeste_riided,silver
3350,2023-10-13 00:00:00,4783,191.00,2,Õhuline viskoosne miniseelik,naiste_riided,silver
3489,2023-10-14 00:00:00,3399,94.76,2,Õhuline softshell dressikomplekt,laste_riided,null
3296,2023-10-14 00:00:00,3446,106.71,1,Vintage metallist seljakott,aksessuaarid,silver
3391,2023-10-14 00:00:00,3633,265.05,5,Trendikas flanellne mantelpaltoo,meeste_riided,null
3413,2023-10-15 00:00:00,4018,251.04,2,Elegantne teksane cargo püksid,meeste_riided,null
3433,2023-10-15 00:00:00,2343,958.26,3,Praktiline džersii seelik,naiste_riided,gold
3473,2023-10-15 00:00:00,2156,768.10,5,Praktiline seemisnahkne saapad,jalanõusid,null
3255,2023-10-15 00:00:00,4138,53.19,1,Soe orgaaniline sokid,laste_riided,gold
3232,2023-10-15 00:00:00,2119,282.95,1,Sportlik džersii parka,naiste_riided,silver
3309,2023-10-15 00:00:00,4463,260.00,4,Vintage seemisnahkne jooksutossud,jalanõusid,silver
3271,2023-10-15 00:00:00,4036,291.36,1,Trendikas džersii pullover,naiste_riided,null
3453,2023-10-15 00:00:00,3394,368.04,2,Trendikas kangast kindad,aksessuaarid,null
3337,2023-10-16 00:00:00,3648,181.68,1,Boheemlaslik kangast kangasvöö,aksessuaarid,silver
3397,2023-10-16 00:00:00,4348,368.04,2,Trendikas kangast kindad,aksessuaarid,gold
3486,2023-10-16 00:00:00,3549,469.98,2,Õhuline viskoosne jakk,naiste_riided,null
3383,2023-10-16 00:00:00,4206,350.19,1,Õhuline goretex tennised,jalanõusid,null
3362,2023-10-16 00:00:00,2538,538.05,3,Luksuslik puuvillane jakk,naiste_riided,silver
3228,2023-10-16 00:00:00,2462,140.64,1,Minimalistlik villane bleiser,laste_riided,silver
3207,2023-10-17 00:00:00,2889,30.18,2,Praktiline siidine rätik,aksessuaarid,silver
3208,2023-10-17 00:00:00,4268,408.90,3,Luksuslik orgaaniline pühapäevakleit,laste_riided,silver
3220,2023-10-17 00:00:00,2751,368.30,2,Stiilne villane sõrmkindad,aksessuaarid,null
3242,2023-10-17 00:00:00,3648,191.74,2,Sportlik softshell teksapüksid,laste_riided,silver
3310,2023-10-17 00:00:00,4801,201.14,2,Soe softshell sukkpüksid,laste_riided,bronze
3439,2023-10-17 00:00:00,4321,135.50,2,Luksuslik sünteetiline loaferid,jalanõusid,bronze
3490,2023-10-17 00:00:00,4509,427.28,4,Stiilne orgaaniline pidžaama,laste_riided,silver
3483,2023-10-18 00:00:00,3624,272.05,1,Praktiline viskoosne õhtukleit,naiste_riided,silver
3358,2023-10-18 00:00:00,2803,86.80,1,Vintage viskoosne kapuutsiga pusa,naiste_riided,silver
3306,2023-10-18 00:00:00,3339,602.31,3,Mugav kashmiir skaterkleit,naiste_riided,bronze
3281,2023-10-18 00:00:00,3509,614.61,3,Praktiline villane kott,aksessuaarid,null
3330,2023-10-19 00:00:00,3264,163.64,1,Minimalistlik sünteetiline saapad,jalanõusid,null
3273,2023-10-19 00:00:00,3508,198.63,3,Luksuslik orgaaniline dressikomplekt,laste_riided,bronze
3276,2023-10-19 00:00:00,4058,63.87,1,Boheemlaslik softshell komplekt,laste_riided,null
3419,2023-10-19 00:00:00,4672,389.14,2,Kerge metallist labakindad,aksessuaarid,silver
3504,2023-10-19 00:00:00,2310,153.11,1,Minimalistlik puust kootud müts,aksessuaarid,bronze
3431,2023-10-20 00:00:00,3336,151.08,1,Moodne polüester slim-fit särk,meeste_riided,gold
3179,2023-10-20 00:00:00,2913,222.10,1,Trendikas viskoosne tuulejope,naiste_riided,null
3248,2023-10-20 00:00:00,3184,1354.95,5,Moodne tweed smokingüklikond,meeste_riided,gold
3479,2023-10-21 00:00:00,4419,155.84,1,Elegantne keraamiline rahakott,aksessuaarid,null
3488,2023-10-21 00:00:00,4536,504.66,2,Mugav kashmiir pusa,naiste_riided,null
3494,2023-10-21 00:00:00,2777,104.27,1,Trendikas trikoo skaterkleit,laste_riided,bronze
3424,2023-10-21 00:00:00,3355,247.64,2,Luksuslik džersii chino püksid,meeste_riided,bronze
3258,2023-10-21 00:00:00,4962,307.83,1,Õhuline linane jakk,naiste_riided,silver
3298,2023-10-22 00:00:00,2230,120.74,2,Soe viskoosne skaterkleit,naiste_riided,gold
3241,2023-10-23 00:00:00,2672,312.41,1,Mugav merino villane tuulejope,meeste_riided,null
3277,2023-10-23 00:00:00,4096,22.70,1,Vintage villane kangasvöö,aksessuaarid,gold
3343,2023-10-23 00:00:00,2686,218.42,1,Elegantne flanellne cargo püksid,meeste_riided,null
3192,2023-10-24 00:00:00,2949,1040.10,3,Praktiline viskoosne jakk,naiste_riided,null
3297,2023-10-24 00:00:00,4982,307.83,1,Õhuline linane jakk,naiste_riided,bronze
3266,2023-10-24 00:00:00,2942,82.15,1,Elegantne tweed püksid,meeste_riided,null
3200,2023-10-24 00:00:00,2666,1017.63,3,Boheemlaslik villane tennised,jalanõusid,bronze
3367,2023-10-25 00:00:00,3368,86.46,1,Moodne trikoo koolikomplekt,laste_riided,null
3312,2023-10-25 00:00:00,4741,351.33,1,Boheemlaslik linane pullover,naiste_riided,null
3492,2023-10-25 00:00:00,4039,148.82,2,Elegantne villane platvorm sandaalid,jalanõusid,null
3279,2023-10-25 00:00:00,3163,63.62,1,Luksuslik goretex rannasandaalid,jalanõusid,null
3432,2023-10-25 00:00:00,3899,1015.29,3,Mugav tweed ülikond,meeste_riided,gold
3199,2023-10-25 00:00:00,2793,274.05,5,Luksuslik trikoo slim-fit püksid,laste_riided,gold
3480,2023-10-25 00:00:00,3300,351.15,3,Trendikas kangast nokamüts,aksessuaarid,null
3361,2023-10-25 00:00:00,4012,803.08,4,Mugav kashmiir skaterkleit,naiste_riided,null
3329,2023-10-26 00:00:00,3018,38.70,1,Praktiline puuvillane sukkpüksid,laste_riided,null
3253,2023-10-27 00:00:00,2110,149.55,1,Luksuslik keraamiline elastne vöö,aksessuaarid,bronze
3451,2023-10-27 00:00:00,3605,29.48,1,Mugav klaasist kõrvarõngad,aksessuaarid,null
3259,2023-10-28 00:00:00,2232,166.27,1,Praktiline merino villane pusa,naiste_riided,silver
3229,2023-10-28 00:00:00,2617,93.13,1,Elegantne kangast kindad,aksessuaarid,gold
3501,2023-10-28 00:00:00,4136,138.90,1,Soe polüester slim-fit püksid,meeste_riided,silver
3370,2023-10-30 00:00:00,4662,648.76,2,Boheemlaslik kangast rannasandaalid,jalanõusid,null
3427,2023-10-31 00:00:00,4324,122.07,1,Moodne metallist rätik,aksessuaarid,null
3313,2023-10-31 00:00:00,4259,542.70,2,Vintage villane rannasandaalid,jalanõusid,null
3324,2023-10-31 00:00:00,4597,336.68,2,Mugav merino villane dressipluus,naiste_riided,silver
3352,2023-10-31 00:00:00,3038,195.00,3,Vintage seemisnahkne jooksutossud,jalanõusid,null
3407,2023-10-31 00:00:00,4438,-47.07,1,Boheemlaslik klaasist kaelakee,aksessuaarid,silver
3450,2023-10-31 00:00:00,2075,371.79,1,Luksuslik villane pahkluu saapad,jalanõusid,null
3686,2023-11-01 00:00:00,3681,364.88,4,Klassikaline tweed kardigan,meeste_riided,bronze
3550,2023-11-01 00:00:00,3959,52.04,1,Elegantne orgaaniline kleit,laste_riided,null
3709,2023-11-01 00:00:00,2613,291.72,1,Õhuline sünteetiline kõrge kontsaga kingad,jalanõusid,silver
3570,2023-11-02 00:00:00,2629,1124.76,4,Moodne merino villane triiksärk,meeste_riided,silver
3543,2023-11-02 00:00:00,2761,521.44,4,Minimalistlik džersii pullover,naiste_riided,bronze
3590,2023-11-02 00:00:00,3463,301.85,5,Soe viskoosne skaterkleit,naiste_riided,null
3798,2023-11-03 00:00:00,4552,1105.95,5,Mugav goretex platvormi kontsad,jalanõusid,bronze
3535,2023-11-03 00:00:00,4932,274.37,1,Trendikas puuvillane skaterkleit,naiste_riided,gold
3540,2023-11-03 00:00:00,4076,1099.15,5,Kerge siidine nahkkindad,aksessuaarid,gold
3654,2023-11-03 00:00:00,4605,237.71,1,Klassikaline viskoosne õhtukleit,naiste_riided,gold
3759,2023-11-03 00:00:00,2792,539.70,2,Soe flanellne chino püksid,meeste_riided,null
3644,2023-11-03 00:00:00,3166,1662.75,5,Praktiline merino villane parka,meeste_riided,null
3626,2023-11-04 00:00:00,4294,271.98,2,Minimalistlik linane tuunika,naiste_riided,null
3816,2023-11-04 00:00:00,4404,279.43,1,Praktiline polüester ülikond,meeste_riided,null
3657,2023-11-04 00:00:00,4984,106.38,2,Soe orgaaniline sokid,laste_riided,null
3610,2023-11-04 00:00:00,3320,154.74,3,Soe puuvillane chino püksid,laste_riided,null
3728,2023-11-04 00:00:00,3405,32.93,1,Klassikaline satiinne mantelpaltoo,naiste_riided,bronze
3712,2023-11-05 00:00:00,4401,77.78,1,Mugav villane body,laste_riided,bronze
3655,2023-11-05 00:00:00,3987,312.41,1,Mugav merino villane tuulejope,meeste_riided,bronze
3623,2023-11-05 00:00:00,3417,350.61,3,Moodne kangast derbyd,jalanõusid,gold
3745,2023-11-05 00:00:00,2564,32.74,2,Soe siidine kaelakee,aksessuaarid,silver
3546,2023-11-05 00:00:00,2355,208.54,2,Trendikas trikoo skaterkleit,laste_riided,null
3573,2023-11-05 00:00:00,3229,218.99,1,Boheemlaslik džersii teksapüksid,naiste_riided,gold
3737,2023-11-06 00:00:00,4739,307.24,2,Praktiline seemisnahkne saapad,jalanõusid,gold
3789,2023-11-06 00:00:00,2338,243.93,1,Soe polüester smokingüklikond,meeste_riided,silver
3796,2023-11-07 00:00:00,3018,624.52,4,Õhuline nahkne elastne vöö,aksessuaarid,null
3558,2023-11-07 00:00:00,3244,205.89,1,Stiilne puust müts,aksessuaarid,null
3708,2023-11-07 00:00:00,3556,414.46,2,Minimalistlik villane nahk sandaalid,jalanõusid,silver
3762,2023-11-07 00:00:00,2143,221.42,1,Moodne seemisnahkne oxfordid,jalanõusid,silver
3640,2023-11-08 00:00:00,2382,388.92,2,Soe džersii cargo püksid,naiste_riided,bronze
3561,2023-11-09 00:00:00,2435,63.30,2,Trendikas trikoo jakk,laste_riided,null
3594,2023-11-09 00:00:00,3711,152.85,1,Sportlik softshell sukkpüksid,laste_riided,null
3512,2023-11-09 00:00:00,3177,127.90,2,Stiilne villane kontsakingad,jalanõusid,silver
3619,2023-11-09 00:00:00,3877,160.91,1,Praktiline polüester casual särk,meeste_riided,bronze
3669,2023-11-09 00:00:00,3136,676.86,2,Mugav tweed ülikond,meeste_riided,null
3656,2023-11-10 00:00:00,4398,437.08,2,Boheemlaslik nahkne kõrge kontsaga kingad,jalanõusid,null
3692,2023-11-10 00:00:00,3562,457.62,2,Trendikas nahkne oxfordid,jalanõusid,gold
3611,2023-11-10 00:00:00,2436,549.00,2,Luksuslik polüester V-kaelusega kampsun,meeste_riided,silver
3646,2023-11-10 00:00:00,2665,41.79,1,Minimalistlik softshell alussärk,laste_riided,null
3693,2023-11-10 00:00:00,3147,186.77,1,Klassikaline puust nahkvöö,aksessuaarid,silver
3690,2023-11-10 00:00:00,3451,277.80,2,Soe polüester slim-fit püksid,meeste_riided,bronze
3602,2023-11-11 00:00:00,2154,134.94,1,Elegantne keraamiline labakindad,aksessuaarid,gold
3592,2023-11-11 00:00:00,3563,181.68,1,Boheemlaslik kangast kangasvöö,aksessuaarid,null
3662,2023-11-11 00:00:00,3225,550.20,3,Moodne siidine sall,aksessuaarid,null
3688,2023-11-11 00:00:00,3509,263.13,1,Soe satiinne pluus,naiste_riided,null
3523,2023-11-12 00:00:00,3498,695.68,2,Luksuslik teksane polo särk,meeste_riided,bronze
3564,2023-11-12 00:00:00,2026,221.89,1,Sportlik puuvillane slim-fit püksid,naiste_riided,null
3668,2023-11-12 00:00:00,3556,269.85,1,Soe flanellne chino püksid,meeste_riided,silver
3800,2023-11-12 00:00:00,4194,948.12,3,Trendikas džersii slim-fit püksid,meeste_riided,silver
3813,2023-11-13 00:00:00,4847,665.10,2,Praktiline merino villane parka,meeste_riided,silver
3514,2023-11-13 00:00:00,3735,191.85,3,Stiilne villane kontsakingad,jalanõusid,bronze
3694,2023-11-13 00:00:00,2622,130.02,1,Mugav puuvillane suvekleit,laste_riided,null
3697,2023-11-13 00:00:00,3284,125.52,1,Elegantne teksane cargo püksid,meeste_riided,null
3781,2023-11-13 00:00:00,3460,247.64,2,Luksuslik džersii chino püksid,meeste_riided,null
3807,2023-11-13 00:00:00,3563,130.00,2,Vintage seemisnahkne jooksutossud,jalanõusid,null
3822,2023-11-14 00:00:00,2966,157.49,1,Praktiline seemisnahkne tennised,jalanõusid,silver
3732,2023-11-14 00:00:00,4857,549.00,2,Luksuslik polüester V-kaelusega kampsun,meeste_riided,silver
3522,2023-11-14 00:00:00,4660,166.20,2,Õhuline linane bleiser,meeste_riided,null
3680,2023-11-15 00:00:00,2179,259.38,3,Moodne trikoo koolikomplekt,laste_riided,gold
3630,2023-11-15 00:00:00,3915,86.46,1,Moodne trikoo koolikomplekt,laste_riided,gold
3755,2023-11-15 00:00:00,3852,332.54,2,Vintage siidine skaterkleit,naiste_riided,null
3784,2023-11-16 00:00:00,2308,269.85,1,Soe flanellne chino püksid,meeste_riided,null
3698,2023-11-16 00:00:00,2027,273.06,1,Boheemlaslik goretex kingad,jalanõusid,gold
3661,2023-11-16 00:00:00,4245,513.99,3,Soe teksane bleiser,meeste_riided,silver
3679,2023-11-17 00:00:00,4028,229.01,1,Boheemlaslik tweed smokingüklikond,meeste_riided,null
3763,2023-11-18 00:00:00,4534,139.74,1,Trendikas džersii miniseelik,naiste_riided,gold
3793,2023-11-18 00:00:00,4681,79.59,1,Soe teksane smokingüklikond,meeste_riided,gold
3509,2023-11-18 00:00:00,3247,47.88,1,Praktiline klaasist sõrmkindad,aksessuaarid,null
3833,2023-11-19 00:00:00,3850,127.74,2,Boheemlaslik softshell komplekt,laste_riided,null
3604,2023-11-19 00:00:00,3515,933.85,5,Klassikaline puust nahkvöö,aksessuaarid,bronze
3518,2023-11-19 00:00:00,2264,83.10,1,Õhuline linane bleiser,meeste_riided,null
3809,2023-11-19 00:00:00,3605,246.97,1,Minimalistlik džersii polo särk,meeste_riided,null
3569,2023-11-19 00:00:00,2154,560.31,3,Klassikaline puust nahkvöö,aksessuaarid,gold
3719,2023-11-19 00:00:00,4919,35.94,2,Luksuslik nahkne käekott,aksessuaarid,null
3636,2023-11-20 00:00:00,3810,442.84,2,Moodne seemisnahkne oxfordid,jalanõusid,null
3664,2023-11-20 00:00:00,4057,458.02,2,Boheemlaslik tweed smokingüklikond,meeste_riided,gold
3815,2023-11-21 00:00:00,3014,147.92,1,Minimalistlik fliisist slim-fit püksid,laste_riided,null
3764,2023-11-21 00:00:00,2221,130.02,1,Mugav puuvillane suvekleit,laste_riided,null
3738,2023-11-22 00:00:00,2184,530.40,2,Sportlik linane jakk,naiste_riided,null
3638,2023-11-22 00:00:00,3288,291.72,1,Õhuline sünteetiline kõrge kontsaga kingad,jalanõusid,null
3607,2023-11-23 00:00:00,4703,38.70,1,Praktiline puuvillane sukkpüksid,laste_riided,silver
3757,2023-11-24 00:00:00,2291,244.14,2,Moodne metallist rätik,aksessuaarid,bronze
3521,2023-11-24 00:00:00,3253,391.08,3,Minimalistlik džersii pullover,naiste_riided,silver
3613,2023-11-25 00:00:00,2941,437.08,2,Boheemlaslik nahkne kõrge kontsaga kingad,jalanõusid,null
3779,2023-11-25 00:00:00,3699,323.01,3,Vintage teksane chino püksid,meeste_riided,null
3786,2023-11-25 00:00:00,2418,221.19,1,Mugav goretex platvormi kontsad,jalanõusid,null
3576,2023-11-25 00:00:00,4299,615.66,2,Õhuline linane jakk,naiste_riided,silver
3526,2023-11-26 00:00:00,3125,149.47,1,Praktiline nahkne sõrmus,aksessuaarid,bronze
3760,2023-11-26 00:00:00,2299,253.80,1,Klassikaline kangast platvormi kontsad,jalanõusid,silver
3723,2023-11-26 00:00:00,4088,450.72,4,Minimalistlik softshell cargo püksid,laste_riided,silver
3617,2023-11-27 00:00:00,3052,83.10,1,Õhuline linane bleiser,meeste_riided,gold
3527,2023-11-27 00:00:00,2709,78.09,1,Minimalistlik viskoosne skaterkleit,naiste_riided,bronze
3583,2023-11-27 00:00:00,3875,144.20,1,Mugav flanellne parka,meeste_riided,null
3665,2023-11-28 00:00:00,3697,440.40,5,Minimalistlik trikoo tuulejope,laste_riided,silver
3582,2023-11-28 00:00:00,3722,183.31,1,Boheemlaslik siidine sõrmkindad,aksessuaarid,bronze
3767,2023-11-28 00:00:00,4394,665.10,2,Praktiline merino villane parka,meeste_riided,gold
3702,2023-11-28 00:00:00,2683,47.38,1,Õhuline softshell dressikomplekt,laste_riided,null
3547,2023-11-28 00:00:00,3750,54.95,1,Kerge puuvillane chino püksid,laste_riided,null
3589,2023-11-28 00:00:00,4227,611.44,2,Vintage nahkne tossud,jalanõusid,silver
3740,2023-11-29 00:00:00,3695,381.62,2,Praktiline nahkne nahk sandaalid,jalanõusid,null
3791,2023-11-29 00:00:00,4701,191.61,3,Boheemlaslik softshell komplekt,laste_riided,null
3615,2023-11-29 00:00:00,3618,317.88,2,Trendikas goretex chelsea botased,jalanõusid,gold
3565,2023-11-30 00:00:00,3689,81.85,1,Luksuslik džersii ülikond,meeste_riided,null
3733,2023-11-30 00:00:00,2844,991.45,5,Mugav tweed kardigan,meeste_riided,gold
3928,2023-12-01 00:00:00,3605,341.58,3,Trendikas villane nahkkindad,aksessuaarid,null
3878,2023-12-01 00:00:00,2257,188.91,1,Klassikaline nahkne sõrmus,aksessuaarid,null
4258,2023-12-01 00:00:00,4816,405.14,2,Moodne kashmiir plisseeseelik,naiste_riided,gold
3920,2023-12-01 00:00:00,4178,47.36,2,Vintage softshell cargo püksid,laste_riided,null
4036,2023-12-01 00:00:00,4221,693.40,2,Praktiline viskoosne jakk,naiste_riided,null
4037,2023-12-01 00:00:00,2763,552.40,2,Minimalistlik kashmiir bleiser,naiste_riided,silver
4247,2023-12-01 00:00:00,3784,47.88,1,Praktiline klaasist sõrmkindad,aksessuaarid,bronze
4208,2023-12-01 00:00:00,3247,68.08,2,Sportlik villane püksid,laste_riided,null
4160,2023-12-02 00:00:00,2553,488.58,3,Klassikaline siidine tuulejope,naiste_riided,silver
3862,2023-12-02 00:00:00,4512,504.65,5,Boheemlaslik polüester casual särk,meeste_riided,silver
3890,2023-12-02 00:00:00,3699,225.28,1,Moodne keraamiline nahkvöö,aksessuaarid,null
3952,2023-12-02 00:00:00,3953,57.08,1,Kerge puust barett,aksessuaarid,bronze
4068,2023-12-02 00:00:00,2564,302.16,2,Vintage merino villane tuulejope,meeste_riided,silver
4026,2023-12-02 00:00:00,3729,23.68,1,Vintage softshell cargo püksid,laste_riided,gold
3897,2023-12-02 00:00:00,2766,72.58,1,Sportlik fliisist slim-fit püksid,laste_riided,silver
4114,2023-12-03 00:00:00,3379,90.42,2,Stiilne siidine labakindad,aksessuaarid,null
4251,2023-12-03 00:00:00,3551,334.46,2,Trendikas trikoo chino püksid,laste_riided,gold
3956,2023-12-03 00:00:00,4579,23.45,1,Moodne nahkne müts,aksessuaarid,null
3935,2023-12-03 00:00:00,4036,32.74,2,Soe siidine kaelakee,aksessuaarid,null
4085,2023-12-03 00:00:00,4812,412.68,2,Soe seemisnahkne jooksutossud,jalanõusid,bronze
4137,2023-12-03 00:00:00,2253,307.24,2,Praktiline seemisnahkne saapad,jalanõusid,silver
4176,2023-12-04 00:00:00,3953,71.36,2,Moodne puuvillane komplekt,laste_riided,bronze
4027,2023-12-04 00:00:00,2997,41.79,1,Minimalistlik softshell alussärk,laste_riided,gold
4007,2023-12-04 00:00:00,2267,441.48,3,Moodne keraamiline sall,aksessuaarid,gold
4205,2023-12-04 00:00:00,4732,153.11,1,Minimalistlik puust kootud müts,aksessuaarid,bronze
4054,2023-12-04 00:00:00,4708,156.13,1,Õhuline nahkne elastne vöö,aksessuaarid,gold
4002,2023-12-05 00:00:00,3166,631.08,3,Kerge villane talvesaapad,jalanõusid,null
4234,2023-12-05 00:00:00,2744,160.91,1,Praktiline polüester casual särk,meeste_riided,gold
4221,2023-12-05 00:00:00,2412,-1405.32,4,Boheemlaslik linane pullover,naiste_riided,null
4104,2023-12-06 00:00:00,4577,251.52,1,Õhuline villane platvorm sandaalid,jalanõusid,null
3888,2023-12-06 00:00:00,3751,475.42,2,Klassikaline viskoosne õhtukleit,naiste_riided,silver
4043,2023-12-06 00:00:00,2889,700.38,2,Õhuline goretex tennised,jalanõusid,silver
4291,2023-12-07 00:00:00,2743,201.86,1,Boheemlaslik polüester slim-fit särk,meeste_riided,null
4134,2023-12-07 00:00:00,3343,304.14,1,Trendikas viskoosne topik,naiste_riided,silver
4232,2023-12-07 00:00:00,4588,278.59,1,Kerge flanellne kardigan,meeste_riided,silver
4099,2023-12-08 00:00:00,4837,79.86,3,Luksuslik softshell komplekt,laste_riided,bronze
4213,2023-12-08 00:00:00,2743,296.40,1,Klassikaline puuvillane skaterkleit,naiste_riided,null
3870,2023-12-08 00:00:00,3803,848.85,3,Sportlik džersii parka,naiste_riided,bronze
4191,2023-12-08 00:00:00,3582,509.85,3,Praktiline keraamiline kaabu,aksessuaarid,null
4250,2023-12-08 00:00:00,4323,144.28,2,Vintage villane püksid,laste_riided,gold
4060,2023-12-08 00:00:00,3583,1113.15,3,Trendikas goretex oxfordid,jalanõusid,bronze
4018,2023-12-08 00:00:00,4701,402.28,4,Soe softshell sukkpüksid,laste_riided,null
4008,2023-12-09 00:00:00,3350,280.13,1,Minimalistlik nahkne platvormi kontsad,jalanõusid,silver
4142,2023-12-09 00:00:00,4833,204.87,1,Praktiline villane kott,aksessuaarid,gold
4236,2023-12-09 00:00:00,2509,144.20,1,Mugav flanellne parka,meeste_riided,null
3871,2023-12-09 00:00:00,3939,22.70,1,Vintage villane kangasvöö,aksessuaarid,null
4281,2023-12-09 00:00:00,4556,106.21,1,Luksuslik fliisist komplekt,laste_riided,gold
3881,2023-12-09 00:00:00,2741,145.20,2,Praktiline trikoo püksid,laste_riided,null
4266,2023-12-09 00:00:00,2101,-564.58,2,Sportlik kangast tennised,jalanõusid,gold
4091,2023-12-10 00:00:00,2690,517.82,2,Mugav merino villane cargo püksid,meeste_riided,null
3902,2023-12-10 00:00:00,2673,142.57,1,Sportlik linane bleiser,meeste_riided,silver
3863,2023-12-10 00:00:00,2785,548.74,2,Trendikas puuvillane skaterkleit,naiste_riided,null
4004,2023-12-10 00:00:00,2558,302.90,2,Mugav softshell slim-fit püksid,laste_riided,null
3836,2023-12-10 00:00:00,4454,221.89,1,Sportlik puuvillane slim-fit püksid,naiste_riided,silver
4228,2023-12-11 00:00:00,3336,160.78,2,Luksuslik villane bleiser,laste_riided,gold
3882,2023-12-11 00:00:00,2884,214.72,2,Vintage orgaaniline komplekt,laste_riided,null
4238,2023-12-11 00:00:00,3846,638.84,2,Praktiline džersii seelik,naiste_riided,silver
3954,2023-12-11 00:00:00,2027,777.84,4,Soe džersii cargo püksid,naiste_riided,gold
4192,2023-12-12 00:00:00,4404,149.47,1,Praktiline nahkne sõrmus,aksessuaarid,null
3849,2023-12-12 00:00:00,3722,339.21,1,Boheemlaslik villane tennised,jalanõusid,bronze
3864,2023-12-12 00:00:00,2143,48.85,1,Luksuslik tweed linane särk,meeste_riided,silver
4040,2023-12-12 00:00:00,2129,88.08,1,Minimalistlik trikoo tuulejope,laste_riided,null
4255,2023-12-12 00:00:00,2707,260.72,2,Minimalistlik džersii pullover,naiste_riided,bronze
4126,2023-12-12 00:00:00,4195,409.74,2,Praktiline villane kott,aksessuaarid,silver
4183,2023-12-12 00:00:00,2750,62.56,1,Boheemlaslik kangast reisikott,aksessuaarid,gold
4206,2023-12-12 00:00:00,3185,319.98,1,Praktiline kangast kõrge kontsaga kingad,jalanõusid,bronze
4229,2023-12-13 00:00:00,3648,30.18,2,Praktiline siidine rätik,aksessuaarid,silver
4235,2023-12-13 00:00:00,2672,163.64,1,Minimalistlik sünteetiline saapad,jalanõusid,null
3852,2023-12-13 00:00:00,2629,421.52,2,Soe puuvillane teksapüksid,naiste_riided,silver
3880,2023-12-13 00:00:00,2192,1088.20,4,Praktiline viskoosne õhtukleit,naiste_riided,null
4152,2023-12-13 00:00:00,4730,824.34,3,Mugav linane linane kostüüm,meeste_riided,null
4189,2023-12-13 00:00:00,2721,74.81,1,Õhuline siidine kaelakee,aksessuaarid,bronze
3840,2023-12-13 00:00:00,4308,494.56,4,Praktiline puuvillane teksapüksid,laste_riided,null
4074,2023-12-14 00:00:00,3525,54.95,1,Kerge puuvillane chino püksid,laste_riided,silver
4292,2023-12-14 00:00:00,2353,314.98,2,Praktiline seemisnahkne tennised,jalanõusid,null
3874,2023-12-14 00:00:00,2368,153.11,1,Minimalistlik puust kootud müts,aksessuaarid,null
4265,2023-12-14 00:00:00,2064,358.70,2,Luksuslik puuvillane jakk,naiste_riided,gold
4033,2023-12-15 00:00:00,2844,-1104.80,4,Minimalistlik kashmiir bleiser,naiste_riided,gold
4257,2023-12-15 00:00:00,4018,101.54,2,Sportlik siidine cargo püksid,naiste_riided,null
4209,2023-12-15 00:00:00,4729,434.08,1,Õhuline sünteetiline sporditossud,jalanõusid,null
4169,2023-12-15 00:00:00,4373,269.85,1,Soe flanellne chino püksid,meeste_riided,silver
4064,2023-12-15 00:00:00,2823,66.48,4,Moodne villane kaelasall,aksessuaarid,null
4113,2023-12-15 00:00:00,4701,291.36,1,Trendikas džersii pullover,naiste_riided,null
4046,2023-12-16 00:00:00,3094,410.00,2,Õhuline flanellne smokingüklikond,meeste_riided,null
3859,2023-12-16 00:00:00,3246,206.34,1,Soe seemisnahkne jooksutossud,jalanõusid,gold
4166,2023-12-16 00:00:00,4018,257.39,1,Moodne kashmiir pullover,naiste_riided,null
4245,2023-12-16 00:00:00,4408,104.27,1,Trendikas trikoo skaterkleit,laste_riided,null
4119,2023-12-16 00:00:00,4206,346.70,1,Praktiline viskoosne jakk,naiste_riided,null
4244,2023-12-16 00:00:00,2626,665.08,4,Vintage siidine skaterkleit,naiste_riided,silver
3858,2023-12-16 00:00:00,3882,329.99,1,Õhuline nahkne sporditossud,jalanõusid,gold
3887,2023-12-17 00:00:00,3618,450.56,2,Moodne keraamiline nahkvöö,aksessuaarid,gold
3964,2023-12-17 00:00:00,3722,915.24,4,Trendikas nahkne oxfordid,jalanõusid,bronze
3903,2023-12-18 00:00:00,3856,114.80,1,Stiilne fliisist komplekt,laste_riided,gold
4063,2023-12-18 00:00:00,4935,178.58,2,Klassikaline džersii bleiser,meeste_riided,bronze
4180,2023-12-19 00:00:00,4395,106.82,1,Stiilne orgaaniline pidžaama,laste_riided,gold
4124,2023-12-19 00:00:00,4439,104.08,2,Elegantne orgaaniline kleit,laste_riided,gold
4117,2023-12-19 00:00:00,3722,291.00,2,Soe villane kingad,jalanõusid,bronze
3979,2023-12-19 00:00:00,2659,243.02,2,Stiilne kangast jooksutossud,jalanõusid,gold
3912,2023-12-19 00:00:00,3663,113.86,1,Trendikas villane nahkkindad,aksessuaarid,silver
3896,2023-12-20 00:00:00,3350,451.62,2,Klassikaline kashmiir pusa,naiste_riided,silver
3905,2023-12-20 00:00:00,3458,560.31,3,Klassikaline puust nahkvöö,aksessuaarid,gold
3953,2023-12-20 00:00:00,2397,175.47,3,Luksuslik nahkne madalad kontsad,jalanõusid,null
4186,2023-12-20 00:00:00,2115,178.78,2,Klassikaline linane mantelpaltoo,meeste_riided,silver
3960,2023-12-21 00:00:00,2889,224.10,3,Luksuslik villane saapad,jalanõusid,silver
3916,2023-12-21 00:00:00,2653,406.78,2,Boheemlaslik villane barett,aksessuaarid,bronze
3914,2023-12-21 00:00:00,2842,128.66,1,Sportlik nahkne madalad kontsad,jalanõusid,null
3855,2023-12-21 00:00:00,4184,191.48,1,Vintage kangast vöö,aksessuaarid,gold
4260,2023-12-21 00:00:00,2654,116.87,1,Moodne kangast derbyd,jalanõusid,silver
4138,2023-12-21 00:00:00,2154,805.24,2,Klassikaline seemisnahkne jooksutossud,jalanõusid,gold
3876,2023-12-21 00:00:00,4179,182.77,1,Elegantne siidine teksapüksid,naiste_riided,silver
4211,2023-12-21 00:00:00,3605,94.76,2,Õhuline softshell dressikomplekt,laste_riided,null
4286,2023-12-21 00:00:00,4063,86.46,1,Moodne trikoo koolikomplekt,laste_riided,null
3943,2023-12-22 00:00:00,4018,57.12,2,Trendikas keraamiline sõrmkindad,aksessuaarid,null
4289,2023-12-22 00:00:00,4949,76.70,1,Luksuslik linane bleiser,naiste_riided,bronze
3879,2023-12-22 00:00:00,2552,222.52,2,Vintage viskoosne püksid,naiste_riided,gold
4118,2023-12-22 00:00:00,4431,280.13,1,Minimalistlik nahkne platvormi kontsad,jalanõusid,null
4239,2023-12-22 00:00:00,2095,282.29,1,Sportlik kangast tennised,jalanõusid,gold
3958,2023-12-22 00:00:00,4431,175.25,1,Soe polüester cargo püksid,meeste_riided,null
4170,2023-12-23 00:00:00,3891,80.39,1,Luksuslik villane bleiser,laste_riided,null
3921,2023-12-23 00:00:00,4491,350.50,2,Soe polüester cargo püksid,meeste_riided,null
4125,2023-12-23 00:00:00,2774,301.85,5,Soe viskoosne skaterkleit,naiste_riided,null
3942,2023-12-23 00:00:00,3071,269.85,1,Soe flanellne chino püksid,meeste_riided,silver
3901,2023-12-23 00:00:00,4365,274.78,1,Mugav linane linane kostüüm,meeste_riided,bronze
4042,2023-12-24 00:00:00,3619,312.41,1,Mugav merino villane tuulejope,meeste_riided,silver
3839,2023-12-24 00:00:00,3153,302.86,1,Õhuline sünteetiline rannasandaalid,jalanõusid,silver
3877,2023-12-24 00:00:00,4400,414.46,2,Minimalistlik villane nahk sandaalid,jalanõusid,null
3884,2023-12-25 00:00:00,3935,144.28,2,Vintage villane püksid,laste_riided,gold
4184,2023-12-25 00:00:00,4227,678.42,2,Boheemlaslik villane tennised,jalanõusid,silver
4080,2023-12-25 00:00:00,3090,51.50,1,Minimalistlik softshell chino püksid,laste_riided,null
4210,2023-12-25 00:00:00,3985,173.62,1,Elegantne siidine müts,aksessuaarid,bronze
3867,2023-12-26 00:00:00,2850,194.57,1,Kerge metallist labakindad,aksessuaarid,silver
4173,2023-12-26 00:00:00,4412,1104.80,4,Minimalistlik kashmiir bleiser,naiste_riided,null
4231,2023-12-26 00:00:00,2014,152.31,3,Sportlik siidine cargo püksid,naiste_riided,null
4082,2023-12-26 00:00:00,4755,241.18,2,Elegantne tweed smokingüklikond,meeste_riided,bronze
4083,2023-12-26 00:00:00,4580,159.18,2,Soe teksane smokingüklikond,meeste_riided,bronze
3976,2023-12-26 00:00:00,2235,411.99,3,Praktiline puuvillane ülikond,meeste_riided,null
4197,2023-12-27 00:00:00,3133,98.68,1,Stiilne puuvillane mantelpaltoo,laste_riided,silver
3838,2023-12-27 00:00:00,2867,305.70,2,Sportlik softshell sukkpüksid,laste_riided,gold
4188,2023-12-28 00:00:00,2225,206.52,1,Kerge satiinne jakk,naiste_riided,gold
4029,2023-12-28 00:00:00,2096,128.44,1,Elegantne orgaaniline tuulejope,laste_riided,gold
4224,2023-12-28 00:00:00,3992,204.87,1,Praktiline villane kott,aksessuaarid,gold
4203,2023-12-29 00:00:00,4949,693.39,3,Luksuslik metallist labakindad,aksessuaarid,bronze
3950,2023-12-29 00:00:00,4018,291.36,1,Trendikas džersii pullover,naiste_riided,null
4088,2023-12-29 00:00:00,2211,106.82,1,Stiilne orgaaniline pidžaama,laste_riided,bronze
4116,2023-12-29 00:00:00,4834,121.51,1,Stiilne kangast jooksutossud,jalanõusid,silver
4150,2023-12-29 00:00:00,3132,114.80,1,Stiilne fliisist komplekt,laste_riided,null
4163,2023-12-29 00:00:00,3695,81.48,1,Õhuline kangast nahk sandaalid,jalanõusid,null
4290,2023-12-29 00:00:00,4343,70.35,3,Moodne nahkne müts,aksessuaarid,null
3908,2023-12-30 00:00:00,3597,132.30,1,Luksuslik goretex derbyd,jalanõusid,silver
3899,2023-12-30 00:00:00,4687,114.80,1,Stiilne fliisist komplekt,laste_riided,gold
3984,2023-12-30 00:00:00,4602,63.30,2,Trendikas trikoo jakk,laste_riided,gold
4139,2023-12-30 00:00:00,4190,60.37,1,Soe viskoosne skaterkleit,naiste_riided,null
3843,2023-12-31 00:00:00,2187,410.00,2,Õhuline flanellne smokingüklikond,meeste_riided,bronze
4220,2023-12-31 00:00:00,4900,385.32,3,Elegantne orgaaniline tuulejope,laste_riided,bronze
3856,2023-12-31 00:00:00,2392,38.70,1,Praktiline puuvillane sukkpüksid,laste_riided,silver
4072,2023-12-31 00:00:00,2978,445.04,4,Vintage viskoosne püksid,naiste_riided,gold
4105,2023-12-31 00:00:00,4715,245.59,1,Boheemlaslik merino villane kapuutsiga pusa,naiste_riided,bronze
4509,2024-01-01 00:00:00,4509,234.91,1,Boheemlaslik nahkne talvesaapad,jalanõusid,silver
4577,2024-01-01 00:00:00,3103,360.28,2,Mugav džersii pusa,naiste_riided,null
4414,2024-01-01 00:00:00,3992,83.58,2,Minimalistlik softshell alussärk,laste_riided,gold
4505,2024-01-01 00:00:00,3722,263.13,1,Soe satiinne pluus,naiste_riided,bronze
4314,2024-01-02 00:00:00,3605,57.12,2,Trendikas keraamiline sõrmkindad,aksessuaarid,null
4568,2024-01-02 00:00:00,3953,104.85,1,Soe puuvillane pühapäevakleit,laste_riided,bronze
4565,2024-01-03 00:00:00,2889,112.68,1,Minimalistlik softshell cargo püksid,laste_riided,silver
4564,2024-01-04 00:00:00,3222,593.16,2,Luksuslik flanellne smokingüklikond,meeste_riided,null
4422,2024-01-05 00:00:00,3015,295.84,2,Minimalistlik fliisist slim-fit püksid,laste_riided,gold
4492,2024-01-05 00:00:00,3802,106.21,1,Luksuslik fliisist komplekt,laste_riided,null
4537,2024-01-06 00:00:00,3556,132.30,1,Luksuslik goretex derbyd,jalanõusid,silver
4357,2024-01-06 00:00:00,2645,31.65,1,Trendikas trikoo jakk,laste_riided,null
4480,2024-01-06 00:00:00,2071,83.26,2,Minimalistlik puuvillane tuunika,naiste_riided,null
4491,2024-01-07 00:00:00,4217,1235.36,4,Boheemlaslik puuvillane tuulejope,naiste_riided,gold
4576,2024-01-07 00:00:00,3585,371.05,1,Trendikas goretex oxfordid,jalanõusid,null
4293,2024-01-07 00:00:00,2081,53.01,1,Trendikas flanellne mantelpaltoo,meeste_riided,null
4447,2024-01-07 00:00:00,3810,382.96,2,Vintage kangast vöö,aksessuaarid,null
4545,2024-01-07 00:00:00,2675,437.98,2,Boheemlaslik džersii teksapüksid,naiste_riided,silver
4302,2024-01-07 00:00:00,4870,51.50,1,Minimalistlik softshell chino püksid,laste_riided,bronze
4493,2024-01-07 00:00:00,4566,90.15,3,Trendikas fliisist tuulejope,laste_riided,null
4347,2024-01-07 00:00:00,2513,62.82,1,Trendikas villane dressikomplekt,laste_riided,bronze
4421,2024-01-08 00:00:00,2712,507.60,2,Klassikaline kangast platvormi kontsad,jalanõusid,null
4381,2024-01-08 00:00:00,4585,495.62,2,Vintage linane bleiser,meeste_riided,bronze
4518,2024-01-09 00:00:00,3012,65.52,1,Luksuslik goretex tennised,jalanõusid,bronze
4301,2024-01-09 00:00:00,3641,300.22,2,Mugav viskoosne plisseeseelik,naiste_riided,bronze
4444,2024-01-09 00:00:00,2580,49.34,2,Moodne orgaaniline bleiser,laste_riided,null
4410,2024-01-09 00:00:00,2889,124.89,3,Minimalistlik puuvillane tuunika,naiste_riided,silver
4556,2024-01-09 00:00:00,4787,51.10,1,Elegantne klaasist barett,aksessuaarid,null
4446,2024-01-09 00:00:00,4206,335.88,4,Luksuslik sünteetiline nahk sandaalid,jalanõusid,null
4550,2024-01-10 00:00:00,2071,151.08,1,Moodne polüester slim-fit särk,meeste_riided,null
4478,2024-01-10 00:00:00,4905,229.01,1,Boheemlaslik tweed smokingüklikond,meeste_riided,gold
4317,2024-01-12 00:00:00,4429,152.31,3,Sportlik siidine cargo püksid,naiste_riided,null
4349,2024-01-12 00:00:00,2110,120.74,2,Soe viskoosne skaterkleit,naiste_riided,bronze
4358,2024-01-12 00:00:00,4206,209.05,1,Stiilne kashmiir jakk,naiste_riided,null
4448,2024-01-12 00:00:00,4004,819.48,4,Praktiline villane kott,aksessuaarid,null
4508,2024-01-12 00:00:00,3880,243.96,2,Luksuslik keraamiline seljakott,aksessuaarid,bronze
4517,2024-01-12 00:00:00,3620,716.82,2,Sportlik kangast tossud,jalanõusid,gold
4525,2024-01-12 00:00:00,4508,102.20,2,Elegantne klaasist barett,aksessuaarid,silver
4432,2024-01-13 00:00:00,2627,166.20,2,Õhuline linane bleiser,meeste_riided,silver
4603,2024-01-13 00:00:00,4107,83.10,1,Õhuline linane bleiser,meeste_riided,null
4605,2024-01-13 00:00:00,3405,74.81,1,Õhuline siidine kaelakee,aksessuaarid,bronze
4598,2024-01-13 00:00:00,4306,290.32,4,Sportlik fliisist slim-fit püksid,laste_riided,silver
4399,2024-01-14 00:00:00,3711,307.27,1,Sportlik seemisnahkne nahk sandaalid,jalanõusid,null
4461,2024-01-14 00:00:00,3707,611.44,2,Vintage nahkne tossud,jalanõusid,silver
4308,2024-01-14 00:00:00,2221,147.16,1,Moodne keraamiline sall,aksessuaarid,null
4555,2024-01-14 00:00:00,2690,232.61,1,Klassikaline villane madalad kontsad,jalanõusid,null
4580,2024-01-15 00:00:00,4040,47.07,1,Boheemlaslik klaasist kaelakee,aksessuaarid,silver
4296,2024-01-15 00:00:00,2863,1219.65,5,Soe polüester smokingüklikond,meeste_riided,gold
4540,2024-01-15 00:00:00,3424,560.04,2,Soe siidine särk-pluus,naiste_riided,silver
4450,2024-01-16 00:00:00,3810,154.71,1,Klassikaline linane parka,meeste_riided,null
4503,2024-01-16 00:00:00,4826,125.12,2,Boheemlaslik kangast reisikott,aksessuaarid,null
4593,2024-01-17 00:00:00,2360,270.69,1,Soe nahkne platvormi kontsad,jalanõusid,bronze
4392,2024-01-17 00:00:00,3657,287.61,3,Sportlik softshell teksapüksid,laste_riided,bronze
4544,2024-01-17 00:00:00,2533,94.76,2,Õhuline softshell dressikomplekt,laste_riided,gold
4361,2024-01-17 00:00:00,2493,251.91,3,Luksuslik sünteetiline nahk sandaalid,jalanõusid,silver
4457,2024-01-17 00:00:00,3702,153.11,1,Minimalistlik puust kootud müts,aksessuaarid,gold
4538,2024-01-17 00:00:00,4731,377.82,2,Klassikaline nahkne sõrmus,aksessuaarid,bronze
4430,2024-01-18 00:00:00,4640,664.26,3,Moodne seemisnahkne oxfordid,jalanõusid,silver
4420,2024-01-18 00:00:00,2997,315.69,3,Soe trikoo pühapäevakleit,laste_riided,gold
4453,2024-01-18 00:00:00,2046,338.43,1,Mugav tweed ülikond,meeste_riided,null
4602,2024-01-18 00:00:00,2175,65.00,1,Vintage seemisnahkne jooksutossud,jalanõusid,null
4531,2024-01-19 00:00:00,3733,106.82,1,Stiilne orgaaniline pidžaama,laste_riided,silver
4298,2024-01-19 00:00:00,4334,106.82,1,Stiilne orgaaniline pidžaama,laste_riided,null
4476,2024-01-19 00:00:00,4178,70.01,1,Praktiline flanellne linane särk,meeste_riided,null
4507,2024-01-19 00:00:00,2933,134.94,1,Elegantne keraamiline labakindad,aksessuaarid,gold
4486,2024-01-20 00:00:00,3782,198.42,1,Boheemlaslik seemisnahkne oxfordid,jalanõusid,silver
4470,2024-01-20 00:00:00,4791,1544.20,5,Boheemlaslik puuvillane tuulejope,naiste_riided,null
4356,2024-01-20 00:00:00,4334,958.26,3,Praktiline džersii seelik,naiste_riided,null
4595,2024-01-20 00:00:00,3180,120.74,2,Soe viskoosne skaterkleit,naiste_riided,bronze
4309,2024-01-21 00:00:00,4251,639.96,2,Praktiline kangast kõrge kontsaga kingad,jalanõusid,null
4474,2024-01-22 00:00:00,3035,53.58,2,Vintage keraamiline barett,aksessuaarid,null
4318,2024-01-23 00:00:00,4847,370.92,3,Praktiline puuvillane teksapüksid,laste_riided,silver
4350,2024-01-23 00:00:00,3271,175.25,1,Soe polüester cargo püksid,meeste_riided,null
4303,2024-01-23 00:00:00,4192,240.34,2,Mugav kangast tennised,jalanõusid,silver
4434,2024-01-24 00:00:00,2510,41.63,1,Minimalistlik puuvillane tuunika,naiste_riided,null
4424,2024-01-24 00:00:00,3074,319.35,5,Boheemlaslik softshell komplekt,laste_riided,null
4305,2024-01-24 00:00:00,2076,351.62,1,Sportlik džersii ülikond,meeste_riided,silver
4585,2024-01-24 00:00:00,2115,31.65,1,Trendikas trikoo jakk,laste_riided,silver
4394,2024-01-25 00:00:00,4534,50.85,1,Praktiline puust sall,aksessuaarid,gold
4516,2024-01-25 00:00:00,3223,34.04,1,Sportlik villane püksid,laste_riided,gold
4348,2024-01-25 00:00:00,2306,210.76,1,Soe puuvillane teksapüksid,naiste_riided,null
4380,2024-01-26 00:00:00,4673,127.74,2,Boheemlaslik softshell komplekt,laste_riided,silver
4391,2024-01-26 00:00:00,2997,107.67,1,Vintage teksane chino püksid,meeste_riided,gold
4362,2024-01-26 00:00:00,2746,825.36,4,Soe seemisnahkne jooksutossud,jalanõusid,bronze
4606,2024-01-26 00:00:00,2997,248.70,2,Elegantne tweed bleiser,meeste_riided,gold
4589,2024-01-26 00:00:00,3512,272.05,1,Praktiline viskoosne õhtukleit,naiste_riided,null
4433,2024-01-26 00:00:00,4396,390.06,3,Mugav puuvillane suvekleit,laste_riided,gold
4554,2024-01-26 00:00:00,3972,93.13,1,Elegantne kangast kindad,aksessuaarid,silver
4440,2024-01-27 00:00:00,3957,838.29,3,Praktiline polüester ülikond,meeste_riided,null
4300,2024-01-27 00:00:00,2491,184.15,1,Stiilne villane sõrmkindad,aksessuaarid,bronze
4599,2024-01-28 00:00:00,3930,319.98,1,Praktiline kangast kõrge kontsaga kingad,jalanõusid,silver
4364,2024-01-28 00:00:00,4489,695.68,2,Luksuslik teksane polo särk,meeste_riided,silver
4437,2024-01-29 00:00:00,3080,172.92,2,Moodne trikoo koolikomplekt,laste_riided,bronze
4463,2024-01-29 00:00:00,2154,310.90,2,Moodne kangast sõrmus,aksessuaarid,gold
4403,2024-01-30 00:00:00,2799,98.79,3,Klassikaline satiinne mantelpaltoo,naiste_riided,bronze
4510,2024-01-30 00:00:00,3201,128.44,1,Elegantne orgaaniline tuulejope,laste_riided,gold
4546,2024-01-30 00:00:00,2008,45.40,2,Vintage villane kangasvöö,aksessuaarid,gold
4562,2024-01-30 00:00:00,3438,73.18,1,Elegantne kangast platvorm sandaalid,jalanõusid,silver
4379,2024-01-30 00:00:00,4683,243.96,2,Luksuslik keraamiline seljakott,aksessuaarid,null
4411,2024-01-31 00:00:00,3982,243.96,2,Luksuslik keraamiline seljakott,aksessuaarid,bronze
4526,2024-01-31 00:00:00,4334,205.00,1,Õhuline flanellne smokingüklikond,meeste_riided,null
4590,2024-01-31 00:00:00,2864,504.20,2,Soe sünteetiline sandaalid,jalanõusid,silver
4409,2024-01-31 00:00:00,2952,67.75,1,Luksuslik sünteetiline loaferid,jalanõusid,silver
4756,2024-02-01 00:00:00,3132,570.28,4,Sportlik linane bleiser,meeste_riided,null
4634,2024-02-01 00:00:00,2449,659.98,2,Õhuline nahkne sporditossud,jalanõusid,silver
4676,2024-02-01 00:00:00,2717,130.00,2,Vintage seemisnahkne jooksutossud,jalanõusid,gold
4684,2024-02-01 00:00:00,2649,172.28,2,Sportlik puuvillane chino püksid,laste_riided,null
4777,2024-02-02 00:00:00,2485,81.85,1,Luksuslik džersii ülikond,meeste_riided,gold
4775,2024-02-02 00:00:00,4310,62.55,1,Soe kangast nahk sandaalid,jalanõusid,null
4757,2024-02-02 00:00:00,3033,29.48,1,Mugav klaasist kõrvarõngad,aksessuaarid,silver
4735,2024-02-02 00:00:00,3895,448.41,3,Praktiline nahkne sõrmus,aksessuaarid,null
4855,2024-02-03 00:00:00,2709,301.97,1,Kerge džersii pluus,naiste_riided,bronze
4802,2024-02-03 00:00:00,3350,459.10,2,Elegantne džersii cargo püksid,naiste_riided,silver
4903,2024-02-04 00:00:00,4137,382.96,2,Vintage kangast vöö,aksessuaarid,null
4824,2024-02-04 00:00:00,3125,103.16,2,Soe puuvillane chino püksid,laste_riided,bronze
4767,2024-02-04 00:00:00,4589,208.83,1,Soe merino villane topik,naiste_riided,gold
4886,2024-02-05 00:00:00,4887,321.42,2,Stiilne džersii püksid,meeste_riided,bronze
4866,2024-02-05 00:00:00,4334,205.00,1,Õhuline flanellne smokingüklikond,meeste_riided,null
4867,2024-02-05 00:00:00,3543,-116.87,1,Moodne kangast derbyd,jalanõusid,gold
4864,2024-02-05 00:00:00,3689,294.32,2,Moodne keraamiline sall,aksessuaarid,null
4694,2024-02-06 00:00:00,3648,32.93,1,Klassikaline satiinne mantelpaltoo,naiste_riided,silver
4741,2024-02-06 00:00:00,4674,38.70,1,Praktiline puuvillane sukkpüksid,laste_riided,bronze
4859,2024-02-06 00:00:00,4410,145.50,1,Soe villane kingad,jalanõusid,gold
4928,2024-02-06 00:00:00,4309,143.42,1,Mugav puuvillane kardigan,meeste_riided,bronze
4879,2024-02-06 00:00:00,4903,363.36,2,Boheemlaslik kangast kangasvöö,aksessuaarid,bronze
4816,2024-02-06 00:00:00,3761,210.36,1,Kerge villane talvesaapad,jalanõusid,null
4709,2024-02-06 00:00:00,4590,465.65,5,Elegantne kangast kindad,aksessuaarid,bronze
4791,2024-02-06 00:00:00,3232,506.52,2,Luksuslik puuvillane linane särk,meeste_riided,null
4700,2024-02-07 00:00:00,2557,60.80,1,Mugav puuvillane pühapäevakleit,laste_riided,silver
4708,2024-02-07 00:00:00,4210,135.99,1,Minimalistlik linane tuunika,naiste_riided,gold
4682,2024-02-07 00:00:00,3618,152.85,1,Sportlik softshell sukkpüksid,laste_riided,gold
4798,2024-02-08 00:00:00,2417,210.36,1,Kerge villane talvesaapad,jalanõusid,null
4800,2024-02-08 00:00:00,4855,221.42,1,Moodne seemisnahkne oxfordid,jalanõusid,gold
4623,2024-02-08 00:00:00,3660,225.81,1,Klassikaline kashmiir pusa,naiste_riided,silver
4753,2024-02-08 00:00:00,2017,655.26,3,Elegantne flanellne cargo püksid,meeste_riided,silver
4839,2024-02-08 00:00:00,3618,218.54,1,Boheemlaslik nahkne kõrge kontsaga kingad,jalanõusid,gold
4896,2024-02-09 00:00:00,4018,638.84,2,Praktiline džersii seelik,naiste_riided,null
4726,2024-02-09 00:00:00,4334,-144.36,1,Klassikaline nahkne nahkkindad,aksessuaarid,null
4870,2024-02-10 00:00:00,2770,55.04,1,Minimalistlik villane pühapäevakleit,laste_riided,gold
4618,2024-02-10 00:00:00,3515,188.91,1,Klassikaline nahkne sõrmus,aksessuaarid,bronze
4638,2024-02-10 00:00:00,3824,611.44,2,Vintage nahkne tossud,jalanõusid,gold
4758,2024-02-11 00:00:00,3130,222.10,1,Trendikas viskoosne tuulejope,naiste_riided,bronze
4790,2024-02-11 00:00:00,3994,840.06,3,Soe siidine särk-pluus,naiste_riided,null
4681,2024-02-11 00:00:00,3722,94.25,1,Trendikas villane tuulejope,laste_riided,bronze
4821,2024-02-11 00:00:00,2026,459.33,3,Minimalistlik puust kootud müts,aksessuaarid,null
4892,2024-02-11 00:00:00,4056,34.04,1,Sportlik villane püksid,laste_riided,bronze
4616,2024-02-11 00:00:00,4452,104.27,1,Trendikas trikoo skaterkleit,laste_riided,null
4751,2024-02-12 00:00:00,2435,72.60,1,Praktiline trikoo püksid,laste_riided,null
4619,2024-02-12 00:00:00,4657,328.86,3,Soe džersii suvekleit,naiste_riided,bronze
4906,2024-02-12 00:00:00,3036,65.52,1,Luksuslik goretex tennised,jalanõusid,gold
4811,2024-02-12 00:00:00,3605,221.19,1,Mugav goretex platvormi kontsad,jalanõusid,null
4698,2024-02-12 00:00:00,2807,509.52,4,Kerge puuvillane slim-fit särk,meeste_riided,bronze
4612,2024-02-12 00:00:00,2950,410.00,2,Õhuline flanellne smokingüklikond,meeste_riided,null
4925,2024-02-12 00:00:00,3047,274.66,2,Praktiline puuvillane ülikond,meeste_riided,null
4828,2024-02-13 00:00:00,4477,371.46,3,Luksuslik džersii chino püksid,meeste_riided,null
4627,2024-02-13 00:00:00,2124,72.73,1,Minimalistlik džersii chino püksid,naiste_riided,bronze
4693,2024-02-13 00:00:00,4960,582.72,2,Trendikas džersii pullover,naiste_riided,null
4730,2024-02-13 00:00:00,2127,334.46,2,Trendikas trikoo chino püksid,laste_riided,silver
4809,2024-02-14 00:00:00,2975,421.52,2,Soe puuvillane teksapüksid,naiste_riided,null
4637,2024-02-14 00:00:00,4181,99.57,1,Vintage softshell alussärk,laste_riided,gold
4924,2024-02-14 00:00:00,2802,176.65,1,Praktiline kangast elastne vöö,aksessuaarid,gold
4840,2024-02-14 00:00:00,2689,243.93,1,Soe polüester smokingüklikond,meeste_riided,null
4842,2024-02-15 00:00:00,3591,210.18,2,Kerge linane kampsun,meeste_riided,silver
4615,2024-02-15 00:00:00,3112,733.24,4,Boheemlaslik siidine sõrmkindad,aksessuaarid,gold
4644,2024-02-15 00:00:00,3722,138.78,2,Trendikas sünteetiline mokassiinid,jalanõusid,bronze
4898,2024-02-15 00:00:00,2995,132.42,2,Luksuslik orgaaniline dressikomplekt,laste_riided,null
4742,2024-02-15 00:00:00,4178,279.48,2,Trendikas džersii miniseelik,naiste_riided,null
4728,2024-02-16 00:00:00,2489,128.37,1,Mugav fliisist alussärk,laste_riided,null
4873,2024-02-16 00:00:00,3556,201.86,1,Boheemlaslik polüester slim-fit särk,meeste_riided,silver
4754,2024-02-17 00:00:00,4270,350.19,1,Õhuline goretex tennised,jalanõusid,gold
4685,2024-02-17 00:00:00,2672,124.35,1,Elegantne tweed bleiser,meeste_riided,null
4841,2024-02-17 00:00:00,4259,148.82,2,Elegantne villane platvorm sandaalid,jalanõusid,null
4773,2024-02-17 00:00:00,3842,277.80,2,Soe polüester slim-fit püksid,meeste_riided,bronze
4876,2024-02-18 00:00:00,2119,-274.78,1,Mugav linane linane kostüüm,meeste_riided,silver
4929,2024-02-18 00:00:00,3203,125.36,1,Moodne fliisist teksapüksid,laste_riided,bronze
4706,2024-02-18 00:00:00,2585,-437.68,4,Elegantne villane kaabu,aksessuaarid,silver
4921,2024-02-19 00:00:00,2327,1426.28,4,Õhuline tweed püksid,meeste_riided,bronze
4715,2024-02-20 00:00:00,3350,737.34,2,Moodne villane nahk sandaalid,jalanõusid,silver
4703,2024-02-21 00:00:00,2716,110.53,1,Kerge teksane slim-fit ülikond,meeste_riided,silver
4705,2024-02-21 00:00:00,4859,45.40,2,Minimalistlik puuvillane pidžaama,laste_riided,bronze
4818,2024-02-21 00:00:00,4476,32.74,2,Soe siidine kaelakee,aksessuaarid,gold
4919,2024-02-22 00:00:00,2297,205.00,1,Õhuline flanellne smokingüklikond,meeste_riided,null
4723,2024-02-22 00:00:00,4346,393.82,2,Sportlik džersii püksid,meeste_riided,gold
4658,2024-02-22 00:00:00,2090,95.87,1,Sportlik softshell teksapüksid,laste_riided,gold
4819,2024-02-23 00:00:00,3218,197.36,2,Stiilne puuvillane mantelpaltoo,laste_riided,null
4785,2024-02-23 00:00:00,2891,38.70,1,Praktiline puuvillane sukkpüksid,laste_riided,null
4793,2024-02-23 00:00:00,4886,152.85,1,Sportlik softshell sukkpüksid,laste_riided,silver
4882,2024-02-23 00:00:00,4206,374.54,1,Vintage tweed kampsun,meeste_riided,null
4657,2024-02-23 00:00:00,4380,148.82,2,Elegantne villane platvorm sandaalid,jalanõusid,gold
4763,2024-02-24 00:00:00,3702,113.86,1,Trendikas villane nahkkindad,aksessuaarid,gold
4833,2024-02-25 00:00:00,3599,112.68,1,Minimalistlik softshell cargo püksid,laste_riided,null
4670,2024-02-25 00:00:00,3551,517.82,2,Mugav merino villane cargo püksid,meeste_riided,gold
4697,2024-02-26 00:00:00,3688,200.64,3,Minimalistlik keraamiline sall,aksessuaarid,null
4621,2024-02-26 00:00:00,4685,33.24,2,Moodne villane kaelasall,aksessuaarid,gold
4648,2024-02-26 00:00:00,2221,113.50,5,Minimalistlik puuvillane pidžaama,laste_riided,null
4671,2024-02-27 00:00:00,2154,396.58,2,Mugav tweed kardigan,meeste_riided,gold
4872,2024-02-27 00:00:00,2221,281.19,1,Moodne merino villane triiksärk,meeste_riided,null
4907,2024-02-27 00:00:00,3675,91.22,1,Klassikaline tweed kardigan,meeste_riided,bronze
4771,2024-02-27 00:00:00,3081,58.96,2,Mugav klaasist kõrvarõngad,aksessuaarid,gold
4822,2024-02-28 00:00:00,2949,402.62,1,Klassikaline seemisnahkne jooksutossud,jalanõusid,null
4645,2024-02-28 00:00:00,3699,939.96,4,Õhuline viskoosne jakk,naiste_riided,null
4649,2024-02-28 00:00:00,3884,665.67,3,Sportlik puuvillane slim-fit püksid,naiste_riided,silver
4683,2024-02-28 00:00:00,2711,112.68,1,Minimalistlik softshell cargo püksid,laste_riided,gold
4845,2024-02-28 00:00:00,3617,127.38,1,Kerge puuvillane slim-fit särk,meeste_riided,silver
4868,2024-02-28 00:00:00,3943,252.33,1,Mugav kashmiir pusa,naiste_riided,bronze
4932,2024-02-29 00:00:00,4206,337.64,2,Vintage fliisist koolikomplekt,laste_riided,null
4774,2024-02-29 00:00:00,4629,168.34,1,Mugav merino villane dressipluus,naiste_riided,null
4713,2024-02-29 00:00:00,4859,-546.12,2,Boheemlaslik goretex kingad,jalanõusid,bronze
4690,2024-02-29 00:00:00,2997,113.86,1,Trendikas villane nahkkindad,aksessuaarid,gold
4770,2024-02-29 00:00:00,3204,342.66,2,Soe teksane bleiser,meeste_riided,silver
5306,2024-03-01 00:00:00,3182,178.58,2,Klassikaline džersii bleiser,meeste_riided,gold
5245,2024-03-01 00:00:00,4830,279.43,1,Praktiline polüester ülikond,meeste_riided,bronze
4990,2024-03-01 00:00:00,3556,434.08,1,Õhuline sünteetiline sporditossud,jalanõusid,silver
5165,2024-03-01 00:00:00,3697,116.98,2,Luksuslik nahkne madalad kontsad,jalanõusid,silver
5133,2024-03-01 00:00:00,2670,158.94,1,Trendikas goretex chelsea botased,jalanõusid,silver
5097,2024-03-01 00:00:00,4206,50.85,1,Praktiline puust sall,aksessuaarid,null
5013,2024-03-01 00:00:00,4582,583.38,3,Soe džersii cargo püksid,naiste_riided,silver
5150,2024-03-02 00:00:00,3112,48.58,1,Soe fliisist pidžaama,laste_riided,gold
5179,2024-03-02 00:00:00,2922,884.76,4,Mugav goretex platvormi kontsad,jalanõusid,null
5042,2024-03-02 00:00:00,3165,990.08,4,Luksuslik merino villane chino püksid,naiste_riided,gold
5060,2024-03-02 00:00:00,4830,614.54,2,Sportlik seemisnahkne nahk sandaalid,jalanõusid,bronze
5335,2024-03-02 00:00:00,2401,560.04,2,Soe siidine särk-pluus,naiste_riided,bronze
4958,2024-03-03 00:00:00,2154,393.82,2,Sportlik džersii püksid,meeste_riided,gold
5206,2024-03-03 00:00:00,2612,24.67,1,Moodne orgaaniline bleiser,laste_riided,gold
4943,2024-03-03 00:00:00,4868,673.36,4,Mugav merino villane dressipluus,naiste_riided,gold
5023,2024-03-03 00:00:00,4673,74.70,1,Luksuslik villane saapad,jalanõusid,silver
5186,2024-03-03 00:00:00,2901,149.55,1,Luksuslik keraamiline elastne vöö,aksessuaarid,silver
5073,2024-03-03 00:00:00,3268,225.28,1,Moodne keraamiline nahkvöö,aksessuaarid,null
5030,2024-03-04 00:00:00,3512,809.55,3,Soe flanellne chino püksid,meeste_riided,null
5253,2024-03-04 00:00:00,2803,221.19,1,Mugav goretex platvormi kontsad,jalanõusid,silver
5100,2024-03-04 00:00:00,4596,234.91,1,Boheemlaslik nahkne talvesaapad,jalanõusid,bronze
4950,2024-03-04 00:00:00,4629,205.00,1,Õhuline flanellne smokingüklikond,meeste_riided,null
5189,2024-03-04 00:00:00,3159,194.57,1,Kerge metallist labakindad,aksessuaarid,gold
4969,2024-03-04 00:00:00,2909,145.46,2,Minimalistlik džersii chino püksid,naiste_riided,null
5054,2024-03-04 00:00:00,2901,315.27,3,Kerge linane kampsun,meeste_riided,silver
5318,2024-03-04 00:00:00,4350,218.99,1,Boheemlaslik džersii teksapüksid,naiste_riided,bronze
5167,2024-03-04 00:00:00,2318,41.63,1,Minimalistlik puuvillane tuunika,naiste_riided,gold
5286,2024-03-05 00:00:00,4342,368.67,1,Moodne villane nahk sandaalid,jalanõusid,silver
5159,2024-03-05 00:00:00,3070,22.04,1,Elegantne metallist sall,aksessuaarid,silver
5287,2024-03-06 00:00:00,4846,413.04,2,Kerge satiinne jakk,naiste_riided,silver
5185,2024-03-06 00:00:00,3862,229.88,2,Sportlik polüester slim-fit ülikond,meeste_riided,null
5190,2024-03-06 00:00:00,3567,629.96,4,Praktiline seemisnahkne tennised,jalanõusid,bronze
5021,2024-03-06 00:00:00,4277,302.16,2,Moodne polüester slim-fit särk,meeste_riided,silver
5240,2024-03-07 00:00:00,2077,908.40,5,Boheemlaslik kangast kangasvöö,aksessuaarid,silver
5353,2024-03-07 00:00:00,2366,168.82,1,Vintage fliisist koolikomplekt,laste_riided,bronze
5339,2024-03-07 00:00:00,2097,179.35,1,Luksuslik puuvillane jakk,naiste_riided,silver
4952,2024-03-07 00:00:00,4206,-752.66,2,Õhuline villane jooksutossud,jalanõusid,null
5205,2024-03-07 00:00:00,3722,338.43,1,Mugav tweed ülikond,meeste_riided,bronze
5040,2024-03-07 00:00:00,2889,348.60,3,Stiilne linane tuulejope,meeste_riided,silver
4944,2024-03-08 00:00:00,3735,443.78,2,Sportlik puuvillane slim-fit püksid,naiste_riided,bronze
5153,2024-03-08 00:00:00,4127,218.19,3,Minimalistlik džersii chino püksid,naiste_riided,null
5330,2024-03-08 00:00:00,3867,152.85,1,Sportlik softshell sukkpüksid,laste_riided,silver
5004,2024-03-08 00:00:00,2818,342.66,2,Soe teksane bleiser,meeste_riided,silver
5131,2024-03-08 00:00:00,2558,83.26,2,Minimalistlik puuvillane tuunika,naiste_riided,null
5001,2024-03-08 00:00:00,4755,200.77,1,Mugav kashmiir skaterkleit,naiste_riided,bronze
4981,2024-03-08 00:00:00,2770,422.70,2,Moodne viskoosne plisseeseelik,naiste_riided,gold
5146,2024-03-08 00:00:00,3648,45.40,2,Minimalistlik puuvillane pidžaama,laste_riided,silver
5279,2024-03-08 00:00:00,3536,302.86,1,Õhuline sünteetiline rannasandaalid,jalanõusid,silver
5262,2024-03-09 00:00:00,3084,437.16,3,Trendikas nahkne sõrmus,aksessuaarid,null
5152,2024-03-10 00:00:00,4730,250.17,1,Luksuslik merino villane kapuutsiga pusa,naiste_riided,null
5346,2024-03-10 00:00:00,2744,211.35,1,Moodne viskoosne plisseeseelik,naiste_riided,gold
4942,2024-03-10 00:00:00,3523,524.25,5,Soe puuvillane pühapäevakleit,laste_riided,gold
5178,2024-03-11 00:00:00,4259,116.20,1,Stiilne linane tuulejope,meeste_riided,null
5049,2024-03-11 00:00:00,4512,152.13,1,Mugav polüester püksid,meeste_riided,silver
5028,2024-03-12 00:00:00,2050,327.28,2,Minimalistlik sünteetiline saapad,jalanõusid,gold
5031,2024-03-12 00:00:00,3263,462.26,2,Luksuslik metallist labakindad,aksessuaarid,null
5248,2024-03-12 00:00:00,3505,126.42,1,Sportlik merino villane ülikond,meeste_riided,null
5092,2024-03-13 00:00:00,4571,901.12,4,Moodne keraamiline nahkvöö,aksessuaarid,silver
5298,2024-03-13 00:00:00,4149,-122.07,1,Moodne metallist rätik,aksessuaarid,gold
4963,2024-03-14 00:00:00,4534,562.56,4,Minimalistlik villane bleiser,laste_riided,gold
5200,2024-03-14 00:00:00,4224,210.36,1,Kerge villane talvesaapad,jalanõusid,silver
5319,2024-03-14 00:00:00,2299,208.11,1,Klassikaline flanellne cargo püksid,meeste_riided,silver
4945,2024-03-14 00:00:00,4674,305.72,1,Vintage nahkne tossud,jalanõusid,bronze
5128,2024-03-14 00:00:00,2270,703.24,2,Sportlik džersii ülikond,meeste_riided,silver
5008,2024-03-14 00:00:00,2756,301.97,1,Kerge džersii pluus,naiste_riided,null
5012,2024-03-14 00:00:00,4269,321.42,2,Stiilne džersii püksid,meeste_riided,silver
5019,2024-03-15 00:00:00,3896,321.82,2,Praktiline polüester casual särk,meeste_riided,null
5230,2024-03-15 00:00:00,2671,457.62,2,Trendikas nahkne oxfordid,jalanõusid,bronze
5313,2024-03-15 00:00:00,2889,787.64,4,Sportlik džersii püksid,meeste_riided,silver
4964,2024-03-15 00:00:00,3806,22.70,1,Vintage villane kangasvöö,aksessuaarid,null
5091,2024-03-15 00:00:00,4352,913.85,5,Elegantne siidine teksapüksid,naiste_riided,bronze
5119,2024-03-15 00:00:00,2997,249.69,3,Moodne kashmiir seelik,naiste_riided,gold
5239,2024-03-16 00:00:00,3885,47.36,2,Vintage softshell cargo püksid,laste_riided,gold
4971,2024-03-16 00:00:00,3504,125.37,3,Minimalistlik softshell alussärk,laste_riided,bronze
4974,2024-03-16 00:00:00,2443,-90.80,4,Vintage villane kangasvöö,aksessuaarid,null
4977,2024-03-16 00:00:00,4388,416.15,5,Moodne kashmiir seelik,naiste_riided,gold
4989,2024-03-16 00:00:00,2745,617.67,3,Stiilne puust müts,aksessuaarid,null
5143,2024-03-17 00:00:00,3991,69.39,1,Trendikas sünteetiline mokassiinid,jalanõusid,null
5007,2024-03-17 00:00:00,4503,197.36,2,Stiilne puuvillane mantelpaltoo,laste_riided,null
5108,2024-03-17 00:00:00,3110,107.26,1,Minimalistlik siidine labakindad,aksessuaarid,bronze
5169,2024-03-18 00:00:00,3638,211.35,1,Moodne viskoosne plisseeseelik,naiste_riided,null
5188,2024-03-18 00:00:00,2399,209.05,1,Stiilne kashmiir jakk,naiste_riided,null
5022,2024-03-18 00:00:00,2766,403.74,3,Vintage tweed smokingüklikond,meeste_riided,silver
5192,2024-03-19 00:00:00,2276,173.62,1,Elegantne siidine müts,aksessuaarid,gold
4955,2024-03-19 00:00:00,2681,646.74,3,Stiilne villane seljakott,aksessuaarid,silver
5044,2024-03-19 00:00:00,4424,147.16,1,Moodne keraamiline sall,aksessuaarid,null
5328,2024-03-19 00:00:00,3993,281.19,1,Moodne merino villane triiksärk,meeste_riided,gold
5166,2024-03-19 00:00:00,2773,756.30,3,Soe sünteetiline sandaalid,jalanõusid,null
5136,2024-03-19 00:00:00,2435,183.40,1,Moodne siidine sall,aksessuaarid,null
5134,2024-03-19 00:00:00,3350,139.74,1,Trendikas džersii miniseelik,naiste_riided,silver
5210,2024-03-20 00:00:00,3136,145.72,1,Trendikas nahkne sõrmus,aksessuaarid,null
5005,2024-03-20 00:00:00,4385,247.52,1,Luksuslik merino villane chino püksid,naiste_riided,null
5158,2024-03-21 00:00:00,4541,294.32,2,Moodne keraamiline sall,aksessuaarid,silver
5121,2024-03-22 00:00:00,3458,24.54,1,Praktiline trikoo sukkpüksid,laste_riided,gold
5329,2024-03-22 00:00:00,3275,-149.47,1,Praktiline nahkne sõrmus,aksessuaarid,null
5237,2024-03-22 00:00:00,2158,247.28,2,Praktiline puuvillane teksapüksid,laste_riided,null
5145,2024-03-23 00:00:00,3350,659.49,3,Kerge siidine nahkkindad,aksessuaarid,silver
5180,2024-03-23 00:00:00,3151,22.70,1,Vintage villane kangasvöö,aksessuaarid,null
5331,2024-03-23 00:00:00,4665,114.80,1,Stiilne fliisist komplekt,laste_riided,null
5052,2024-03-23 00:00:00,3571,291.00,2,Soe villane kingad,jalanõusid,null
5261,2024-03-23 00:00:00,2317,368.30,2,Stiilne villane sõrmkindad,aksessuaarid,null
5300,2024-03-24 00:00:00,3350,253.80,1,Klassikaline kangast platvormi kontsad,jalanõusid,silver
5047,2024-03-24 00:00:00,3812,270.69,1,Soe nahkne platvormi kontsad,jalanõusid,null
5283,2024-03-24 00:00:00,2636,84.41,1,Minimalistlik seemisnahkne chelsea botased,jalanõusid,silver
5074,2024-03-24 00:00:00,2186,127.38,1,Kerge puuvillane slim-fit särk,meeste_riided,gold
5107,2024-03-24 00:00:00,4315,144.20,1,Mugav flanellne parka,meeste_riided,gold
5123,2024-03-24 00:00:00,4763,282.95,1,Sportlik džersii parka,naiste_riided,null
5147,2024-03-24 00:00:00,4413,132.30,1,Luksuslik goretex derbyd,jalanõusid,silver
5219,2024-03-24 00:00:00,3886,896.76,4,Boheemlaslik satiinne seelik,naiste_riided,gold
5342,2024-03-25 00:00:00,3965,190.78,2,Klassikaline kangast nahkkindad,aksessuaarid,null
5059,2024-03-25 00:00:00,3605,22.04,1,Elegantne metallist sall,aksessuaarid,null
5244,2024-03-25 00:00:00,2981,72.14,1,Vintage villane püksid,laste_riided,silver
5168,2024-03-26 00:00:00,2299,197.36,2,Stiilne puuvillane mantelpaltoo,laste_riided,silver
5157,2024-03-26 00:00:00,4476,160.91,1,Praktiline polüester casual särk,meeste_riided,gold
4951,2024-03-26 00:00:00,3789,302.79,3,Boheemlaslik polüester casual särk,meeste_riided,null
5214,2024-03-26 00:00:00,4076,251.96,2,Kerge viskoosne suvekleit,naiste_riided,gold
5094,2024-03-26 00:00:00,3511,120.17,1,Mugav kangast tennised,jalanõusid,gold
5027,2024-03-27 00:00:00,3958,144.20,1,Mugav flanellne parka,meeste_riided,silver
5233,2024-03-27 00:00:00,2357,305.70,2,Sportlik softshell sukkpüksid,laste_riided,gold
5112,2024-03-27 00:00:00,3695,62.56,1,Boheemlaslik kangast reisikott,aksessuaarid,null
5106,2024-03-27 00:00:00,4213,347.16,1,Mugav flanellne linane kostüüm,meeste_riided,gold
5045,2024-03-27 00:00:00,3271,251.91,3,Luksuslik sünteetiline nahk sandaalid,jalanõusid,null
5194,2024-03-27 00:00:00,4704,65.60,1,Elegantne puust kootud müts,aksessuaarid,silver
4960,2024-03-27 00:00:00,2659,147.16,1,Moodne keraamiline sall,aksessuaarid,gold
4997,2024-03-28 00:00:00,3411,418.10,2,Stiilne kashmiir jakk,naiste_riided,silver
5127,2024-03-28 00:00:00,3605,210.87,1,Soe linane mantelpaltoo,meeste_riided,null
5162,2024-03-28 00:00:00,3355,363.36,2,Boheemlaslik kangast kangasvöö,aksessuaarid,bronze
5320,2024-03-28 00:00:00,4928,290.55,1,Vintage džersii tuunika,naiste_riided,silver
4988,2024-03-29 00:00:00,2205,95.76,2,Praktiline klaasist sõrmkindad,aksessuaarid,gold
4987,2024-03-29 00:00:00,4086,752.66,2,Õhuline villane jooksutossud,jalanõusid,silver
4973,2024-03-29 00:00:00,3789,133.95,5,Vintage keraamiline barett,aksessuaarid,null
5110,2024-03-30 00:00:00,2594,184.15,1,Stiilne villane sõrmkindad,aksessuaarid,bronze
5078,2024-03-30 00:00:00,4947,373.54,2,Klassikaline puust nahkvöö,aksessuaarid,null
5082,2024-03-30 00:00:00,2539,245.59,1,Boheemlaslik merino villane kapuutsiga pusa,naiste_riided,gold
4998,2024-03-30 00:00:00,4970,138.13,1,Õhuline orgaaniline alussärk,laste_riided,bronze
5229,2024-03-30 00:00:00,4255,265.20,1,Sportlik linane jakk,naiste_riided,silver
5235,2024-03-31 00:00:00,2549,530.40,2,Sportlik linane jakk,naiste_riided,silver
5263,2024-03-31 00:00:00,4995,89.39,1,Klassikaline linane mantelpaltoo,meeste_riided,gold
5264,2024-03-31 00:00:00,2221,246.97,1,Minimalistlik džersii polo särk,meeste_riided,null
5068,2024-03-31 00:00:00,4315,50.77,1,Sportlik siidine cargo püksid,naiste_riided,gold
5259,2024-03-31 00:00:00,4615,241.17,3,Luksuslik villane bleiser,laste_riided,silver
5749,2024-04-01 00:00:00,3810,1120.52,4,Minimalistlik nahkne platvormi kontsad,jalanõusid,null
5617,2024-04-01 00:00:00,3112,280.13,1,Minimalistlik nahkne platvormi kontsad,jalanõusid,gold
5470,2024-04-01 00:00:00,3322,264.24,3,Minimalistlik trikoo tuulejope,laste_riided,silver
5688,2024-04-01 00:00:00,3351,411.78,2,Stiilne puust müts,aksessuaarid,silver
5747,2024-04-01 00:00:00,3572,549.32,4,Praktiline puuvillane ülikond,meeste_riided,null
5401,2024-04-01 00:00:00,2356,883.25,5,Praktiline kangast elastne vöö,aksessuaarid,null
5378,2024-04-01 00:00:00,3275,307.83,1,Õhuline linane jakk,naiste_riided,null
5631,2024-04-02 00:00:00,2063,81.48,1,Õhuline kangast nahk sandaalid,jalanõusid,null
5746,2024-04-02 00:00:00,3722,29.42,1,Kerge nahkne õlakott,aksessuaarid,bronze
5414,2024-04-02 00:00:00,4669,260.72,2,Minimalistlik džersii pullover,naiste_riided,null
5669,2024-04-03 00:00:00,2117,294.32,2,Moodne keraamiline sall,aksessuaarid,null
5384,2024-04-03 00:00:00,2114,224.19,1,Boheemlaslik satiinne seelik,naiste_riided,bronze
5393,2024-04-04 00:00:00,4270,29.42,1,Kerge nahkne õlakott,aksessuaarid,gold
5375,2024-04-04 00:00:00,4087,241.18,2,Elegantne tweed smokingüklikond,meeste_riided,bronze
5756,2024-04-04 00:00:00,3502,114.80,1,Stiilne fliisist komplekt,laste_riided,bronze
5615,2024-04-05 00:00:00,2572,750.68,2,Soe sünteetiline loaferid,jalanõusid,gold
5592,2024-04-05 00:00:00,3648,368.97,1,Stiilne goretex kingad,jalanõusid,silver
5387,2024-04-05 00:00:00,2997,163.53,1,Boheemlaslik merino villane poolsäärne kampsun,meeste_riided,gold
5389,2024-04-05 00:00:00,2466,104.08,2,Elegantne orgaaniline kleit,laste_riided,bronze
5610,2024-04-05 00:00:00,4426,381.62,2,Praktiline nahkne nahk sandaalid,jalanõusid,gold
5555,2024-04-06 00:00:00,3580,171.24,3,Kerge puust barett,aksessuaarid,silver
5578,2024-04-06 00:00:00,2055,443.78,2,Sportlik puuvillane slim-fit püksid,naiste_riided,bronze
5583,2024-04-06 00:00:00,2725,58.84,2,Kerge nahkne õlakott,aksessuaarid,null
5441,2024-04-06 00:00:00,3376,519.38,2,Luksuslik tweed triiksärk,meeste_riided,silver
5518,2024-04-06 00:00:00,4283,-339.21,1,Boheemlaslik villane tennised,jalanõusid,null
5544,2024-04-06 00:00:00,2997,1166.88,4,Õhuline sünteetiline kõrge kontsaga kingad,jalanõusid,gold
5511,2024-04-06 00:00:00,2891,160.71,1,Stiilne džersii püksid,meeste_riided,null
5484,2024-04-07 00:00:00,4746,-814.68,4,Moodne džersii slim-fit ülikond,meeste_riided,bronze
5376,2024-04-07 00:00:00,2931,327.06,2,Boheemlaslik merino villane poolsäärne kampsun,meeste_riided,bronze
5643,2024-04-07 00:00:00,3656,504.20,2,Soe sünteetiline sandaalid,jalanõusid,bronze
5550,2024-04-08 00:00:00,3379,836.15,5,Trendikas trikoo chino püksid,laste_riided,null
5722,2024-04-08 00:00:00,4752,113.86,1,Trendikas villane nahkkindad,aksessuaarid,null
5600,2024-04-08 00:00:00,4018,-152.85,1,Sportlik softshell sukkpüksid,laste_riided,null
5357,2024-04-08 00:00:00,2466,-152.13,1,Mugav polüester püksid,meeste_riided,bronze
5358,2024-04-08 00:00:00,4962,242.43,1,Sportlik polüester püksid,meeste_riided,silver
5514,2024-04-08 00:00:00,2062,81.48,1,Õhuline kangast nahk sandaalid,jalanõusid,gold
5707,2024-04-08 00:00:00,4294,487.86,2,Soe polüester smokingüklikond,meeste_riided,null
5653,2024-04-08 00:00:00,4322,338.43,1,Mugav tweed ülikond,meeste_riided,null
5424,2024-04-09 00:00:00,2901,29.48,1,Mugav klaasist kõrvarõngad,aksessuaarid,silver
5363,2024-04-09 00:00:00,2484,991.45,5,Mugav tweed kardigan,meeste_riided,null
5554,2024-04-10 00:00:00,3692,562.38,2,Moodne merino villane triiksärk,meeste_riided,bronze
5377,2024-04-10 00:00:00,3722,246.45,3,Elegantne tweed püksid,meeste_riided,bronze
5729,2024-04-10 00:00:00,3866,50.85,1,Praktiline puust sall,aksessuaarid,null
5526,2024-04-10 00:00:00,4326,315.87,3,Elegantne orgaaniline dressikomplekt,laste_riided,null
5520,2024-04-11 00:00:00,3834,225.81,1,Klassikaline kashmiir pusa,naiste_riided,silver
5528,2024-04-11 00:00:00,3106,254.85,3,Mugav softshell teksapüksid,laste_riided,silver
5720,2024-04-11 00:00:00,2139,149.55,1,Luksuslik keraamiline elastne vöö,aksessuaarid,null
5636,2024-04-11 00:00:00,2730,777.84,4,Soe džersii cargo püksid,naiste_riided,bronze
5438,2024-04-11 00:00:00,4729,191.61,3,Boheemlaslik softshell komplekt,laste_riided,null
5440,2024-04-11 00:00:00,2494,83.10,1,Õhuline linane bleiser,meeste_riided,silver
5723,2024-04-11 00:00:00,3339,149.47,1,Praktiline nahkne sõrmus,aksessuaarid,bronze
5699,2024-04-12 00:00:00,2616,1212.15,5,Sportlik polüester püksid,meeste_riided,silver
5738,2024-04-12 00:00:00,4206,374.54,1,Vintage tweed kampsun,meeste_riided,null
5687,2024-04-13 00:00:00,2619,144.36,1,Klassikaline nahkne nahkkindad,aksessuaarid,silver
5735,2024-04-13 00:00:00,4689,271.98,2,Minimalistlik linane tuunika,naiste_riided,gold
5559,2024-04-13 00:00:00,4178,123.64,1,Praktiline puuvillane teksapüksid,laste_riided,null
5495,2024-04-13 00:00:00,2895,166.27,1,Praktiline merino villane pusa,naiste_riided,null
5673,2024-04-14 00:00:00,4752,250.17,1,Luksuslik merino villane kapuutsiga pusa,naiste_riided,null
5501,2024-04-14 00:00:00,2277,214.52,2,Minimalistlik siidine labakindad,aksessuaarid,gold
5515,2024-04-14 00:00:00,2386,263.13,1,Soe satiinne pluus,naiste_riided,null
5529,2024-04-14 00:00:00,2221,353.30,2,Praktiline kangast elastne vöö,aksessuaarid,null
5620,2024-04-15 00:00:00,4050,107.98,2,Moodne villane pühapäevakleit,laste_riided,null
5397,2024-04-15 00:00:00,2704,281.19,1,Moodne merino villane triiksärk,meeste_riided,null
5638,2024-04-15 00:00:00,2053,749.08,2,Vintage tweed kampsun,meeste_riided,null
5444,2024-04-15 00:00:00,4687,147.92,1,Minimalistlik fliisist slim-fit püksid,laste_riided,gold
5498,2024-04-15 00:00:00,3435,740.91,3,Minimalistlik džersii polo särk,meeste_riided,null
5420,2024-04-15 00:00:00,3017,291.72,1,Õhuline sünteetiline kõrge kontsaga kingad,jalanõusid,null
5437,2024-04-15 00:00:00,2498,154.71,1,Klassikaline linane parka,meeste_riided,silver
5753,2024-04-16 00:00:00,3775,54.81,1,Luksuslik trikoo slim-fit püksid,laste_riided,gold
5500,2024-04-16 00:00:00,2097,163.64,1,Minimalistlik sünteetiline saapad,jalanõusid,silver
5521,2024-04-16 00:00:00,4969,175.25,1,Soe polüester cargo püksid,meeste_riided,null
5533,2024-04-16 00:00:00,3269,199.14,2,Vintage softshell alussärk,laste_riided,silver
5640,2024-04-16 00:00:00,4138,204.87,1,Praktiline villane kott,aksessuaarid,gold
5588,2024-04-17 00:00:00,3605,110.70,1,Elegantne villane sukkpüksid,laste_riided,null
5593,2024-04-17 00:00:00,3713,130.00,2,Vintage seemisnahkne jooksutossud,jalanõusid,bronze
5703,2024-04-17 00:00:00,2291,742.10,2,Trendikas goretex oxfordid,jalanõusid,bronze
5516,2024-04-17 00:00:00,4903,704.37,3,Soe teksane chino püksid,meeste_riided,bronze
5368,2024-04-17 00:00:00,3870,306.22,2,Minimalistlik puust kootud müts,aksessuaarid,null
5392,2024-04-17 00:00:00,4463,184.07,1,Õhuline puuvillane kampsun,meeste_riided,silver
5390,2024-04-17 00:00:00,2789,244.25,5,Luksuslik tweed linane särk,meeste_riided,null
5563,2024-04-17 00:00:00,3949,549.74,2,Õhuline goretex kingad,jalanõusid,null
5464,2024-04-17 00:00:00,4427,104.08,2,Elegantne orgaaniline kleit,laste_riided,null
5466,2024-04-17 00:00:00,3590,267.87,3,Klassikaline džersii bleiser,meeste_riided,null
5731,2024-04-18 00:00:00,4334,654.14,2,Õhuline polüester cargo püksid,meeste_riided,null
5647,2024-04-18 00:00:00,3122,274.37,1,Trendikas puuvillane skaterkleit,naiste_riided,bronze
5460,2024-04-18 00:00:00,3637,210.58,2,Elegantne orgaaniline dressikomplekt,laste_riided,null
5737,2024-04-18 00:00:00,2942,562.38,2,Moodne merino villane triiksärk,meeste_riided,null
5362,2024-04-18 00:00:00,2564,45.40,2,Vintage villane kangasvöö,aksessuaarid,silver
5400,2024-04-18 00:00:00,4631,358.41,1,Sportlik kangast tossud,jalanõusid,bronze
5455,2024-04-18 00:00:00,4955,495.62,2,Vintage linane bleiser,meeste_riided,null
5426,2024-04-19 00:00:00,2726,242.43,1,Sportlik polüester püksid,meeste_riided,silver
5505,2024-04-19 00:00:00,3405,191.48,1,Vintage kangast vöö,aksessuaarid,bronze
5602,2024-04-19 00:00:00,2092,405.04,4,Boheemlaslik orgaaniline bleiser,laste_riided,bronze
5560,2024-04-20 00:00:00,3668,191.74,2,Sportlik softshell teksapüksid,laste_riided,null
5475,2024-04-20 00:00:00,3935,172.28,2,Sportlik puuvillane chino püksid,laste_riided,gold
5644,2024-04-20 00:00:00,2059,218.99,1,Boheemlaslik džersii teksapüksid,naiste_riided,silver
5425,2024-04-20 00:00:00,3810,106.38,2,Soe orgaaniline sokid,laste_riided,null
5574,2024-04-20 00:00:00,4808,127.90,2,Stiilne villane kontsakingad,jalanõusid,silver
5721,2024-04-20 00:00:00,2282,308.84,1,Boheemlaslik puuvillane tuulejope,naiste_riided,null
5625,2024-04-21 00:00:00,3665,128.37,1,Mugav fliisist alussärk,laste_riided,silver
5489,2024-04-21 00:00:00,3239,695.68,2,Luksuslik teksane polo särk,meeste_riided,null
5594,2024-04-21 00:00:00,4056,105.23,1,Soe trikoo pühapäevakleit,laste_riided,bronze
5743,2024-04-21 00:00:00,4258,47.38,1,Õhuline softshell dressikomplekt,laste_riided,gold
5767,2024-04-21 00:00:00,4184,958.26,3,Praktiline džersii seelik,naiste_riided,gold
5360,2024-04-22 00:00:00,4569,482.36,4,Elegantne tweed smokingüklikond,meeste_riided,null
5586,2024-04-22 00:00:00,3788,153.30,3,Elegantne klaasist barett,aksessuaarid,gold
5549,2024-04-22 00:00:00,3359,222.10,1,Trendikas viskoosne tuulejope,naiste_riided,null
5539,2024-04-22 00:00:00,4450,607.71,3,Moodne kashmiir plisseeseelik,naiste_riided,null
5507,2024-04-22 00:00:00,2047,196.91,1,Sportlik džersii püksid,meeste_riided,null
5391,2024-04-23 00:00:00,2628,273.06,1,Boheemlaslik goretex kingad,jalanõusid,bronze
5361,2024-04-23 00:00:00,3044,205.89,1,Stiilne puust müts,aksessuaarid,null
5658,2024-04-23 00:00:00,3309,51.50,1,Minimalistlik softshell chino püksid,laste_riided,gold
5608,2024-04-23 00:00:00,4418,32.93,1,Klassikaline satiinne mantelpaltoo,naiste_riided,gold
5431,2024-04-23 00:00:00,4997,605.72,2,Õhuline sünteetiline rannasandaalid,jalanõusid,null
5417,2024-04-24 00:00:00,2777,502.08,4,Elegantne teksane cargo püksid,meeste_riided,bronze
5590,2024-04-24 00:00:00,4206,351.33,1,Boheemlaslik linane pullover,naiste_riided,null
5371,2024-04-24 00:00:00,3854,225.36,2,Minimalistlik softshell cargo püksid,laste_riided,null
5656,2024-04-24 00:00:00,3995,301.85,5,Soe viskoosne skaterkleit,naiste_riided,gold
5433,2024-04-24 00:00:00,4009,208.15,5,Minimalistlik puuvillane tuunika,naiste_riided,silver
5651,2024-04-25 00:00:00,3897,737.90,5,Mugav kangast sandaalid,jalanõusid,gold
5412,2024-04-25 00:00:00,4178,-665.67,3,Sportlik puuvillane slim-fit püksid,naiste_riided,null
5709,2024-04-25 00:00:00,2871,53.01,1,Trendikas flanellne mantelpaltoo,meeste_riided,gold
5742,2024-04-26 00:00:00,3618,319.42,1,Praktiline džersii seelik,naiste_riided,gold
5630,2024-04-26 00:00:00,2889,333.78,3,Vintage viskoosne püksid,naiste_riided,silver
5750,2024-04-26 00:00:00,3957,225.36,2,Minimalistlik softshell cargo püksid,laste_riided,null
5386,2024-04-27 00:00:00,3590,54.81,1,Luksuslik trikoo slim-fit püksid,laste_riided,null
5584,2024-04-27 00:00:00,4263,163.53,1,Boheemlaslik merino villane poolsäärne kampsun,meeste_riided,gold
5726,2024-04-27 00:00:00,4737,493.94,2,Minimalistlik džersii polo särk,meeste_riided,gold
5611,2024-04-27 00:00:00,3068,145.72,1,Trendikas nahkne sõrmus,aksessuaarid,silver
5575,2024-04-27 00:00:00,3388,62.55,1,Soe kangast nahk sandaalid,jalanõusid,gold
5655,2024-04-28 00:00:00,4108,94.25,1,Trendikas villane tuulejope,laste_riided,bronze
5693,2024-04-28 00:00:00,2346,548.74,2,Trendikas puuvillane skaterkleit,naiste_riided,null
5704,2024-04-28 00:00:00,4206,731.08,4,Elegantne siidine teksapüksid,naiste_riided,null
5607,2024-04-28 00:00:00,3847,218.99,1,Boheemlaslik džersii teksapüksid,naiste_riided,null
5356,2024-04-29 00:00:00,3898,530.40,2,Sportlik linane jakk,naiste_riided,silver
5561,2024-04-29 00:00:00,2167,376.33,1,Õhuline villane jooksutossud,jalanõusid,bronze
5695,2024-04-29 00:00:00,3835,125.12,2,Boheemlaslik kangast reisikott,aksessuaarid,bronze
5428,2024-04-29 00:00:00,3019,107.98,2,Moodne villane pühapäevakleit,laste_riided,null
5447,2024-04-30 00:00:00,3526,168.34,1,Mugav merino villane dressipluus,naiste_riided,gold
5668,2024-04-30 00:00:00,4727,184.07,1,Õhuline puuvillane kampsun,meeste_riided,null
5562,2024-04-30 00:00:00,2948,16.62,1,Moodne villane kaelasall,aksessuaarid,gold
5674,2024-04-30 00:00:00,4285,241.13,1,Õhuline seemisnahkne rannasandaalid,jalanõusid,null
5769,2024-05-01 00:00:00,3648,517.82,2,Mugav merino villane cargo püksid,meeste_riided,silver
6024,2024-05-01 00:00:00,4070,307.24,2,Praktiline seemisnahkne saapad,jalanõusid,silver
6004,2024-05-01 00:00:00,2639,52.04,1,Elegantne orgaaniline kleit,laste_riided,null
5823,2024-05-01 00:00:00,3832,65.00,1,Vintage seemisnahkne jooksutossud,jalanõusid,bronze
5794,2024-05-01 00:00:00,4964,196.91,1,Sportlik džersii püksid,meeste_riided,bronze
5771,2024-05-01 00:00:00,4837,16.37,1,Soe siidine kaelakee,aksessuaarid,bronze
6119,2024-05-02 00:00:00,2676,703.24,2,Sportlik džersii ülikond,meeste_riided,bronze
6005,2024-05-02 00:00:00,4334,182.40,3,Mugav puuvillane pühapäevakleit,laste_riided,null
5793,2024-05-03 00:00:00,4634,62.55,1,Soe kangast nahk sandaalid,jalanõusid,silver
6101,2024-05-04 00:00:00,3664,32.93,1,Klassikaline satiinne mantelpaltoo,naiste_riided,silver
6150,2024-05-04 00:00:00,3475,346.70,1,Praktiline viskoosne jakk,naiste_riided,silver
5999,2024-05-04 00:00:00,2324,514.78,2,Moodne kashmiir pullover,naiste_riided,silver
5915,2024-05-04 00:00:00,2519,138.90,1,Soe polüester slim-fit püksid,meeste_riided,null
5797,2024-05-04 00:00:00,2080,257.39,1,Moodne kashmiir pullover,naiste_riided,gold
5871,2024-05-04 00:00:00,3312,305.72,1,Vintage nahkne tossud,jalanõusid,null
6175,2024-05-05 00:00:00,3015,675.84,3,Moodne keraamiline nahkvöö,aksessuaarid,gold
5920,2024-05-05 00:00:00,4949,401.54,2,Mugav kashmiir skaterkleit,naiste_riided,bronze
6129,2024-05-05 00:00:00,2457,160.71,1,Stiilne džersii püksid,meeste_riided,silver
5930,2024-05-05 00:00:00,4850,339.90,2,Praktiline keraamiline kaabu,aksessuaarid,null
6093,2024-05-05 00:00:00,2220,28.56,1,Trendikas keraamiline sõrmkindad,aksessuaarid,gold
5799,2024-05-05 00:00:00,4170,86.14,1,Sportlik puuvillane chino püksid,laste_riided,null
6131,2024-05-06 00:00:00,2636,271.98,2,Minimalistlik linane tuunika,naiste_riided,silver
5774,2024-05-06 00:00:00,3605,94.14,2,Boheemlaslik klaasist kaelakee,aksessuaarid,null
5825,2024-05-07 00:00:00,3711,-421.52,2,Soe puuvillane teksapüksid,naiste_riided,null
6091,2024-05-07 00:00:00,2733,231.13,1,Luksuslik metallist labakindad,aksessuaarid,null
5813,2024-05-07 00:00:00,4860,58.49,1,Luksuslik nahkne madalad kontsad,jalanõusid,silver
5963,2024-05-07 00:00:00,3787,29.42,1,Kerge nahkne õlakott,aksessuaarid,silver
5978,2024-05-07 00:00:00,4989,141.05,1,Stiilne nahkne derbyd,jalanõusid,gold
6073,2024-05-07 00:00:00,4184,187.16,1,Trendikas sünteetiline platvorm sandaalid,jalanõusid,gold
5996,2024-05-08 00:00:00,4294,224.19,1,Boheemlaslik satiinne seelik,naiste_riided,null
5802,2024-05-08 00:00:00,2619,374.32,2,Trendikas sünteetiline platvorm sandaalid,jalanõusid,silver
6087,2024-05-08 00:00:00,2974,272.60,2,Luksuslik orgaaniline pühapäevakleit,laste_riided,null
5918,2024-05-08 00:00:00,4160,219.24,2,Soe džersii suvekleit,naiste_riided,silver
6079,2024-05-08 00:00:00,4043,404.82,3,Elegantne keraamiline labakindad,aksessuaarid,null
5772,2024-05-09 00:00:00,3532,280.13,1,Minimalistlik nahkne platvormi kontsad,jalanõusid,gold
5880,2024-05-09 00:00:00,2708,614.61,3,Praktiline villane kott,aksessuaarid,bronze
5894,2024-05-09 00:00:00,2221,632.08,2,Trendikas džersii slim-fit püksid,meeste_riided,null
6002,2024-05-09 00:00:00,2522,169.08,2,Minimalistlik nahkne derbyd,jalanõusid,null
5941,2024-05-10 00:00:00,4164,54.95,1,Kerge puuvillane chino püksid,laste_riided,gold
6146,2024-05-10 00:00:00,3556,605.80,4,Mugav softshell slim-fit püksid,laste_riided,silver
5850,2024-05-10 00:00:00,3856,206.52,1,Kerge satiinne jakk,naiste_riided,gold
5855,2024-05-10 00:00:00,3723,188.46,3,Trendikas villane dressikomplekt,laste_riided,silver
5833,2024-05-11 00:00:00,3745,678.42,2,Boheemlaslik villane tennised,jalanõusid,bronze
5824,2024-05-11 00:00:00,2552,557.18,2,Kerge flanellne kardigan,meeste_riided,gold
5874,2024-05-11 00:00:00,3600,123.64,1,Praktiline puuvillane teksapüksid,laste_riided,gold
6117,2024-05-11 00:00:00,3309,241.17,3,Luksuslik villane bleiser,laste_riided,gold
5950,2024-05-12 00:00:00,3722,324.38,1,Boheemlaslik kangast rannasandaalid,jalanõusid,bronze
5980,2024-05-12 00:00:00,4037,145.46,2,Minimalistlik džersii chino püksid,naiste_riided,bronze
5798,2024-05-12 00:00:00,3330,160.91,1,Praktiline polüester casual särk,meeste_riided,null
6107,2024-05-12 00:00:00,3249,318.63,3,Luksuslik fliisist komplekt,laste_riided,bronze
6063,2024-05-12 00:00:00,2022,47.88,1,Praktiline klaasist sõrmkindad,aksessuaarid,gold
6011,2024-05-12 00:00:00,2211,608.28,2,Trendikas viskoosne topik,naiste_riided,bronze
5803,2024-05-12 00:00:00,2259,54.95,1,Kerge puuvillane chino püksid,laste_riided,null
5807,2024-05-12 00:00:00,4757,243.93,1,Soe polüester smokingüklikond,meeste_riided,null
5876,2024-05-13 00:00:00,3505,250.17,1,Luksuslik merino villane kapuutsiga pusa,naiste_riided,null
6067,2024-05-13 00:00:00,3605,1110.50,5,Trendikas viskoosne tuulejope,naiste_riided,null
6007,2024-05-14 00:00:00,4441,158.94,1,Trendikas goretex chelsea botased,jalanõusid,null
5801,2024-05-14 00:00:00,3231,984.55,5,Sportlik džersii püksid,meeste_riided,null
6094,2024-05-14 00:00:00,2721,358.70,2,Luksuslik puuvillane jakk,naiste_riided,bronze
5785,2024-05-14 00:00:00,3772,149.47,1,Praktiline nahkne sõrmus,aksessuaarid,bronze
6123,2024-05-14 00:00:00,3605,86.46,1,Moodne trikoo koolikomplekt,laste_riided,null
6061,2024-05-14 00:00:00,2559,149.55,1,Luksuslik keraamiline elastne vöö,aksessuaarid,null
5870,2024-05-15 00:00:00,3513,246.97,1,Minimalistlik džersii polo särk,meeste_riided,null
5781,2024-05-15 00:00:00,4368,536.80,5,Vintage orgaaniline komplekt,laste_riided,gold
5853,2024-05-15 00:00:00,4676,250.72,2,Moodne fliisist teksapüksid,laste_riided,gold
6155,2024-05-15 00:00:00,4720,442.74,3,Mugav kangast sandaalid,jalanõusid,null
5875,2024-05-15 00:00:00,4493,221.06,2,Kerge teksane slim-fit ülikond,meeste_riided,null
5858,2024-05-15 00:00:00,4809,678.42,2,Boheemlaslik villane tennised,jalanõusid,silver
6103,2024-05-16 00:00:00,3618,71.36,2,Moodne puuvillane komplekt,laste_riided,gold
5768,2024-05-16 00:00:00,2627,635.76,4,Trendikas goretex chelsea botased,jalanõusid,silver
6108,2024-05-17 00:00:00,2843,702.66,2,Boheemlaslik linane pullover,naiste_riided,silver
6044,2024-05-17 00:00:00,4687,120.17,1,Mugav kangast tennised,jalanõusid,gold
5814,2024-05-17 00:00:00,4611,819.96,3,Soe seemisnahkne nahk sandaalid,jalanõusid,gold
6055,2024-05-17 00:00:00,2327,72.14,1,Vintage villane püksid,laste_riided,bronze
5972,2024-05-18 00:00:00,3788,116.87,1,Moodne kangast derbyd,jalanõusid,gold
5808,2024-05-18 00:00:00,4185,93.13,1,Elegantne kangast kindad,aksessuaarid,bronze
5917,2024-05-18 00:00:00,3083,199.14,2,Vintage softshell alussärk,laste_riided,null
5844,2024-05-18 00:00:00,2494,282.95,1,Sportlik džersii parka,naiste_riided,silver
6171,2024-05-18 00:00:00,4149,552.21,3,Õhuline puuvillane kampsun,meeste_riided,gold
6006,2024-05-19 00:00:00,2113,159.03,3,Trendikas flanellne mantelpaltoo,meeste_riided,gold
5820,2024-05-19 00:00:00,3237,145.20,2,Praktiline trikoo püksid,laste_riided,bronze
5857,2024-05-19 00:00:00,4791,28.56,1,Trendikas keraamiline sõrmkindad,aksessuaarid,null
6174,2024-05-20 00:00:00,3676,611.44,2,Vintage nahkne tossud,jalanõusid,silver
5998,2024-05-20 00:00:00,3006,331.59,3,Kerge teksane slim-fit ülikond,meeste_riided,null
6159,2024-05-20 00:00:00,2221,53.19,1,Soe orgaaniline sokid,laste_riided,null
6065,2024-05-21 00:00:00,2931,356.57,1,Õhuline tweed püksid,meeste_riided,bronze
6059,2024-05-21 00:00:00,4750,-72.60,1,Praktiline trikoo püksid,laste_riided,null
6081,2024-05-21 00:00:00,4100,176.65,1,Praktiline kangast elastne vöö,aksessuaarid,gold
6166,2024-05-21 00:00:00,4621,417.44,2,Praktiline kangast reisikott,aksessuaarid,null
6050,2024-05-21 00:00:00,2202,296.58,1,Luksuslik flanellne smokingüklikond,meeste_riided,null
5889,2024-05-21 00:00:00,3316,263.13,1,Soe satiinne pluus,naiste_riided,gold
6075,2024-05-22 00:00:00,2626,132.30,1,Luksuslik goretex derbyd,jalanõusid,silver
5947,2024-05-22 00:00:00,4206,153.40,2,Luksuslik linane bleiser,naiste_riided,null
5911,2024-05-22 00:00:00,2630,291.72,1,Õhuline sünteetiline kõrge kontsaga kingad,jalanõusid,gold
6082,2024-05-23 00:00:00,4988,140.64,1,Minimalistlik villane bleiser,laste_riided,gold
6102,2024-05-23 00:00:00,3710,457.62,2,Trendikas nahkne oxfordid,jalanõusid,null
5925,2024-05-23 00:00:00,4270,191.74,2,Sportlik softshell teksapüksid,laste_riided,gold
5885,2024-05-23 00:00:00,4113,292.61,1,Sportlik villane tossud,jalanõusid,silver
5883,2024-05-23 00:00:00,2319,201.14,2,Soe softshell sukkpüksid,laste_riided,silver
5856,2024-05-23 00:00:00,2889,215.58,1,Stiilne villane seljakott,aksessuaarid,silver
6114,2024-05-24 00:00:00,4936,45.40,2,Vintage villane kangasvöö,aksessuaarid,gold
5952,2024-05-24 00:00:00,3553,736.77,3,Boheemlaslik merino villane kapuutsiga pusa,naiste_riided,silver
6012,2024-05-24 00:00:00,4470,55.04,1,Minimalistlik villane pühapäevakleit,laste_riided,null
5851,2024-05-24 00:00:00,3096,132.30,1,Luksuslik goretex derbyd,jalanõusid,gold
6160,2024-05-24 00:00:00,3350,241.13,1,Õhuline seemisnahkne rannasandaalid,jalanõusid,silver
5939,2024-05-25 00:00:00,4388,793.68,4,Boheemlaslik seemisnahkne oxfordid,jalanõusid,gold
5960,2024-05-25 00:00:00,4206,60.37,1,Soe viskoosne skaterkleit,naiste_riided,null
6149,2024-05-25 00:00:00,3699,605.80,4,Mugav softshell slim-fit püksid,laste_riided,null
5984,2024-05-25 00:00:00,3417,70.01,1,Praktiline flanellne linane särk,meeste_riided,gold
5791,2024-05-26 00:00:00,2495,52.04,1,Elegantne orgaaniline kleit,laste_riided,gold
6124,2024-05-26 00:00:00,4559,310.90,2,Moodne kangast sõrmus,aksessuaarid,silver
5979,2024-05-26 00:00:00,4261,74.41,1,Elegantne villane platvorm sandaalid,jalanõusid,silver
5916,2024-05-26 00:00:00,3485,173.62,1,Elegantne siidine müts,aksessuaarid,gold
5838,2024-05-27 00:00:00,2054,327.28,2,Minimalistlik sünteetiline saapad,jalanõusid,null
5826,2024-05-27 00:00:00,3765,296.58,1,Luksuslik flanellne smokingüklikond,meeste_riided,bronze
5839,2024-05-27 00:00:00,4457,536.80,5,Vintage orgaaniline komplekt,laste_riided,bronze
5861,2024-05-27 00:00:00,4855,309.42,2,Klassikaline linane parka,meeste_riided,gold
5946,2024-05-27 00:00:00,2519,939.16,4,Soe teksane chino püksid,meeste_riided,null
6045,2024-05-27 00:00:00,3292,874.08,3,Trendikas džersii pullover,naiste_riided,silver
6069,2024-05-27 00:00:00,4714,86.14,1,Sportlik puuvillane chino püksid,laste_riided,bronze
6113,2024-05-27 00:00:00,2495,350.61,3,Moodne kangast derbyd,jalanõusid,gold
6126,2024-05-27 00:00:00,3260,81.48,1,Õhuline kangast nahk sandaalid,jalanõusid,null
5895,2024-05-28 00:00:00,2474,200.64,3,Minimalistlik keraamiline sall,aksessuaarid,null
6145,2024-05-28 00:00:00,3722,530.40,2,Sportlik linane jakk,naiste_riided,bronze
6052,2024-05-28 00:00:00,4586,48.58,1,Soe fliisist pidžaama,laste_riided,silver
5976,2024-05-28 00:00:00,4488,742.56,3,Luksuslik merino villane chino püksid,naiste_riided,silver
5938,2024-05-28 00:00:00,3476,22.04,1,Elegantne metallist sall,aksessuaarid,null
5989,2024-05-28 00:00:00,3681,182.40,3,Mugav puuvillane pühapäevakleit,laste_riided,bronze
6128,2024-05-28 00:00:00,3123,95.87,1,Sportlik softshell teksapüksid,laste_riided,bronze
6172,2024-05-29 00:00:00,4029,41.79,1,Minimalistlik softshell alussärk,laste_riided,null
5896,2024-05-29 00:00:00,4969,254.76,2,Kerge puuvillane slim-fit särk,meeste_riided,null
5891,2024-05-30 00:00:00,2999,76.70,1,Luksuslik linane bleiser,naiste_riided,null
5903,2024-05-30 00:00:00,3810,916.55,5,Boheemlaslik siidine sõrmkindad,aksessuaarid,null
5835,2024-05-31 00:00:00,4300,219.19,1,Elegantne linane bleiser,naiste_riided,silver
6164,2024-05-31 00:00:00,4018,272.05,1,Praktiline viskoosne õhtukleit,naiste_riided,null
6503,2024-06-01 00:00:00,2952,139.74,1,Trendikas džersii miniseelik,naiste_riided,silver
6399,2024-06-01 00:00:00,2342,488.58,3,Klassikaline siidine tuulejope,naiste_riided,null
6524,2024-06-01 00:00:00,2984,225.81,1,Klassikaline kashmiir pusa,naiste_riided,null
6257,2024-06-01 00:00:00,2999,144.28,2,Vintage villane püksid,laste_riided,null
6305,2024-06-01 00:00:00,2335,227.72,2,Trendikas villane nahkkindad,aksessuaarid,silver
6459,2024-06-01 00:00:00,3810,210.58,2,Elegantne orgaaniline dressikomplekt,laste_riided,null
6444,2024-06-01 00:00:00,3618,347.16,1,Mugav flanellne linane kostüüm,meeste_riided,gold
6543,2024-06-02 00:00:00,4949,94.65,1,Minimalistlik trikoo pidžaama,laste_riided,bronze
6403,2024-06-02 00:00:00,2390,661.50,5,Luksuslik goretex derbyd,jalanõusid,null
6476,2024-06-02 00:00:00,2221,117.05,1,Trendikas kangast nokamüts,aksessuaarid,null
6352,2024-06-02 00:00:00,3627,332.55,1,Praktiline merino villane parka,meeste_riided,bronze
6624,2024-06-02 00:00:00,2379,389.14,2,Kerge metallist labakindad,aksessuaarid,null
6351,2024-06-02 00:00:00,3957,632.08,2,Trendikas džersii slim-fit püksid,meeste_riided,null
6607,2024-06-02 00:00:00,4044,282.95,1,Sportlik džersii parka,naiste_riided,null
6395,2024-06-02 00:00:00,2257,439.66,2,Kerge siidine nahkkindad,aksessuaarid,null
6635,2024-06-02 00:00:00,4917,168.82,1,Vintage fliisist koolikomplekt,laste_riided,null
6680,2024-06-03 00:00:00,2241,274.37,1,Trendikas puuvillane skaterkleit,naiste_riided,null
6618,2024-06-03 00:00:00,2917,100.57,1,Soe softshell sukkpüksid,laste_riided,bronze
6572,2024-06-03 00:00:00,4212,147.80,2,Trendikas puuvillane body,laste_riided,silver
6238,2024-06-03 00:00:00,3680,158.51,1,Elegantne kashmiir tuulejope,naiste_riided,null
6424,2024-06-03 00:00:00,2803,302.86,1,Õhuline sünteetiline rannasandaalid,jalanõusid,silver
6673,2024-06-04 00:00:00,4499,939.64,4,Boheemlaslik nahkne talvesaapad,jalanõusid,silver
6265,2024-06-04 00:00:00,2107,191.74,2,Sportlik softshell teksapüksid,laste_riided,bronze
6599,2024-06-04 00:00:00,3305,603.94,2,Kerge džersii pluus,naiste_riided,gold
6267,2024-06-04 00:00:00,2812,125.52,1,Elegantne teksane cargo püksid,meeste_riided,gold
6277,2024-06-04 00:00:00,4678,63.62,1,Luksuslik goretex rannasandaalid,jalanõusid,null
6641,2024-06-04 00:00:00,4665,291.72,1,Õhuline sünteetiline kõrge kontsaga kingad,jalanõusid,null
6466,2024-06-04 00:00:00,4703,213.42,2,Vintage metallist seljakott,aksessuaarid,silver
6540,2024-06-04 00:00:00,2869,564.58,2,Sportlik kangast tennised,jalanõusid,null
6437,2024-06-05 00:00:00,2215,215.58,1,Stiilne villane seljakott,aksessuaarid,gold
6255,2024-06-05 00:00:00,4509,55.04,1,Minimalistlik villane pühapäevakleit,laste_riided,silver
6258,2024-06-05 00:00:00,2120,210.18,2,Kerge linane kampsun,meeste_riided,null
6379,2024-06-05 00:00:00,3531,292.61,1,Sportlik villane tossud,jalanõusid,bronze
6266,2024-06-05 00:00:00,3648,503.04,2,Õhuline villane platvorm sandaalid,jalanõusid,silver
6346,2024-06-05 00:00:00,2347,208.11,1,Klassikaline flanellne cargo püksid,meeste_riided,bronze
6494,2024-06-05 00:00:00,3820,114.16,2,Kerge puust barett,aksessuaarid,null
6343,2024-06-06 00:00:00,2524,200.77,1,Mugav kashmiir skaterkleit,naiste_riided,bronze
6460,2024-06-06 00:00:00,2221,225.81,1,Klassikaline kashmiir pusa,naiste_riided,null
6261,2024-06-06 00:00:00,4749,26.62,1,Luksuslik softshell komplekt,laste_riided,silver
6380,2024-06-06 00:00:00,4894,145.72,1,Trendikas nahkne sõrmus,aksessuaarid,null
6553,2024-06-06 00:00:00,4663,453.24,3,Vintage merino villane tuulejope,meeste_riided,null
6330,2024-06-06 00:00:00,3609,375.34,1,Soe sünteetiline loaferid,jalanõusid,silver
6528,2024-06-06 00:00:00,3799,562.38,2,Moodne merino villane triiksärk,meeste_riided,silver
6340,2024-06-07 00:00:00,3009,399.60,2,Õhuline villane sõrmus,aksessuaarid,silver
6520,2024-06-07 00:00:00,2225,32.74,2,Soe siidine kaelakee,aksessuaarid,gold
6521,2024-06-07 00:00:00,3367,617.68,2,Boheemlaslik puuvillane tuulejope,naiste_riided,null
6303,2024-06-07 00:00:00,2871,181.68,1,Boheemlaslik kangast kangasvöö,aksessuaarid,gold
6338,2024-06-08 00:00:00,4522,631.08,3,Kerge villane talvesaapad,jalanõusid,null
6427,2024-06-08 00:00:00,4708,257.39,1,Moodne kashmiir pullover,naiste_riided,gold
6643,2024-06-08 00:00:00,4178,152.85,1,Sportlik softshell sukkpüksid,laste_riided,null
6283,2024-06-08 00:00:00,3810,45.21,1,Stiilne siidine labakindad,aksessuaarid,null
6502,2024-06-09 00:00:00,3302,254.76,2,Kerge puuvillane slim-fit särk,meeste_riided,null
6260,2024-06-09 00:00:00,2274,176.65,1,Praktiline kangast elastne vöö,aksessuaarid,gold
6512,2024-06-09 00:00:00,3362,184.15,1,Stiilne villane sõrmkindad,aksessuaarid,bronze
6505,2024-06-09 00:00:00,4262,299.10,2,Luksuslik keraamiline elastne vöö,aksessuaarid,gold
6461,2024-06-09 00:00:00,2154,304.14,1,Trendikas viskoosne topik,naiste_riided,gold
6320,2024-06-09 00:00:00,4847,83.10,1,Õhuline linane bleiser,meeste_riided,silver
6383,2024-06-09 00:00:00,4202,296.40,1,Klassikaline puuvillane skaterkleit,naiste_riided,bronze
6381,2024-06-10 00:00:00,3899,44.08,2,Elegantne metallist sall,aksessuaarid,gold
6210,2024-06-10 00:00:00,3586,116.98,2,Luksuslik nahkne madalad kontsad,jalanõusid,bronze
6566,2024-06-10 00:00:00,4119,253.23,3,Minimalistlik seemisnahkne chelsea botased,jalanõusid,null
6582,2024-06-10 00:00:00,4571,358.70,2,Luksuslik puuvillane jakk,naiste_riided,silver
6188,2024-06-10 00:00:00,4470,77.40,2,Praktiline puuvillane sukkpüksid,laste_riided,null
6632,2024-06-10 00:00:00,3939,107.36,1,Vintage orgaaniline komplekt,laste_riided,null
6419,2024-06-10 00:00:00,2997,210.58,2,Elegantne orgaaniline dressikomplekt,laste_riided,gold
6220,2024-06-11 00:00:00,2343,38.70,1,Praktiline puuvillane sukkpüksid,laste_riided,gold
6278,2024-06-11 00:00:00,2167,203.39,1,Boheemlaslik villane barett,aksessuaarid,bronze
6341,2024-06-11 00:00:00,4607,373.54,2,Klassikaline puust nahkvöö,aksessuaarid,bronze
6448,2024-06-11 00:00:00,3906,208.11,1,Klassikaline flanellne cargo püksid,meeste_riided,null
6511,2024-06-11 00:00:00,2335,120.59,1,Elegantne tweed smokingüklikond,meeste_riided,silver
6568,2024-06-11 00:00:00,3329,86.80,1,Vintage viskoosne kapuutsiga pusa,naiste_riided,gold
6584,2024-06-11 00:00:00,2952,937.23,3,Mugav merino villane tuulejope,meeste_riided,silver
6594,2024-06-11 00:00:00,3528,469.98,2,Õhuline viskoosne jakk,naiste_riided,null
6654,2024-06-11 00:00:00,2221,47.07,1,Boheemlaslik klaasist kaelakee,aksessuaarid,null
6691,2024-06-11 00:00:00,2750,475.42,2,Klassikaline viskoosne õhtukleit,naiste_riided,gold
6280,2024-06-12 00:00:00,2989,180.14,1,Mugav džersii pusa,naiste_riided,null
6415,2024-06-12 00:00:00,3648,125.36,1,Moodne fliisist teksapüksid,laste_riided,silver
6585,2024-06-12 00:00:00,2257,29.48,1,Mugav klaasist kõrvarõngad,aksessuaarid,null
6365,2024-06-12 00:00:00,2558,107.36,1,Vintage orgaaniline komplekt,laste_riided,null
6271,2024-06-12 00:00:00,3534,69.39,1,Trendikas sünteetiline mokassiinid,jalanõusid,null
6541,2024-06-12 00:00:00,2019,222.10,1,Trendikas viskoosne tuulejope,naiste_riided,bronze
6350,2024-06-12 00:00:00,3556,214.52,2,Minimalistlik siidine labakindad,aksessuaarid,silver
6660,2024-06-13 00:00:00,4685,58.49,1,Luksuslik nahkne madalad kontsad,jalanõusid,gold
6247,2024-06-13 00:00:00,2758,243.96,2,Luksuslik keraamiline seljakott,aksessuaarid,gold
6480,2024-06-14 00:00:00,2822,614.61,3,Praktiline villane kott,aksessuaarid,null
6187,2024-06-14 00:00:00,3374,178.58,2,Klassikaline džersii bleiser,meeste_riided,bronze
6650,2024-06-14 00:00:00,3350,371.79,1,Luksuslik villane pahkluu saapad,jalanõusid,silver
6195,2024-06-14 00:00:00,4195,120.20,4,Trendikas fliisist tuulejope,laste_riided,silver
6435,2024-06-14 00:00:00,3605,624.52,4,Õhuline nahkne elastne vöö,aksessuaarid,null
6206,2024-06-15 00:00:00,2004,566.48,4,Moodne orgaaniline skaterkleit,laste_riided,silver
6468,2024-06-15 00:00:00,2643,22.70,1,Minimalistlik puuvillane pidžaama,laste_riided,silver
6495,2024-06-15 00:00:00,2756,198.29,1,Mugav tweed kardigan,meeste_riided,null
6332,2024-06-15 00:00:00,3127,272.05,1,Praktiline viskoosne õhtukleit,naiste_riided,bronze
6664,2024-06-15 00:00:00,4880,136.30,1,Luksuslik orgaaniline pühapäevakleit,laste_riided,silver
6367,2024-06-16 00:00:00,4498,198.29,1,Mugav tweed kardigan,meeste_riided,gold
6293,2024-06-16 00:00:00,4816,487.86,2,Soe polüester smokingüklikond,meeste_riided,gold
6369,2024-06-16 00:00:00,3160,583.71,3,Kerge metallist labakindad,aksessuaarid,null
6208,2024-06-16 00:00:00,4578,147.16,1,Moodne keraamiline sall,aksessuaarid,gold
6530,2024-06-16 00:00:00,2592,-624.33,3,Klassikaline flanellne cargo püksid,meeste_riided,null
6393,2024-06-16 00:00:00,2201,83.23,1,Moodne kashmiir seelik,naiste_riided,gold
6391,2024-06-16 00:00:00,4102,279.39,3,Elegantne kangast kindad,aksessuaarid,null
6509,2024-06-17 00:00:00,4577,384.44,4,Sportlik goretex nahk sandaalid,jalanõusid,null
6319,2024-06-17 00:00:00,2068,196.91,1,Sportlik džersii püksid,meeste_riided,silver
6348,2024-06-17 00:00:00,3372,232.61,1,Klassikaline villane madalad kontsad,jalanõusid,silver
6362,2024-06-18 00:00:00,4279,728.60,5,Trendikas nahkne sõrmus,aksessuaarid,bronze
6327,2024-06-18 00:00:00,4961,277.80,2,Soe polüester slim-fit püksid,meeste_riided,gold
6497,2024-06-18 00:00:00,3041,24.54,1,Praktiline trikoo sukkpüksid,laste_riided,null
6375,2024-06-18 00:00:00,4177,107.36,1,Vintage orgaaniline komplekt,laste_riided,bronze
6486,2024-06-18 00:00:00,4324,360.28,2,Mugav džersii pusa,naiste_riided,null
6681,2024-06-18 00:00:00,3722,196.91,1,Sportlik džersii püksid,meeste_riided,bronze
6500,2024-06-19 00:00:00,2222,312.26,2,Õhuline nahkne elastne vöö,aksessuaarid,null
6689,2024-06-19 00:00:00,2115,232.61,1,Klassikaline villane madalad kontsad,jalanõusid,silver
6417,2024-06-19 00:00:00,4390,140.64,1,Minimalistlik villane bleiser,laste_riided,null
6268,2024-06-20 00:00:00,2429,125.10,2,Soe kangast nahk sandaalid,jalanõusid,bronze
6623,2024-06-20 00:00:00,3069,58.84,2,Kerge nahkne õlakott,aksessuaarid,bronze
6214,2024-06-20 00:00:00,3556,155.56,2,Mugav villane body,laste_riided,silver
6359,2024-06-20 00:00:00,3525,868.16,2,Õhuline sünteetiline sporditossud,jalanõusid,silver
6646,2024-06-20 00:00:00,2854,338.43,1,Mugav tweed ülikond,meeste_riided,silver
6310,2024-06-21 00:00:00,2529,72.58,1,Sportlik fliisist slim-fit püksid,laste_riided,null
6364,2024-06-21 00:00:00,2200,194.46,1,Soe džersii cargo püksid,naiste_riided,null
6373,2024-06-21 00:00:00,3815,365.54,2,Elegantne siidine teksapüksid,naiste_riided,silver
6306,2024-06-21 00:00:00,3810,204.87,1,Praktiline villane kott,aksessuaarid,null
6534,2024-06-22 00:00:00,3666,147.92,1,Minimalistlik fliisist slim-fit püksid,laste_riided,bronze
6501,2024-06-22 00:00:00,4219,253.80,1,Klassikaline kangast platvormi kontsad,jalanõusid,silver
6674,2024-06-22 00:00:00,4748,72.60,1,Praktiline trikoo püksid,laste_riided,null
6507,2024-06-23 00:00:00,2672,188.91,1,Klassikaline nahkne sõrmus,aksessuaarid,null
6666,2024-06-24 00:00:00,3792,180.14,1,Mugav džersii pusa,naiste_riided,gold
6606,2024-06-24 00:00:00,3311,205.00,1,Õhuline flanellne smokingüklikond,meeste_riided,bronze
6321,2024-06-24 00:00:00,3460,777.69,3,Kerge linane teksapüksid,meeste_riided,null
6443,2024-06-24 00:00:00,4177,73.18,1,Elegantne kangast platvorm sandaalid,jalanõusid,bronze
6482,2024-06-24 00:00:00,4990,218.84,2,Elegantne villane kaabu,aksessuaarid,null
6637,2024-06-25 00:00:00,2121,206.34,1,Soe seemisnahkne jooksutossud,jalanõusid,null
6588,2024-06-25 00:00:00,4018,538.35,5,Vintage teksane chino püksid,meeste_riided,null
6411,2024-06-25 00:00:00,4345,-697.83,3,Klassikaline villane madalad kontsad,jalanõusid,null
6559,2024-06-25 00:00:00,3412,53.99,1,Moodne villane pühapäevakleit,laste_riided,bronze
6252,2024-06-25 00:00:00,3383,469.58,2,Soe teksane chino püksid,meeste_riided,bronze
6612,2024-06-25 00:00:00,2618,228.81,1,Trendikas nahkne oxfordid,jalanõusid,silver
6678,2024-06-25 00:00:00,3439,159.18,2,Soe teksane smokingüklikond,meeste_riided,bronze
6358,2024-06-25 00:00:00,2353,66.21,1,Luksuslik orgaaniline dressikomplekt,laste_riided,null
6611,2024-06-25 00:00:00,3954,282.10,2,Stiilne nahkne derbyd,jalanõusid,null
6357,2024-06-26 00:00:00,3661,796.25,5,Õhuline flanellne V-kaelusega kampsun,meeste_riided,silver
6496,2024-06-26 00:00:00,2977,546.64,2,Soe seemisnahkne nahk sandaalid,jalanõusid,null
6301,2024-06-26 00:00:00,3858,205.89,1,Stiilne puust müts,aksessuaarid,bronze
6447,2024-06-26 00:00:00,4670,256.88,2,Elegantne orgaaniline tuulejope,laste_riided,null
6438,2024-06-26 00:00:00,3258,194.57,1,Kerge metallist labakindad,aksessuaarid,gold
6651,2024-06-26 00:00:00,2019,1015.29,3,Mugav tweed ülikond,meeste_riided,bronze
6615,2024-06-26 00:00:00,3257,273.32,1,Soe seemisnahkne nahk sandaalid,jalanõusid,null
6198,2024-06-27 00:00:00,3341,247.52,1,Luksuslik merino villane chino püksid,naiste_riided,silver
6194,2024-06-27 00:00:00,2048,55.04,1,Minimalistlik villane pühapäevakleit,laste_riided,bronze
6645,2024-06-27 00:00:00,4113,69.39,1,Trendikas sünteetiline mokassiinid,jalanõusid,silver
6667,2024-06-27 00:00:00,2495,100.57,1,Soe softshell sukkpüksid,laste_riided,gold
6433,2024-06-27 00:00:00,2716,160.71,1,Stiilne džersii püksid,meeste_riided,silver
6544,2024-06-28 00:00:00,2569,331.59,3,Kerge teksane slim-fit ülikond,meeste_riided,silver
6227,2024-06-28 00:00:00,4206,173.62,1,Elegantne siidine müts,aksessuaarid,null
6634,2024-06-28 00:00:00,2495,73.18,1,Elegantne kangast platvorm sandaalid,jalanõusid,gold
6557,2024-06-28 00:00:00,3240,271.98,2,Minimalistlik linane tuunika,naiste_riided,gold
6451,2024-06-28 00:00:00,4907,332.92,4,Moodne kashmiir seelik,naiste_riided,null
6653,2024-06-28 00:00:00,4381,246.97,1,Minimalistlik džersii polo särk,meeste_riided,gold
6621,2024-06-28 00:00:00,3711,314.55,3,Soe puuvillane pühapäevakleit,laste_riided,null
6462,2024-06-29 00:00:00,4208,62.55,1,Soe kangast nahk sandaalid,jalanõusid,silver
6384,2024-06-29 00:00:00,4334,81.48,1,Õhuline kangast nahk sandaalid,jalanõusid,null
6386,2024-06-29 00:00:00,4632,164.43,3,Luksuslik trikoo slim-fit püksid,laste_riided,bronze
6344,2024-06-29 00:00:00,2374,190.81,1,Praktiline nahkne nahk sandaalid,jalanõusid,null
6445,2024-06-29 00:00:00,3083,-624.82,2,Mugav merino villane tuulejope,meeste_riided,null
6270,2024-06-30 00:00:00,4698,1145.05,5,Boheemlaslik tweed smokingüklikond,meeste_riided,null
6672,2024-06-30 00:00:00,4931,501.69,3,Trendikas trikoo chino püksid,laste_riided,bronze
6284,2024-06-30 00:00:00,2454,138.13,1,Õhuline orgaaniline alussärk,laste_riided,bronze
6196,2024-06-30 00:00:00,3158,247.81,1,Vintage linane bleiser,meeste_riided,bronze
6554,2024-06-30 00:00:00,2911,365.54,2,Elegantne siidine teksapüksid,naiste_riided,null
6397,2024-06-30 00:00:00,3827,375.34,1,Soe sünteetiline loaferid,jalanõusid,silver
6487,2024-06-30 00:00:00,3171,434.08,1,Õhuline sünteetiline sporditossud,jalanõusid,silver
6519,2024-06-30 00:00:00,3607,824.61,3,Õhuline goretex kingad,jalanõusid,null
6264,2024-06-30 00:00:00,3928,273.32,1,Soe seemisnahkne nahk sandaalid,jalanõusid,silver
6377,2024-06-30 00:00:00,3538,157.49,1,Praktiline seemisnahkne tennised,jalanõusid,null
6903,2024-07-01 00:00:00,4983,519.38,2,Luksuslik tweed triiksärk,meeste_riided,null
7179,2024-07-01 00:00:00,3454,110.53,1,Kerge teksane slim-fit ülikond,meeste_riided,null
6780,2024-07-02 00:00:00,3116,756.99,3,Mugav kashmiir pusa,naiste_riided,bronze
7045,2024-07-02 00:00:00,3223,529.95,3,Praktiline kangast elastne vöö,aksessuaarid,gold
7037,2024-07-02 00:00:00,3000,101.70,2,Praktiline puust sall,aksessuaarid,null
6975,2024-07-02 00:00:00,2889,144.20,1,Mugav flanellne parka,meeste_riided,silver
7182,2024-07-02 00:00:00,4983,191.48,1,Vintage kangast vöö,aksessuaarid,null
6974,2024-07-02 00:00:00,4614,73.90,1,Trendikas puuvillane body,laste_riided,null
6840,2024-07-02 00:00:00,4333,351.33,1,Boheemlaslik linane pullover,naiste_riided,null
7005,2024-07-02 00:00:00,3755,86.80,1,Vintage viskoosne kapuutsiga pusa,naiste_riided,null
6841,2024-07-03 00:00:00,2318,287.61,3,Sportlik softshell teksapüksid,laste_riided,gold
6948,2024-07-03 00:00:00,4274,302.79,3,Boheemlaslik polüester casual särk,meeste_riided,silver
7115,2024-07-03 00:00:00,3895,66.21,1,Luksuslik orgaaniline dressikomplekt,laste_riided,null
6811,2024-07-03 00:00:00,3531,73.90,1,Trendikas puuvillane body,laste_riided,bronze
6797,2024-07-03 00:00:00,2632,267.87,3,Klassikaline džersii bleiser,meeste_riided,silver
6783,2024-07-03 00:00:00,3618,116.98,2,Luksuslik nahkne madalad kontsad,jalanõusid,gold
6715,2024-07-04 00:00:00,4536,221.42,1,Moodne seemisnahkne oxfordid,jalanõusid,null
7011,2024-07-04 00:00:00,2264,116.10,3,Praktiline puuvillane sukkpüksid,laste_riided,null
6758,2024-07-04 00:00:00,4209,416.70,3,Soe polüester slim-fit püksid,meeste_riided,null
6920,2024-07-04 00:00:00,3699,176.16,2,Minimalistlik trikoo tuulejope,laste_riided,null
6988,2024-07-04 00:00:00,4178,285.14,2,Sportlik linane bleiser,meeste_riided,null
7172,2024-07-05 00:00:00,4712,921.81,3,Sportlik seemisnahkne nahk sandaalid,jalanõusid,gold
7058,2024-07-05 00:00:00,3348,91.22,1,Klassikaline tweed kardigan,meeste_riided,gold
6777,2024-07-05 00:00:00,4206,98.68,1,Stiilne puuvillane mantelpaltoo,laste_riided,null
6957,2024-07-05 00:00:00,4909,156.13,1,Õhuline nahkne elastne vöö,aksessuaarid,silver
6927,2024-07-06 00:00:00,2202,96.11,1,Sportlik goretex nahk sandaalid,jalanõusid,null
6943,2024-07-06 00:00:00,2245,126.60,4,Trendikas trikoo jakk,laste_riided,null
7194,2024-07-06 00:00:00,4837,169.90,2,Mugav softshell teksapüksid,laste_riided,bronze
7076,2024-07-06 00:00:00,4853,632.08,2,Trendikas džersii slim-fit püksid,meeste_riided,null
7036,2024-07-06 00:00:00,3457,356.57,1,Õhuline tweed püksid,meeste_riided,bronze
7131,2024-07-06 00:00:00,2475,91.22,1,Klassikaline tweed kardigan,meeste_riided,bronze
7075,2024-07-06 00:00:00,4887,35.68,1,Moodne puuvillane komplekt,laste_riided,bronze
6778,2024-07-06 00:00:00,2121,96.50,1,Sportlik puuvillane smokingüklikond,meeste_riided,null
7093,2024-07-07 00:00:00,3511,338.43,1,Mugav tweed ülikond,meeste_riided,gold
7195,2024-07-07 00:00:00,3552,274.50,1,Luksuslik polüester V-kaelusega kampsun,meeste_riided,null
6704,2024-07-07 00:00:00,3229,282.29,1,Sportlik kangast tennised,jalanõusid,gold
7157,2024-07-07 00:00:00,2381,742.10,2,Trendikas goretex oxfordid,jalanõusid,bronze
6935,2024-07-07 00:00:00,3563,351.15,3,Trendikas kangast nokamüts,aksessuaarid,null
6896,2024-07-07 00:00:00,3758,171.33,1,Soe teksane bleiser,meeste_riided,null
7096,2024-07-07 00:00:00,2775,83.23,1,Moodne kashmiir seelik,naiste_riided,null
7162,2024-07-08 00:00:00,2337,611.01,3,Moodne džersii slim-fit ülikond,meeste_riided,null
7121,2024-07-08 00:00:00,2874,1040.10,3,Praktiline viskoosne jakk,naiste_riided,null
6984,2024-07-08 00:00:00,4861,169.95,1,Praktiline keraamiline kaabu,aksessuaarid,gold
6843,2024-07-08 00:00:00,2535,436.84,2,Elegantne flanellne cargo püksid,meeste_riided,null
6724,2024-07-08 00:00:00,4399,209.70,2,Soe puuvillane pühapäevakleit,laste_riided,null
6820,2024-07-09 00:00:00,4372,145.20,2,Praktiline trikoo püksid,laste_riided,silver
6941,2024-07-09 00:00:00,2808,424.86,3,Moodne orgaaniline skaterkleit,laste_riided,null
7190,2024-07-10 00:00:00,2782,199.14,2,Vintage softshell alussärk,laste_riided,null
6895,2024-07-10 00:00:00,4759,548.74,2,Trendikas puuvillane skaterkleit,naiste_riided,null
6945,2024-07-10 00:00:00,4843,438.38,2,Elegantne linane bleiser,naiste_riided,null
6768,2024-07-10 00:00:00,3309,81.48,1,Õhuline kangast nahk sandaalid,jalanõusid,gold
7124,2024-07-10 00:00:00,4871,243.96,2,Luksuslik keraamiline seljakott,aksessuaarid,null
6759,2024-07-10 00:00:00,2997,229.01,1,Boheemlaslik tweed smokingüklikond,meeste_riided,gold
6799,2024-07-11 00:00:00,4018,319.35,5,Boheemlaslik softshell komplekt,laste_riided,null
7146,2024-07-11 00:00:00,3680,526.26,2,Soe satiinne pluus,naiste_riided,null
7025,2024-07-12 00:00:00,3869,541.98,2,Moodne tweed smokingüklikond,meeste_riided,null
6904,2024-07-12 00:00:00,4323,72.73,1,Minimalistlik džersii chino püksid,naiste_riided,gold
6864,2024-07-12 00:00:00,2349,659.49,3,Kerge siidine nahkkindad,aksessuaarid,silver
6993,2024-07-12 00:00:00,4358,271.35,1,Vintage villane rannasandaalid,jalanõusid,silver
6745,2024-07-13 00:00:00,2381,84.54,1,Minimalistlik nahkne derbyd,jalanõusid,bronze
6725,2024-07-13 00:00:00,2946,392.19,3,Vintage orgaaniline body,laste_riided,null
6802,2024-07-13 00:00:00,3237,121.51,1,Stiilne kangast jooksutossud,jalanõusid,bronze
7140,2024-07-13 00:00:00,2997,84.95,1,Mugav softshell teksapüksid,laste_riided,gold
7097,2024-07-13 00:00:00,3804,614.61,3,Praktiline villane kott,aksessuaarid,silver
7007,2024-07-13 00:00:00,4155,819.48,4,Praktiline villane kott,aksessuaarid,silver
7169,2024-07-13 00:00:00,3741,453.24,3,Moodne polüester slim-fit särk,meeste_riided,bronze
7117,2024-07-13 00:00:00,3452,105.09,1,Kerge linane kampsun,meeste_riided,null
6878,2024-07-14 00:00:00,3068,211.35,1,Moodne viskoosne plisseeseelik,naiste_riided,silver
6959,2024-07-14 00:00:00,3064,110.53,1,Kerge teksane slim-fit ülikond,meeste_riided,silver
7073,2024-07-14 00:00:00,2749,344.82,3,Sportlik polüester slim-fit ülikond,meeste_riided,bronze
6853,2024-07-14 00:00:00,2827,157.49,1,Praktiline seemisnahkne tennised,jalanõusid,gold
7148,2024-07-14 00:00:00,2097,221.19,1,Mugav goretex platvormi kontsad,jalanõusid,silver
7125,2024-07-14 00:00:00,4850,208.11,1,Klassikaline flanellne cargo püksid,meeste_riided,null
6770,2024-07-14 00:00:00,3350,142.57,1,Sportlik linane bleiser,meeste_riided,silver
6787,2024-07-15 00:00:00,3722,306.22,2,Minimalistlik puust kootud müts,aksessuaarid,bronze
6798,2024-07-15 00:00:00,2486,659.98,2,Õhuline nahkne sporditossud,jalanõusid,null
7001,2024-07-15 00:00:00,4066,507.60,2,Klassikaline kangast platvormi kontsad,jalanõusid,gold
7064,2024-07-15 00:00:00,4045,104.08,2,Elegantne orgaaniline kleit,laste_riided,silver
7072,2024-07-15 00:00:00,3556,138.13,1,Õhuline orgaaniline alussärk,laste_riided,silver
7118,2024-07-15 00:00:00,2745,273.06,1,Boheemlaslik goretex kingad,jalanõusid,null
7137,2024-07-15 00:00:00,3403,142.14,3,Õhuline softshell dressikomplekt,laste_riided,null
7155,2024-07-15 00:00:00,2359,276.97,1,Klassikaline kangast tennised,jalanõusid,null
7185,2024-07-15 00:00:00,4437,319.42,1,Praktiline džersii seelik,naiste_riided,bronze
6746,2024-07-16 00:00:00,3887,77.78,1,Mugav villane body,laste_riided,null
7159,2024-07-16 00:00:00,3212,23.45,1,Moodne nahkne müts,aksessuaarid,silver
7158,2024-07-16 00:00:00,4024,144.28,2,Vintage villane püksid,laste_riided,gold
6739,2024-07-16 00:00:00,4018,585.22,2,Sportlik villane tossud,jalanõusid,null
6719,2024-07-17 00:00:00,3346,183.31,1,Boheemlaslik siidine sõrmkindad,aksessuaarid,silver
7059,2024-07-17 00:00:00,2717,402.62,1,Klassikaline seemisnahkne jooksutossud,jalanõusid,gold
6873,2024-07-17 00:00:00,3350,603.94,2,Kerge džersii pluus,naiste_riided,silver
6730,2024-07-17 00:00:00,4364,84.41,1,Minimalistlik seemisnahkne chelsea botased,jalanõusid,bronze
7034,2024-07-18 00:00:00,3243,107.67,1,Vintage teksane chino püksid,meeste_riided,silver
6933,2024-07-18 00:00:00,2107,251.96,2,Kerge viskoosne suvekleit,naiste_riided,bronze
6985,2024-07-18 00:00:00,3313,138.90,1,Soe polüester slim-fit püksid,meeste_riided,null
6987,2024-07-19 00:00:00,4103,123.82,1,Luksuslik džersii chino püksid,meeste_riided,silver
6942,2024-07-19 00:00:00,2586,120.59,1,Elegantne tweed smokingüklikond,meeste_riided,null
7006,2024-07-19 00:00:00,4820,22.04,1,Elegantne metallist sall,aksessuaarid,silver
6867,2024-07-19 00:00:00,3603,279.43,1,Praktiline polüester ülikond,meeste_riided,null
6964,2024-07-19 00:00:00,2009,125.12,2,Boheemlaslik kangast reisikott,aksessuaarid,silver
7109,2024-07-19 00:00:00,4023,100.93,1,Boheemlaslik polüester casual särk,meeste_riided,silver
7189,2024-07-20 00:00:00,4334,95.87,1,Sportlik softshell teksapüksid,laste_riided,null
7119,2024-07-20 00:00:00,4883,608.28,2,Trendikas viskoosne topik,naiste_riided,null
6833,2024-07-20 00:00:00,3605,1173.95,5,Soe teksane chino püksid,meeste_riided,null
7067,2024-07-20 00:00:00,3115,411.99,3,Praktiline puuvillane ülikond,meeste_riided,silver
6994,2024-07-20 00:00:00,3446,-812.07,3,Soe nahkne platvormi kontsad,jalanõusid,silver
7065,2024-07-20 00:00:00,4004,693.40,2,Praktiline viskoosne jakk,naiste_riided,null
7152,2024-07-20 00:00:00,3227,47.38,1,Õhuline softshell dressikomplekt,laste_riided,null
7094,2024-07-20 00:00:00,2619,316.04,1,Trendikas džersii slim-fit püksid,meeste_riided,silver
7129,2024-07-21 00:00:00,3579,192.22,2,Sportlik goretex nahk sandaalid,jalanõusid,silver
6772,2024-07-21 00:00:00,4849,443.78,2,Sportlik puuvillane slim-fit püksid,naiste_riided,silver
6915,2024-07-21 00:00:00,4661,574.44,3,Vintage kangast vöö,aksessuaarid,null
6752,2024-07-21 00:00:00,4213,276.97,1,Klassikaline kangast tennised,jalanõusid,gold
6747,2024-07-21 00:00:00,2773,128.66,1,Sportlik nahkne madalad kontsad,jalanõusid,null
6815,2024-07-21 00:00:00,4728,241.13,1,Õhuline seemisnahkne rannasandaalid,jalanõusid,bronze
6928,2024-07-21 00:00:00,4853,320.46,3,Stiilne orgaaniline pidžaama,laste_riided,null
6771,2024-07-21 00:00:00,4846,256.74,2,Mugav fliisist alussärk,laste_riided,silver
6702,2024-07-21 00:00:00,2018,166.27,1,Praktiline merino villane pusa,naiste_riided,gold
6901,2024-07-22 00:00:00,4418,216.42,3,Vintage villane püksid,laste_riided,gold
6955,2024-07-22 00:00:00,2360,329.99,1,Õhuline nahkne sporditossud,jalanõusid,bronze
6796,2024-07-22 00:00:00,4654,438.38,2,Elegantne linane bleiser,naiste_riided,null
6784,2024-07-23 00:00:00,2065,45.21,1,Stiilne siidine labakindad,aksessuaarid,gold
7151,2024-07-23 00:00:00,2051,120.17,1,Mugav kangast tennised,jalanõusid,gold
6827,2024-07-23 00:00:00,2143,219.19,1,Elegantne linane bleiser,naiste_riided,silver
6972,2024-07-23 00:00:00,2371,247.81,1,Vintage linane bleiser,meeste_riided,gold
6698,2024-07-23 00:00:00,3249,274.50,1,Luksuslik polüester V-kaelusega kampsun,meeste_riided,bronze
7188,2024-07-23 00:00:00,2221,137.33,1,Praktiline puuvillane ülikond,meeste_riided,null
7086,2024-07-23 00:00:00,4688,128.37,1,Mugav fliisist alussärk,laste_riided,null
7083,2024-07-24 00:00:00,2208,184.07,1,Õhuline puuvillane kampsun,meeste_riided,silver
7066,2024-07-24 00:00:00,4201,130.00,2,Vintage seemisnahkne jooksutossud,jalanõusid,bronze
6846,2024-07-24 00:00:00,2968,208.72,1,Praktiline kangast reisikott,aksessuaarid,silver
6886,2024-07-25 00:00:00,4334,155.45,1,Moodne kangast sõrmus,aksessuaarid,null
7029,2024-07-25 00:00:00,3482,206.34,1,Soe seemisnahkne jooksutossud,jalanõusid,null
7088,2024-07-25 00:00:00,3843,270.69,1,Soe nahkne platvormi kontsad,jalanõusid,silver
6842,2024-07-25 00:00:00,2931,253.80,1,Klassikaline kangast platvormi kontsad,jalanõusid,bronze
7201,2024-07-25 00:00:00,3609,198.42,1,Boheemlaslik seemisnahkne oxfordid,jalanõusid,silver
6923,2024-07-25 00:00:00,4366,130.36,1,Minimalistlik džersii pullover,naiste_riided,bronze
6966,2024-07-25 00:00:00,3654,76.70,1,Luksuslik linane bleiser,naiste_riided,bronze
6932,2024-07-25 00:00:00,4895,339.80,4,Mugav softshell teksapüksid,laste_riided,bronze
7192,2024-07-26 00:00:00,4716,167.23,1,Trendikas trikoo chino püksid,laste_riided,gold
6883,2024-07-26 00:00:00,3810,560.26,2,Minimalistlik nahkne platvormi kontsad,jalanõusid,null
7054,2024-07-26 00:00:00,4076,368.30,2,Stiilne villane sõrmkindad,aksessuaarid,gold
6737,2024-07-26 00:00:00,4018,407.34,2,Moodne džersii slim-fit ülikond,meeste_riided,null
7013,2024-07-27 00:00:00,3371,202.57,1,Moodne kashmiir plisseeseelik,naiste_riided,null
7153,2024-07-27 00:00:00,2920,130.02,1,Mugav puuvillane suvekleit,laste_riided,null
6765,2024-07-27 00:00:00,4334,127.24,2,Luksuslik goretex rannasandaalid,jalanõusid,null
6829,2024-07-27 00:00:00,2495,316.04,1,Trendikas džersii slim-fit püksid,meeste_riided,gold
6989,2024-07-27 00:00:00,2883,486.04,4,Stiilne kangast jooksutossud,jalanõusid,silver
6970,2024-07-27 00:00:00,4242,351.62,1,Sportlik džersii ülikond,meeste_riided,gold
7008,2024-07-27 00:00:00,2130,717.40,4,Luksuslik puuvillane jakk,naiste_riided,bronze
6807,2024-07-27 00:00:00,4206,750.68,2,Soe sünteetiline loaferid,jalanõusid,null
6908,2024-07-28 00:00:00,3397,79.59,1,Soe teksane smokingüklikond,meeste_riided,silver
6757,2024-07-28 00:00:00,2863,219.38,1,Stiilne kangast nokamüts,aksessuaarid,gold
7071,2024-07-28 00:00:00,3084,484.86,2,Sportlik polüester püksid,meeste_riided,null
6882,2024-07-28 00:00:00,2213,274.37,1,Trendikas puuvillane skaterkleit,naiste_riided,null
6735,2024-07-28 00:00:00,2469,742.10,2,Trendikas goretex oxfordid,jalanõusid,bronze
6816,2024-07-29 00:00:00,4513,549.74,2,Õhuline goretex kingad,jalanõusid,null
7087,2024-07-29 00:00:00,3311,169.90,2,Mugav softshell teksapüksid,laste_riided,bronze
7074,2024-07-29 00:00:00,2142,219.19,1,Elegantne linane bleiser,naiste_riided,silver
6727,2024-07-29 00:00:00,2221,298.71,3,Vintage softshell alussärk,laste_riided,null
6912,2024-07-30 00:00:00,2615,491.18,2,Boheemlaslik merino villane kapuutsiga pusa,naiste_riided,null
6876,2024-07-30 00:00:00,3284,472.47,3,Praktiline seemisnahkne tennised,jalanõusid,null
6969,2024-07-30 00:00:00,3853,305.72,1,Vintage nahkne tossud,jalanõusid,silver
6982,2024-07-30 00:00:00,3868,382.14,3,Kerge puuvillane slim-fit särk,meeste_riided,null
6788,2024-07-31 00:00:00,4637,100.57,1,Soe softshell sukkpüksid,laste_riided,null
6774,2024-07-31 00:00:00,2733,237.71,1,Klassikaline viskoosne õhtukleit,naiste_riided,null
7070,2024-07-31 00:00:00,4330,127.24,2,Luksuslik goretex rannasandaalid,jalanõusid,gold
7122,2024-07-31 00:00:00,2460,166.27,1,Vintage siidine skaterkleit,naiste_riided,silver
6874,2024-07-31 00:00:00,3431,148.82,2,Elegantne villane platvorm sandaalid,jalanõusid,gold
7026,2024-07-31 00:00:00,2779,219.38,1,Stiilne kangast nokamüts,aksessuaarid,gold
7647,2024-08-01 00:00:00,2553,834.88,4,Praktiline kangast reisikott,aksessuaarid,silver
7681,2024-08-01 00:00:00,4938,420.72,2,Kerge villane talvesaapad,jalanõusid,bronze
7430,2024-08-01 00:00:00,3393,151.08,1,Moodne polüester slim-fit särk,meeste_riided,gold
7209,2024-08-01 00:00:00,3243,276.20,1,Minimalistlik kashmiir bleiser,naiste_riided,silver
7701,2024-08-02 00:00:00,3802,-106.38,2,Soe orgaaniline sokid,laste_riided,null
7502,2024-08-02 00:00:00,4018,214.52,2,Minimalistlik siidine labakindad,aksessuaarid,null
7600,2024-08-02 00:00:00,2846,353.30,2,Praktiline kangast elastne vöö,aksessuaarid,null
7423,2024-08-02 00:00:00,2911,433.08,3,Klassikaline nahkne nahkkindad,aksessuaarid,null
7619,2024-08-03 00:00:00,3451,65.60,1,Elegantne puust kootud müts,aksessuaarid,bronze
7365,2024-08-03 00:00:00,3998,233.74,2,Moodne kangast derbyd,jalanõusid,null
7563,2024-08-03 00:00:00,3113,247.81,1,Vintage linane bleiser,meeste_riided,null
7220,2024-08-03 00:00:00,4191,731.79,3,Soe polüester smokingüklikond,meeste_riided,gold
7292,2024-08-03 00:00:00,4612,62.56,1,Boheemlaslik kangast reisikott,aksessuaarid,gold
7700,2024-08-03 00:00:00,2859,184.07,1,Õhuline puuvillane kampsun,meeste_riided,null
7474,2024-08-03 00:00:00,4010,171.33,1,Soe teksane bleiser,meeste_riided,null
7241,2024-08-03 00:00:00,3350,475.42,2,Klassikaline viskoosne õhtukleit,naiste_riided,silver
7373,2024-08-03 00:00:00,4027,224.19,1,Boheemlaslik satiinne seelik,naiste_riided,gold
7532,2024-08-04 00:00:00,4173,450.33,3,Mugav viskoosne plisseeseelik,naiste_riided,null
7484,2024-08-04 00:00:00,4649,225.28,1,Moodne keraamiline nahkvöö,aksessuaarid,silver
7587,2024-08-04 00:00:00,2495,196.91,1,Sportlik džersii püksid,meeste_riided,gold
7568,2024-08-04 00:00:00,3138,155.84,1,Elegantne keraamiline rahakott,aksessuaarid,silver
7559,2024-08-04 00:00:00,2087,484.86,2,Sportlik polüester püksid,meeste_riided,gold
7356,2024-08-04 00:00:00,4589,125.98,1,Kerge viskoosne suvekleit,naiste_riided,gold
7252,2024-08-05 00:00:00,3339,338.43,1,Mugav tweed ülikond,meeste_riided,bronze
7605,2024-08-05 00:00:00,3631,22.70,1,Minimalistlik puuvillane pidžaama,laste_riided,bronze
7580,2024-08-05 00:00:00,3943,430.70,5,Sportlik puuvillane chino püksid,laste_riided,bronze
7473,2024-08-05 00:00:00,4984,234.79,1,Soe teksane chino püksid,meeste_riided,null
7644,2024-08-06 00:00:00,4229,232.61,1,Klassikaline villane madalad kontsad,jalanõusid,silver
7655,2024-08-06 00:00:00,4459,55.04,1,Minimalistlik villane pühapäevakleit,laste_riided,silver
7543,2024-08-06 00:00:00,2961,1739.20,5,Luksuslik teksane polo särk,meeste_riided,null
7282,2024-08-06 00:00:00,2889,219.24,2,Soe džersii suvekleit,naiste_riided,silver
7227,2024-08-06 00:00:00,4843,116.87,1,Moodne kangast derbyd,jalanõusid,null
7527,2024-08-06 00:00:00,4009,45.40,2,Vintage villane kangasvöö,aksessuaarid,silver
7350,2024-08-06 00:00:00,3534,126.42,1,Sportlik merino villane ülikond,meeste_riided,null
7465,2024-08-06 00:00:00,4104,114.16,2,Kerge puust barett,aksessuaarid,null
7397,2024-08-06 00:00:00,3624,694.32,2,Mugav flanellne linane kostüüm,meeste_riided,silver
7375,2024-08-06 00:00:00,2657,110.53,1,Kerge teksane slim-fit ülikond,meeste_riided,bronze
7409,2024-08-07 00:00:00,3009,81.48,1,Õhuline kangast nahk sandaalid,jalanõusid,silver
7377,2024-08-07 00:00:00,2463,442.38,2,Mugav goretex platvormi kontsad,jalanõusid,null
7297,2024-08-07 00:00:00,3066,583.44,2,Õhuline sünteetiline kõrge kontsaga kingad,jalanõusid,bronze
7463,2024-08-07 00:00:00,3538,110.53,1,Kerge teksane slim-fit ülikond,meeste_riided,null
7529,2024-08-08 00:00:00,4493,273.06,1,Boheemlaslik goretex kingad,jalanõusid,null
7649,2024-08-08 00:00:00,4560,982.36,4,Boheemlaslik merino villane kapuutsiga pusa,naiste_riided,bronze
7646,2024-08-08 00:00:00,2842,131.20,2,Elegantne puust kootud müts,aksessuaarid,null
7618,2024-08-08 00:00:00,4127,581.10,2,Vintage džersii tuunika,naiste_riided,null
7478,2024-08-08 00:00:00,3154,91.22,1,Klassikaline tweed kardigan,meeste_riided,null
7431,2024-08-08 00:00:00,3192,225.81,1,Klassikaline kashmiir pusa,naiste_riided,null
7466,2024-08-08 00:00:00,4491,106.71,1,Vintage metallist seljakott,aksessuaarid,null
7571,2024-08-09 00:00:00,3912,218.99,1,Boheemlaslik džersii teksapüksid,naiste_riided,null
7288,2024-08-09 00:00:00,2389,22.04,1,Elegantne metallist sall,aksessuaarid,silver
7657,2024-08-10 00:00:00,4018,225.81,1,Klassikaline kashmiir pusa,naiste_riided,null
7340,2024-08-10 00:00:00,3794,603.94,2,Kerge džersii pluus,naiste_riided,null
7670,2024-08-10 00:00:00,4585,1330.20,4,Praktiline merino villane parka,meeste_riided,bronze
7321,2024-08-10 00:00:00,3592,225.36,2,Minimalistlik softshell cargo püksid,laste_riided,gold
7612,2024-08-11 00:00:00,2206,243.93,1,Soe polüester smokingüklikond,meeste_riided,null
7591,2024-08-11 00:00:00,4759,128.37,1,Mugav fliisist alussärk,laste_riided,null
7211,2024-08-11 00:00:00,2860,190.81,1,Praktiline nahkne nahk sandaalid,jalanõusid,null
7706,2024-08-11 00:00:00,2634,291.72,1,Õhuline sünteetiline kõrge kontsaga kingad,jalanõusid,gold
7331,2024-08-11 00:00:00,3618,68.08,2,Sportlik villane püksid,laste_riided,gold
7346,2024-08-11 00:00:00,4198,110.53,1,Kerge teksane slim-fit ülikond,meeste_riided,null
7316,2024-08-12 00:00:00,3545,1079.40,4,Soe flanellne chino püksid,meeste_riided,null
7494,2024-08-12 00:00:00,2885,66.88,1,Minimalistlik keraamiline sall,aksessuaarid,silver
7433,2024-08-12 00:00:00,3090,281.19,1,Moodne merino villane triiksärk,meeste_riided,null
7236,2024-08-12 00:00:00,4765,270.69,1,Soe nahkne platvormi kontsad,jalanõusid,null
7645,2024-08-12 00:00:00,4018,166.27,1,Vintage siidine skaterkleit,naiste_riided,null
7611,2024-08-12 00:00:00,4210,332.40,4,Õhuline linane bleiser,meeste_riided,gold
7629,2024-08-12 00:00:00,4743,407.34,2,Moodne džersii slim-fit ülikond,meeste_riided,null
7489,2024-08-12 00:00:00,2064,246.97,1,Minimalistlik džersii polo särk,meeste_riided,gold
7460,2024-08-13 00:00:00,4072,274.66,2,Praktiline puuvillane ülikond,meeste_riided,null
7266,2024-08-13 00:00:00,4586,332.92,4,Moodne kashmiir seelik,naiste_riided,silver
7614,2024-08-13 00:00:00,2914,541.38,2,Soe nahkne platvormi kontsad,jalanõusid,null
7485,2024-08-13 00:00:00,4334,376.33,1,Õhuline villane jooksutossud,jalanõusid,null
7514,2024-08-13 00:00:00,2576,301.97,1,Kerge džersii pluus,naiste_riided,null
7693,2024-08-13 00:00:00,2997,823.56,4,Stiilne puust müts,aksessuaarid,gold
7393,2024-08-14 00:00:00,4201,-127.74,2,Boheemlaslik softshell komplekt,laste_riided,bronze
7369,2024-08-14 00:00:00,4294,89.39,1,Klassikaline linane mantelpaltoo,meeste_riided,null
7555,2024-08-14 00:00:00,3605,624.52,4,Õhuline nahkne elastne vöö,aksessuaarid,null
7446,2024-08-14 00:00:00,2362,436.84,2,Elegantne flanellne cargo püksid,meeste_riided,null
7458,2024-08-14 00:00:00,2700,160.71,1,Stiilne džersii püksid,meeste_riided,gold
7567,2024-08-14 00:00:00,3021,147.58,1,Mugav kangast sandaalid,jalanõusid,null
7439,2024-08-15 00:00:00,3119,273.06,1,Boheemlaslik goretex kingad,jalanõusid,null
7459,2024-08-15 00:00:00,4663,58.84,2,Kerge nahkne õlakott,aksessuaarid,null
7676,2024-08-15 00:00:00,4076,155.84,1,Elegantne keraamiline rahakott,aksessuaarid,gold
7428,2024-08-15 00:00:00,2954,363.36,2,Boheemlaslik kangast kangasvöö,aksessuaarid,null
7313,2024-08-15 00:00:00,4659,122.45,1,Moodne satiinne bleiser,naiste_riided,null
7418,2024-08-16 00:00:00,4000,31.65,1,Trendikas trikoo jakk,laste_riided,silver
7713,2024-08-16 00:00:00,3479,62.56,1,Boheemlaslik kangast reisikott,aksessuaarid,silver
7270,2024-08-16 00:00:00,3829,229.01,1,Boheemlaslik tweed smokingüklikond,meeste_riided,silver
7394,2024-08-16 00:00:00,3767,199.80,1,Õhuline villane sõrmus,aksessuaarid,null
7488,2024-08-16 00:00:00,4206,251.28,4,Trendikas villane dressikomplekt,laste_riided,null
7370,2024-08-17 00:00:00,2557,212.42,2,Luksuslik fliisist komplekt,laste_riided,silver
7256,2024-08-17 00:00:00,4481,536.30,5,Minimalistlik siidine labakindad,aksessuaarid,silver
7273,2024-08-18 00:00:00,2804,419.22,3,Trendikas džersii miniseelik,naiste_riided,null
7535,2024-08-18 00:00:00,3556,218.54,1,Boheemlaslik nahkne kõrge kontsaga kingad,jalanõusid,silver
7519,2024-08-18 00:00:00,3605,339.21,1,Boheemlaslik villane tennised,jalanõusid,null
7324,2024-08-19 00:00:00,4792,178.40,5,Moodne puuvillane komplekt,laste_riided,silver
7304,2024-08-19 00:00:00,4734,105.09,1,Kerge linane kampsun,meeste_riided,null
7429,2024-08-20 00:00:00,2881,250.72,2,Moodne fliisist teksapüksid,laste_riided,gold
7213,2024-08-20 00:00:00,3939,653.65,5,Vintage orgaaniline body,laste_riided,null
7312,2024-08-20 00:00:00,2603,263.13,1,Soe satiinne pluus,naiste_riided,gold
7483,2024-08-20 00:00:00,2909,836.20,4,Stiilne kashmiir jakk,naiste_riided,null
7550,2024-08-20 00:00:00,2495,153.62,1,Praktiline seemisnahkne saapad,jalanõusid,gold
7602,2024-08-20 00:00:00,3556,46.90,2,Moodne nahkne müts,aksessuaarid,silver
7607,2024-08-20 00:00:00,3518,151.08,1,Moodne polüester slim-fit särk,meeste_riided,bronze
7268,2024-08-21 00:00:00,3649,135.99,1,Minimalistlik linane tuunika,naiste_riided,null
7480,2024-08-21 00:00:00,2375,83.97,1,Luksuslik sünteetiline nahk sandaalid,jalanõusid,gold
7584,2024-08-21 00:00:00,2643,257.39,1,Moodne kashmiir pullover,naiste_riided,silver
7577,2024-08-21 00:00:00,2099,305.72,1,Vintage nahkne tossud,jalanõusid,silver
7279,2024-08-21 00:00:00,2247,795.60,3,Sportlik linane jakk,naiste_riided,silver
7342,2024-08-21 00:00:00,3447,288.40,2,Mugav flanellne parka,meeste_riided,silver
7504,2024-08-22 00:00:00,4958,347.84,1,Luksuslik teksane polo särk,meeste_riided,null
7703,2024-08-22 00:00:00,3618,442.84,2,Moodne seemisnahkne oxfordid,jalanõusid,gold
7574,2024-08-22 00:00:00,3166,83.10,1,Õhuline linane bleiser,meeste_riided,null
7590,2024-08-22 00:00:00,2486,163.53,1,Boheemlaslik merino villane poolsäärne kampsun,meeste_riided,null
7231,2024-08-22 00:00:00,2430,159.57,3,Soe orgaaniline sokid,laste_riided,silver
7326,2024-08-22 00:00:00,3661,413.04,2,Kerge satiinne jakk,naiste_riided,silver
7343,2024-08-23 00:00:00,2281,197.36,2,Stiilne puuvillane mantelpaltoo,laste_riided,silver
7361,2024-08-23 00:00:00,2826,26.62,1,Luksuslik softshell komplekt,laste_riided,null
7318,2024-08-23 00:00:00,2090,351.33,1,Boheemlaslik linane pullover,naiste_riided,gold
7686,2024-08-24 00:00:00,4794,251.52,1,Õhuline villane platvorm sandaalid,jalanõusid,gold
7671,2024-08-24 00:00:00,2107,553.94,2,Klassikaline kangast tennised,jalanõusid,bronze
7325,2024-08-24 00:00:00,4376,88.08,1,Minimalistlik trikoo tuulejope,laste_riided,null
7244,2024-08-24 00:00:00,4522,179.35,1,Luksuslik puuvillane jakk,naiste_riided,null
7392,2024-08-24 00:00:00,3364,278.59,1,Kerge flanellne kardigan,meeste_riided,bronze
7592,2024-08-25 00:00:00,2439,250.17,1,Luksuslik merino villane kapuutsiga pusa,naiste_riided,bronze
7203,2024-08-26 00:00:00,2567,257.39,1,Moodne kashmiir pullover,naiste_riided,null
7258,2024-08-26 00:00:00,3944,181.68,1,Boheemlaslik kangast kangasvöö,aksessuaarid,null
7641,2024-08-26 00:00:00,3905,493.94,2,Minimalistlik džersii polo särk,meeste_riided,null
7470,2024-08-26 00:00:00,2673,49.11,3,Soe siidine kaelakee,aksessuaarid,silver
7401,2024-08-26 00:00:00,3588,761.40,3,Klassikaline kangast platvormi kontsad,jalanõusid,silver
7633,2024-08-26 00:00:00,3618,518.46,2,Kerge linane teksapüksid,meeste_riided,gold
7561,2024-08-26 00:00:00,3709,94.25,1,Trendikas villane tuulejope,laste_riided,null
7372,2024-08-26 00:00:00,2893,923.49,3,Õhuline linane jakk,naiste_riided,null
7376,2024-08-26 00:00:00,3722,-109.62,1,Soe džersii suvekleit,naiste_riided,bronze
7660,2024-08-26 00:00:00,4961,132.30,1,Luksuslik goretex derbyd,jalanõusid,gold
7349,2024-08-27 00:00:00,2290,279.39,3,Elegantne kangast kindad,aksessuaarid,bronze
7659,2024-08-27 00:00:00,2154,841.44,4,Kerge villane talvesaapad,jalanõusid,gold
7627,2024-08-27 00:00:00,4206,196.91,1,Sportlik džersii püksid,meeste_riided,null
7254,2024-08-27 00:00:00,3598,427.28,4,Stiilne orgaaniline pidžaama,laste_riided,bronze
7621,2024-08-28 00:00:00,2892,51.58,1,Soe puuvillane chino püksid,laste_riided,silver
7557,2024-08-28 00:00:00,2927,202.57,1,Moodne kashmiir plisseeseelik,naiste_riided,silver
7344,2024-08-28 00:00:00,3350,413.04,2,Kerge satiinne jakk,naiste_riided,silver
7486,2024-08-28 00:00:00,3552,593.16,2,Luksuslik flanellne smokingüklikond,meeste_riided,null
7260,2024-08-28 00:00:00,3115,482.26,2,Õhuline seemisnahkne rannasandaalid,jalanõusid,silver
7255,2024-08-28 00:00:00,2226,163.53,1,Boheemlaslik merino villane poolsäärne kampsun,meeste_riided,silver
7656,2024-08-28 00:00:00,3810,45.21,1,Stiilne siidine labakindad,aksessuaarid,null
7667,2024-08-28 00:00:00,3758,421.74,2,Soe linane mantelpaltoo,meeste_riided,null
7712,2024-08-28 00:00:00,3826,162.86,1,Klassikaline siidine tuulejope,naiste_riided,bronze
7224,2024-08-29 00:00:00,4949,224.19,1,Boheemlaslik satiinne seelik,naiste_riided,bronze
7262,2024-08-29 00:00:00,3868,62.55,1,Soe kangast nahk sandaalid,jalanõusid,null
7511,2024-08-29 00:00:00,4206,218.42,1,Elegantne flanellne cargo püksid,meeste_riided,null
7285,2024-08-29 00:00:00,3833,89.29,1,Klassikaline džersii bleiser,meeste_riided,silver
7274,2024-08-30 00:00:00,4468,65.52,1,Luksuslik goretex tennised,jalanõusid,null
7284,2024-08-30 00:00:00,2672,68.08,2,Sportlik villane püksid,laste_riided,null
7322,2024-08-30 00:00:00,2104,840.06,3,Soe siidine särk-pluus,naiste_riided,gold
7359,2024-08-30 00:00:00,2495,368.67,1,Moodne villane nahk sandaalid,jalanõusid,gold
7513,2024-08-30 00:00:00,2393,437.68,4,Elegantne villane kaabu,aksessuaarid,bronze
7388,2024-08-31 00:00:00,4053,125.98,1,Kerge viskoosne suvekleit,naiste_riided,null
7668,2024-08-31 00:00:00,2683,565.90,2,Sportlik džersii parka,naiste_riided,null
7412,2024-08-31 00:00:00,3810,172.92,2,Moodne trikoo koolikomplekt,laste_riided,null
7626,2024-08-31 00:00:00,2577,203.39,1,Boheemlaslik villane barett,aksessuaarid,null
7556,2024-08-31 00:00:00,4949,375.34,1,Soe sünteetiline loaferid,jalanõusid,bronze
7578,2024-08-31 00:00:00,4384,22.70,1,Minimalistlik puuvillane pidžaama,laste_riided,null
7865,2024-09-01 00:00:00,2997,38.70,1,Praktiline puuvillane sukkpüksid,laste_riided,gold
7756,2024-09-01 00:00:00,4178,38.70,1,Praktiline puuvillane sukkpüksid,laste_riided,null
7818,2024-09-01 00:00:00,3469,79.59,1,Soe teksane smokingüklikond,meeste_riided,gold
8054,2024-09-01 00:00:00,3246,94.76,2,Õhuline softshell dressikomplekt,laste_riided,gold
7792,2024-09-01 00:00:00,3810,190.81,1,Praktiline nahkne nahk sandaalid,jalanõusid,null
7978,2024-09-01 00:00:00,4626,41.79,1,Minimalistlik softshell alussärk,laste_riided,silver
8020,2024-09-02 00:00:00,4707,385.98,3,Sportlik nahkne madalad kontsad,jalanõusid,bronze
7794,2024-09-02 00:00:00,4206,319.98,1,Praktiline kangast kõrge kontsaga kingad,jalanõusid,null
7920,2024-09-02 00:00:00,3392,183.40,1,Moodne siidine sall,aksessuaarid,bronze
8043,2024-09-02 00:00:00,3788,376.08,3,Moodne fliisist teksapüksid,laste_riided,gold
7781,2024-09-02 00:00:00,4949,257.39,1,Moodne kashmiir pullover,naiste_riided,bronze
7744,2024-09-02 00:00:00,3083,72.14,1,Vintage villane püksid,laste_riided,null
7798,2024-09-02 00:00:00,2889,100.93,1,Boheemlaslik polüester casual särk,meeste_riided,silver
7868,2024-09-03 00:00:00,3593,262.08,4,Luksuslik goretex tennised,jalanõusid,bronze
8006,2024-09-03 00:00:00,2366,17.97,1,Luksuslik nahkne käekott,aksessuaarid,bronze
8004,2024-09-03 00:00:00,2609,229.01,1,Boheemlaslik tweed smokingüklikond,meeste_riided,gold
7721,2024-09-03 00:00:00,2154,28.56,1,Trendikas keraamiline sõrmkindad,aksessuaarid,gold
8074,2024-09-03 00:00:00,4857,248.70,2,Elegantne tweed bleiser,meeste_riided,silver
8034,2024-09-04 00:00:00,4667,361.77,3,Elegantne tweed smokingüklikond,meeste_riided,null
7771,2024-09-04 00:00:00,2759,307.83,1,Õhuline linane jakk,naiste_riided,null
7848,2024-09-04 00:00:00,4423,38.70,1,Praktiline puuvillane sukkpüksid,laste_riided,silver
7858,2024-09-04 00:00:00,3146,47.88,1,Praktiline klaasist sõrmkindad,aksessuaarid,null
7864,2024-09-05 00:00:00,4171,178.58,2,Klassikaline džersii bleiser,meeste_riided,bronze
7889,2024-09-05 00:00:00,3759,417.66,2,Soe merino villane topik,naiste_riided,silver
7842,2024-09-05 00:00:00,3241,219.38,1,Stiilne kangast nokamüts,aksessuaarid,bronze
7784,2024-09-06 00:00:00,3779,247.28,2,Praktiline puuvillane teksapüksid,laste_riided,null
7852,2024-09-06 00:00:00,4959,180.14,1,Mugav džersii pusa,naiste_riided,bronze
7972,2024-09-06 00:00:00,3183,305.70,2,Sportlik softshell sukkpüksid,laste_riided,bronze
7741,2024-09-07 00:00:00,4380,301.97,1,Kerge džersii pluus,naiste_riided,gold
7738,2024-09-07 00:00:00,4230,280.13,1,Minimalistlik nahkne platvormi kontsad,jalanõusid,silver
7811,2024-09-07 00:00:00,2632,317.88,2,Trendikas goretex chelsea botased,jalanõusid,silver
8049,2024-09-07 00:00:00,4538,560.04,2,Soe siidine särk-pluus,naiste_riided,gold
7748,2024-09-07 00:00:00,2330,156.12,3,Elegantne orgaaniline kleit,laste_riided,gold
7732,2024-09-08 00:00:00,4640,214.52,2,Minimalistlik siidine labakindad,aksessuaarid,silver
7873,2024-09-08 00:00:00,4178,63.87,1,Boheemlaslik softshell komplekt,laste_riided,null
7791,2024-09-08 00:00:00,3722,598.20,4,Luksuslik keraamiline elastne vöö,aksessuaarid,bronze
7715,2024-09-08 00:00:00,2097,22.70,1,Minimalistlik puuvillane pidžaama,laste_riided,silver
7820,2024-09-08 00:00:00,4261,121.51,1,Stiilne kangast jooksutossud,jalanõusid,silver
7922,2024-09-09 00:00:00,3556,146.36,2,Elegantne kangast platvorm sandaalid,jalanõusid,silver
8066,2024-09-09 00:00:00,2775,229.60,2,Stiilne fliisist komplekt,laste_riided,null
7995,2024-09-09 00:00:00,2398,459.76,4,Sportlik polüester slim-fit ülikond,meeste_riided,silver
7892,2024-09-09 00:00:00,2871,585.22,2,Sportlik villane tossud,jalanõusid,gold
7994,2024-09-09 00:00:00,2880,403.72,2,Boheemlaslik polüester slim-fit särk,meeste_riided,null
7814,2024-09-09 00:00:00,3285,381.62,2,Praktiline nahkne nahk sandaalid,jalanõusid,silver
7912,2024-09-10 00:00:00,2913,147.58,1,Mugav kangast sandaalid,jalanõusid,null
7780,2024-09-10 00:00:00,4368,95.76,2,Praktiline klaasist sõrmkindad,aksessuaarid,gold
7989,2024-09-10 00:00:00,3151,23.45,1,Moodne nahkne müts,aksessuaarid,null
8090,2024-09-11 00:00:00,2442,1106.91,3,Stiilne goretex kingad,jalanõusid,silver
7928,2024-09-11 00:00:00,4602,24.54,1,Praktiline trikoo sukkpüksid,laste_riided,gold
8019,2024-09-11 00:00:00,4691,319.98,1,Praktiline kangast kõrge kontsaga kingad,jalanõusid,null
7917,2024-09-11 00:00:00,2049,208.72,1,Praktiline kangast reisikott,aksessuaarid,null
8101,2024-09-11 00:00:00,2598,422.70,2,Moodne viskoosne plisseeseelik,naiste_riided,bronze
8061,2024-09-11 00:00:00,3878,95.39,1,Klassikaline kangast nahkkindad,aksessuaarid,gold
7899,2024-09-11 00:00:00,2850,439.66,2,Kerge siidine nahkkindad,aksessuaarid,silver
7736,2024-09-11 00:00:00,4966,298.94,2,Praktiline nahkne sõrmus,aksessuaarid,gold
7955,2024-09-12 00:00:00,2692,48.85,1,Luksuslik tweed linane särk,meeste_riided,null
8068,2024-09-12 00:00:00,2126,187.16,1,Trendikas sünteetiline platvorm sandaalid,jalanõusid,null
7831,2024-09-12 00:00:00,2889,686.65,5,Praktiline puuvillane ülikond,meeste_riided,silver
7902,2024-09-12 00:00:00,4490,155.45,1,Moodne kangast sõrmus,aksessuaarid,gold
8021,2024-09-13 00:00:00,4478,358.41,1,Sportlik kangast tossud,jalanõusid,bronze
7872,2024-09-13 00:00:00,3328,823.11,3,Trendikas puuvillane skaterkleit,naiste_riided,null
8089,2024-09-14 00:00:00,4392,296.04,3,Stiilne puuvillane mantelpaltoo,laste_riided,bronze
8078,2024-09-14 00:00:00,3267,32.93,1,Klassikaline satiinne mantelpaltoo,naiste_riided,null
7750,2024-09-14 00:00:00,4821,105.29,1,Elegantne orgaaniline dressikomplekt,laste_riided,null
7876,2024-09-15 00:00:00,3702,317.88,2,Trendikas goretex chelsea botased,jalanõusid,gold
7890,2024-09-15 00:00:00,4952,224.19,1,Boheemlaslik satiinne seelik,naiste_riided,bronze
8052,2024-09-15 00:00:00,4542,73.90,1,Trendikas puuvillane body,laste_riided,bronze
8073,2024-09-16 00:00:00,2162,298.71,3,Vintage softshell alussärk,laste_riided,null
7724,2024-09-16 00:00:00,4178,234.79,1,Soe teksane chino püksid,meeste_riided,null
7828,2024-09-16 00:00:00,4206,247.52,1,Luksuslik merino villane chino püksid,naiste_riided,null
8083,2024-09-17 00:00:00,3662,121.51,1,Stiilne kangast jooksutossud,jalanõusid,null
8003,2024-09-17 00:00:00,3479,282.95,1,Sportlik džersii parka,naiste_riided,silver
7783,2024-09-17 00:00:00,2005,180.14,1,Mugav džersii pusa,naiste_riided,bronze
8080,2024-09-17 00:00:00,4611,565.90,2,Sportlik džersii parka,naiste_riided,gold
7772,2024-09-18 00:00:00,3175,-307.27,1,Sportlik seemisnahkne nahk sandaalid,jalanõusid,null
7888,2024-09-18 00:00:00,3241,175.25,1,Soe polüester cargo püksid,meeste_riided,bronze
7824,2024-09-18 00:00:00,2506,134.58,1,Vintage tweed smokingüklikond,meeste_riided,null
7932,2024-09-18 00:00:00,4206,83.23,1,Moodne kashmiir seelik,naiste_riided,null
7778,2024-09-18 00:00:00,3556,145.50,1,Soe villane kingad,jalanõusid,silver
7847,2024-09-18 00:00:00,3046,368.97,1,Stiilne goretex kingad,jalanõusid,gold
8070,2024-09-18 00:00:00,4206,365.54,2,Elegantne siidine teksapüksid,naiste_riided,null
7954,2024-09-18 00:00:00,3596,374.54,1,Vintage tweed kampsun,meeste_riided,gold
7839,2024-09-19 00:00:00,4981,507.60,2,Klassikaline kangast platvormi kontsad,jalanõusid,bronze
8002,2024-09-19 00:00:00,3979,72.58,1,Sportlik fliisist slim-fit püksid,laste_riided,null
7840,2024-09-19 00:00:00,2154,465.22,2,Klassikaline villane madalad kontsad,jalanõusid,gold
7789,2024-09-19 00:00:00,3648,514.78,2,Moodne kashmiir pullover,naiste_riided,silver
8041,2024-09-20 00:00:00,2652,16.62,1,Moodne villane kaelasall,aksessuaarid,silver
7860,2024-09-20 00:00:00,3459,28.56,1,Trendikas keraamiline sõrmkindad,aksessuaarid,gold
7975,2024-09-20 00:00:00,3231,218.19,3,Minimalistlik džersii chino püksid,naiste_riided,null
7867,2024-09-21 00:00:00,4597,86.14,1,Sportlik puuvillane chino püksid,laste_riided,silver
7869,2024-09-21 00:00:00,2154,549.93,3,Boheemlaslik siidine sõrmkindad,aksessuaarid,gold
7991,2024-09-21 00:00:00,2079,49.08,2,Praktiline trikoo sukkpüksid,laste_riided,silver
7943,2024-09-21 00:00:00,2468,53.01,1,Trendikas flanellne mantelpaltoo,meeste_riided,null
7951,2024-09-21 00:00:00,3326,224.19,1,Boheemlaslik satiinne seelik,naiste_riided,null
7765,2024-09-21 00:00:00,2615,253.62,3,Minimalistlik nahkne derbyd,jalanõusid,null
7964,2024-09-21 00:00:00,2425,368.14,2,Õhuline puuvillane kampsun,meeste_riided,silver
8081,2024-09-22 00:00:00,3442,210.87,1,Soe linane mantelpaltoo,meeste_riided,null
7851,2024-09-22 00:00:00,2996,465.22,2,Klassikaline villane madalad kontsad,jalanõusid,gold
7939,2024-09-23 00:00:00,2517,53.99,1,Moodne villane pühapäevakleit,laste_riided,bronze
7859,2024-09-23 00:00:00,4318,247.81,1,Vintage linane bleiser,meeste_riided,null
8069,2024-09-23 00:00:00,2244,175.47,3,Luksuslik nahkne madalad kontsad,jalanõusid,gold
8076,2024-09-23 00:00:00,2907,279.43,1,Praktiline polüester ülikond,meeste_riided,null
8091,2024-09-23 00:00:00,4761,147.58,1,Mugav kangast sandaalid,jalanõusid,gold
7965,2024-09-24 00:00:00,3618,156.18,2,Minimalistlik viskoosne skaterkleit,naiste_riided,gold
7980,2024-09-24 00:00:00,4722,106.21,1,Luksuslik fliisist komplekt,laste_riided,bronze
7969,2024-09-24 00:00:00,2460,145.20,2,Praktiline trikoo püksid,laste_riided,silver
7947,2024-09-24 00:00:00,2203,291.72,1,Õhuline sünteetiline kõrge kontsaga kingad,jalanõusid,silver
7953,2024-09-24 00:00:00,3692,959.94,3,Praktiline kangast kõrge kontsaga kingad,jalanõusid,bronze
8058,2024-09-25 00:00:00,4717,138.78,2,Trendikas sünteetiline mokassiinid,jalanõusid,silver
8067,2024-09-25 00:00:00,3431,241.18,2,Elegantne tweed smokingüklikond,meeste_riided,gold
7782,2024-09-25 00:00:00,3722,332.10,3,Elegantne villane sukkpüksid,laste_riided,bronze
8015,2024-09-25 00:00:00,3443,302.16,2,Vintage merino villane tuulejope,meeste_riided,silver
7923,2024-09-26 00:00:00,2860,197.36,2,Stiilne puuvillane mantelpaltoo,laste_riided,null
7881,2024-09-26 00:00:00,2932,825.36,4,Soe seemisnahkne jooksutossud,jalanõusid,bronze
7875,2024-09-26 00:00:00,4252,332.55,1,Praktiline merino villane parka,meeste_riided,null
7819,2024-09-26 00:00:00,2997,86.46,1,Moodne trikoo koolikomplekt,laste_riided,gold
8018,2024-09-27 00:00:00,4027,476.82,3,Trendikas goretex chelsea botased,jalanõusid,gold
8092,2024-09-27 00:00:00,3981,147.58,1,Mugav kangast sandaalid,jalanõusid,null
7746,2024-09-28 00:00:00,3437,154.80,4,Praktiline puuvillane sukkpüksid,laste_riided,silver
7973,2024-09-28 00:00:00,2745,141.21,3,Boheemlaslik klaasist kaelakee,aksessuaarid,null
7925,2024-09-28 00:00:00,3647,152.85,1,Sportlik softshell sukkpüksid,laste_riided,null
8040,2024-09-28 00:00:00,4546,582.00,4,Soe villane kingad,jalanõusid,null
7862,2024-09-28 00:00:00,2154,885.68,4,Moodne seemisnahkne oxfordid,jalanõusid,gold
7845,2024-09-28 00:00:00,4044,242.43,1,Sportlik polüester püksid,meeste_riided,null
7997,2024-09-28 00:00:00,4746,145.46,2,Minimalistlik džersii chino püksid,naiste_riided,bronze
7763,2024-09-29 00:00:00,2823,209.70,2,Soe puuvillane pühapäevakleit,laste_riided,null
7894,2024-09-30 00:00:00,2082,241.18,2,Elegantne tweed smokingüklikond,meeste_riided,bronze
7942,2024-09-30 00:00:00,4780,457.62,2,Trendikas nahkne oxfordid,jalanõusid,gold
8333,2024-10-01 00:00:00,4059,63.30,2,Trendikas trikoo jakk,laste_riided,null
8123,2024-10-01 00:00:00,2939,116.98,2,Luksuslik nahkne madalad kontsad,jalanõusid,silver
8237,2024-10-01 00:00:00,4880,253.26,1,Luksuslik puuvillane linane särk,meeste_riided,silver
8282,2024-10-01 00:00:00,4264,41.79,1,Minimalistlik softshell alussärk,laste_riided,null
8443,2024-10-01 00:00:00,3225,319.75,5,Stiilne villane kontsakingad,jalanõusid,null
8408,2024-10-01 00:00:00,2889,68.10,3,Minimalistlik puuvillane pidžaama,laste_riided,silver
8113,2024-10-01 00:00:00,3610,366.80,2,Moodne siidine sall,aksessuaarid,gold
8150,2024-10-02 00:00:00,4139,53.24,2,Luksuslik softshell komplekt,laste_riided,bronze
8479,2024-10-02 00:00:00,2589,713.14,2,Õhuline tweed püksid,meeste_riided,gold
8252,2024-10-02 00:00:00,3000,442.38,2,Mugav goretex platvormi kontsad,jalanõusid,null
8209,2024-10-02 00:00:00,3784,132.30,1,Luksuslik goretex derbyd,jalanõusid,bronze
8203,2024-10-02 00:00:00,3057,259.23,1,Kerge linane teksapüksid,meeste_riided,silver
8368,2024-10-03 00:00:00,3459,375.34,1,Soe sünteetiline loaferid,jalanõusid,gold
8403,2024-10-03 00:00:00,3111,193.00,2,Sportlik puuvillane smokingüklikond,meeste_riided,silver
8365,2024-10-03 00:00:00,4192,134.94,1,Elegantne keraamiline labakindad,aksessuaarid,silver
8393,2024-10-04 00:00:00,3870,142.14,3,Õhuline softshell dressikomplekt,laste_riided,null
8331,2024-10-04 00:00:00,2369,183.31,1,Boheemlaslik siidine sõrmkindad,aksessuaarid,null
8330,2024-10-04 00:00:00,3934,208.72,1,Praktiline kangast reisikott,aksessuaarid,bronze
8205,2024-10-04 00:00:00,2981,85.28,2,Stiilne merino villane parka,naiste_riided,silver
8157,2024-10-04 00:00:00,3810,-29.42,1,Kerge nahkne õlakott,aksessuaarid,null
8239,2024-10-05 00:00:00,4368,1498.16,4,Vintage tweed kampsun,meeste_riided,gold
8480,2024-10-06 00:00:00,2294,793.16,4,Mugav tweed kardigan,meeste_riided,null
8241,2024-10-06 00:00:00,4743,219.24,2,Soe džersii suvekleit,naiste_riided,null
8379,2024-10-06 00:00:00,2712,1872.70,5,Vintage tweed kampsun,meeste_riided,null
8458,2024-10-07 00:00:00,2358,154.71,1,Klassikaline linane parka,meeste_riided,null
8352,2024-10-07 00:00:00,3138,30.05,1,Trendikas fliisist tuulejope,laste_riided,silver
8462,2024-10-07 00:00:00,3545,320.42,2,Boheemlaslik merino villane cargo püksid,meeste_riided,null
8173,2024-10-07 00:00:00,3618,319.42,1,Praktiline džersii seelik,naiste_riided,gold
8169,2024-10-07 00:00:00,4047,35.94,2,Luksuslik nahkne käekott,aksessuaarid,gold
8227,2024-10-08 00:00:00,4230,351.33,1,Boheemlaslik linane pullover,naiste_riided,silver
8226,2024-10-08 00:00:00,4018,28.56,1,Trendikas keraamiline sõrmkindad,aksessuaarid,null
8290,2024-10-08 00:00:00,2052,778.28,4,Kerge metallist labakindad,aksessuaarid,bronze
8440,2024-10-08 00:00:00,2028,74.41,1,Elegantne villane platvorm sandaalid,jalanõusid,gold
8187,2024-10-08 00:00:00,3368,230.10,3,Luksuslik linane bleiser,naiste_riided,null
8328,2024-10-08 00:00:00,4161,430.26,3,Mugav puuvillane kardigan,meeste_riided,bronze
8409,2024-10-09 00:00:00,2170,-312.36,4,Minimalistlik viskoosne skaterkleit,naiste_riided,null
8161,2024-10-09 00:00:00,3361,84.95,1,Mugav softshell teksapüksid,laste_riided,silver
8243,2024-10-09 00:00:00,2530,617.68,2,Boheemlaslik puuvillane tuulejope,naiste_riided,silver
8310,2024-10-10 00:00:00,3605,312.41,1,Mugav merino villane tuulejope,meeste_riided,null
8416,2024-10-10 00:00:00,2167,187.16,1,Trendikas sünteetiline platvorm sandaalid,jalanõusid,bronze
8373,2024-10-10 00:00:00,4069,90.42,2,Stiilne siidine labakindad,aksessuaarid,bronze
8377,2024-10-11 00:00:00,4206,347.16,1,Mugav flanellne linane kostüüm,meeste_riided,null
8135,2024-10-11 00:00:00,3643,48.58,1,Soe fliisist pidžaama,laste_riided,gold
8188,2024-10-11 00:00:00,4014,294.32,2,Moodne keraamiline sall,aksessuaarid,silver
8115,2024-10-12 00:00:00,3911,127.92,3,Stiilne merino villane parka,naiste_riided,bronze
8385,2024-10-12 00:00:00,4222,573.68,4,Mugav puuvillane kardigan,meeste_riided,bronze
8255,2024-10-12 00:00:00,4269,242.43,1,Sportlik polüester püksid,meeste_riided,silver
8468,2024-10-12 00:00:00,4028,329.99,1,Õhuline nahkne sporditossud,jalanõusid,null
8304,2024-10-12 00:00:00,3168,70.01,1,Praktiline flanellne linane särk,meeste_riided,bronze
8307,2024-10-12 00:00:00,2775,333.78,3,Vintage viskoosne püksid,naiste_riided,null
8347,2024-10-12 00:00:00,3226,156.18,2,Minimalistlik viskoosne skaterkleit,naiste_riided,bronze
8465,2024-10-13 00:00:00,4304,1166.88,4,Õhuline sünteetiline kõrge kontsaga kingad,jalanõusid,null
8376,2024-10-13 00:00:00,4849,190.81,1,Praktiline nahkne nahk sandaalid,jalanõusid,silver
8388,2024-10-14 00:00:00,2871,16.37,1,Soe siidine kaelakee,aksessuaarid,gold
8162,2024-10-14 00:00:00,4403,437.98,2,Boheemlaslik džersii teksapüksid,naiste_riided,bronze
8415,2024-10-14 00:00:00,2997,805.24,2,Klassikaline seemisnahkne jooksutossud,jalanõusid,gold
8249,2024-10-14 00:00:00,3073,279.43,1,Praktiline polüester ülikond,meeste_riided,bronze
8410,2024-10-15 00:00:00,2495,281.19,1,Moodne merino villane triiksärk,meeste_riided,gold
8278,2024-10-16 00:00:00,3253,-624.82,2,Mugav merino villane tuulejope,meeste_riided,silver
8325,2024-10-17 00:00:00,4939,605.72,2,Õhuline sünteetiline rannasandaalid,jalanõusid,bronze
8442,2024-10-17 00:00:00,3699,332.55,1,Praktiline merino villane parka,meeste_riided,null
8164,2024-10-18 00:00:00,3118,332.54,2,Vintage siidine skaterkleit,naiste_riided,silver
8439,2024-10-18 00:00:00,4755,295.84,2,Minimalistlik fliisist slim-fit püksid,laste_riided,bronze
8327,2024-10-18 00:00:00,3856,164.30,2,Elegantne tweed püksid,meeste_riided,gold
8488,2024-10-18 00:00:00,3523,271.98,2,Minimalistlik linane tuunika,naiste_riided,gold
8193,2024-10-18 00:00:00,4293,225.28,1,Moodne keraamiline nahkvöö,aksessuaarid,gold
8481,2024-10-19 00:00:00,4974,247.52,1,Luksuslik merino villane chino püksid,naiste_riided,silver
8212,2024-10-19 00:00:00,2567,83.10,1,Õhuline linane bleiser,meeste_riided,null
8225,2024-10-19 00:00:00,3319,432.36,4,Luksuslik satiinne teksapüksid,naiste_riided,silver
8438,2024-10-19 00:00:00,4206,94.95,3,Trendikas trikoo jakk,laste_riided,null
8152,2024-10-19 00:00:00,2566,138.90,1,Soe polüester slim-fit püksid,meeste_riided,null
8353,2024-10-20 00:00:00,3818,265.20,1,Sportlik linane jakk,naiste_riided,silver
8126,2024-10-20 00:00:00,4206,819.96,3,Soe seemisnahkne nahk sandaalid,jalanõusid,null
8375,2024-10-20 00:00:00,2977,926.52,3,Boheemlaslik puuvillane tuulejope,naiste_riided,null
8286,2024-10-20 00:00:00,2443,877.83,3,Sportlik villane tossud,jalanõusid,null
8219,2024-10-21 00:00:00,4726,183.31,1,Boheemlaslik siidine sõrmkindad,aksessuaarid,bronze
8216,2024-10-21 00:00:00,3551,686.65,5,Praktiline puuvillane ülikond,meeste_riided,gold
8351,2024-10-21 00:00:00,2657,193.00,2,Sportlik puuvillane smokingüklikond,meeste_riided,bronze
8450,2024-10-21 00:00:00,2031,151.45,1,Mugav softshell slim-fit püksid,laste_riided,gold
8336,2024-10-22 00:00:00,4410,128.44,1,Elegantne orgaaniline tuulejope,laste_riided,gold
8168,2024-10-22 00:00:00,3146,149.55,1,Luksuslik keraamiline elastne vöö,aksessuaarid,null
8357,2024-10-22 00:00:00,4949,1008.40,4,Soe sünteetiline sandaalid,jalanõusid,bronze
8417,2024-10-22 00:00:00,3944,155.84,1,Elegantne keraamiline rahakott,aksessuaarid,null
8467,2024-10-22 00:00:00,4333,63.95,1,Stiilne villane kontsakingad,jalanõusid,null
8463,2024-10-24 00:00:00,3096,505.02,3,Mugav merino villane dressipluus,naiste_riided,gold
8355,2024-10-24 00:00:00,2332,209.05,1,Stiilne kashmiir jakk,naiste_riided,bronze
8141,2024-10-24 00:00:00,3232,421.74,2,Soe linane mantelpaltoo,meeste_riided,null
8176,2024-10-24 00:00:00,3034,560.31,3,Klassikaline puust nahkvöö,aksessuaarid,null
8498,2024-10-24 00:00:00,4707,261.46,2,Vintage orgaaniline body,laste_riided,bronze
8131,2024-10-25 00:00:00,3350,776.73,3,Mugav merino villane cargo püksid,meeste_riided,silver
8263,2024-10-25 00:00:00,3712,411.99,3,Praktiline puuvillane ülikond,meeste_riided,gold
8420,2024-10-25 00:00:00,2413,123.82,1,Luksuslik džersii chino püksid,meeste_riided,gold
8316,2024-10-25 00:00:00,3810,171.33,1,Soe teksane bleiser,meeste_riided,null
8244,2024-10-26 00:00:00,4206,191.48,1,Vintage kangast vöö,aksessuaarid,null
8133,2024-10-26 00:00:00,4338,72.14,1,Vintage villane püksid,laste_riided,null
8138,2024-10-26 00:00:00,4290,448.65,3,Luksuslik keraamiline elastne vöö,aksessuaarid,silver
8430,2024-10-26 00:00:00,2946,149.47,1,Praktiline nahkne sõrmus,aksessuaarid,null
8478,2024-10-26 00:00:00,3480,176.16,2,Minimalistlik trikoo tuulejope,laste_riided,gold
8283,2024-10-26 00:00:00,3457,228.81,1,Trendikas nahkne oxfordid,jalanõusid,bronze
8359,2024-10-26 00:00:00,4571,269.16,2,Vintage tweed smokingüklikond,meeste_riided,silver
8155,2024-10-26 00:00:00,2889,351.33,1,Boheemlaslik linane pullover,naiste_riided,silver
8429,2024-10-27 00:00:00,2530,133.76,2,Minimalistlik keraamiline sall,aksessuaarid,silver
8320,2024-10-27 00:00:00,4949,191.52,4,Praktiline klaasist sõrmkindad,aksessuaarid,bronze
8476,2024-10-27 00:00:00,4454,1107.88,4,Klassikaline kangast tennised,jalanõusid,silver
8189,2024-10-28 00:00:00,2175,201.86,1,Boheemlaslik polüester slim-fit särk,meeste_riided,null
8165,2024-10-28 00:00:00,2611,740.91,3,Minimalistlik džersii polo särk,meeste_riided,silver
8287,2024-10-28 00:00:00,3915,123.82,1,Luksuslik džersii chino püksid,meeste_riided,gold
8191,2024-10-29 00:00:00,3096,346.70,1,Praktiline viskoosne jakk,naiste_riided,gold
8210,2024-10-29 00:00:00,2346,120.74,2,Soe viskoosne skaterkleit,naiste_riided,null
8423,2024-10-29 00:00:00,2279,191.00,2,Õhuline viskoosne miniseelik,naiste_riided,null
8146,2024-10-30 00:00:00,4361,1384.85,5,Klassikaline kangast tennised,jalanõusid,bronze
8174,2024-10-30 00:00:00,3661,107.67,1,Vintage teksane chino püksid,meeste_riided,silver
8199,2024-10-30 00:00:00,2911,224.19,1,Boheemlaslik satiinne seelik,naiste_riided,null
8250,2024-10-30 00:00:00,2549,221.42,1,Moodne seemisnahkne oxfordid,jalanõusid,silver
8125,2024-10-30 00:00:00,2662,203.39,1,Boheemlaslik villane barett,aksessuaarid,silver
8267,2024-10-30 00:00:00,3358,81.85,1,Luksuslik džersii ülikond,meeste_riided,null
8360,2024-10-30 00:00:00,4102,605.58,3,Boheemlaslik polüester slim-fit särk,meeste_riided,null
8149,2024-10-31 00:00:00,2583,562.38,2,Moodne merino villane triiksärk,meeste_riided,null
8424,2024-10-31 00:00:00,4815,31.65,1,Trendikas trikoo jakk,laste_riided,null
8116,2024-10-31 00:00:00,3831,189.30,2,Minimalistlik trikoo pidžaama,laste_riided,silver
8285,2024-10-31 00:00:00,2889,221.42,1,Moodne seemisnahkne oxfordid,jalanõusid,silver
8845,2024-11-01 00:00:00,4071,216.18,2,Luksuslik satiinne teksapüksid,naiste_riided,silver
8774,2024-11-01 00:00:00,4895,221.89,1,Sportlik puuvillane slim-fit püksid,naiste_riided,bronze
8573,2024-11-01 00:00:00,4334,302.86,1,Õhuline sünteetiline rannasandaalid,jalanõusid,null
8800,2024-11-01 00:00:00,4826,274.78,1,Mugav linane linane kostüüm,meeste_riided,null
8761,2024-11-02 00:00:00,4334,253.26,1,Luksuslik puuvillane linane särk,meeste_riided,null
8832,2024-11-02 00:00:00,4949,676.86,2,Mugav tweed ülikond,meeste_riided,bronze
8520,2024-11-02 00:00:00,2824,166.46,2,Moodne kashmiir seelik,naiste_riided,silver
8568,2024-11-03 00:00:00,2032,215.58,1,Stiilne villane seljakott,aksessuaarid,bronze
8656,2024-11-03 00:00:00,2997,178.58,2,Klassikaline džersii bleiser,meeste_riided,gold
8596,2024-11-03 00:00:00,3238,127.92,3,Stiilne merino villane parka,naiste_riided,gold
8645,2024-11-03 00:00:00,2996,169.08,2,Minimalistlik nahkne derbyd,jalanõusid,gold
8697,2024-11-03 00:00:00,3524,437.16,3,Trendikas nahkne sõrmus,aksessuaarid,gold
8840,2024-11-03 00:00:00,4178,206.52,1,Kerge satiinne jakk,naiste_riided,null
8869,2024-11-04 00:00:00,4962,296.40,1,Klassikaline puuvillane skaterkleit,naiste_riided,silver
8545,2024-11-04 00:00:00,2258,15.09,1,Praktiline siidine rätik,aksessuaarid,null
8690,2024-11-04 00:00:00,2228,200.80,2,Elegantne puuvillane body,laste_riided,gold
8826,2024-11-04 00:00:00,2193,743.58,2,Luksuslik villane pahkluu saapad,jalanõusid,bronze
8678,2024-11-05 00:00:00,3205,276.20,1,Minimalistlik kashmiir bleiser,naiste_riided,null
8619,2024-11-05 00:00:00,4701,206.52,1,Kerge satiinne jakk,naiste_riided,null
8810,2024-11-05 00:00:00,2545,530.40,2,Sportlik linane jakk,naiste_riided,bronze
8736,2024-11-05 00:00:00,2067,221.19,1,Mugav goretex platvormi kontsad,jalanõusid,gold
8511,2024-11-06 00:00:00,2474,62.82,1,Trendikas villane dressikomplekt,laste_riided,null
8776,2024-11-06 00:00:00,3556,161.97,3,Moodne villane pühapäevakleit,laste_riided,silver
8751,2024-11-07 00:00:00,3576,1043.52,3,Luksuslik teksane polo särk,meeste_riided,bronze
8825,2024-11-07 00:00:00,3852,145.72,1,Trendikas nahkne sõrmus,aksessuaarid,null
8648,2024-11-07 00:00:00,2956,151.08,1,Moodne polüester slim-fit särk,meeste_riided,bronze
8773,2024-11-07 00:00:00,2671,234.91,1,Boheemlaslik nahkne talvesaapad,jalanõusid,bronze
8677,2024-11-08 00:00:00,3401,252.10,1,Soe sünteetiline sandaalid,jalanõusid,bronze
8560,2024-11-08 00:00:00,4774,747.75,5,Luksuslik keraamiline elastne vöö,aksessuaarid,bronze
8605,2024-11-08 00:00:00,2108,198.29,1,Mugav tweed kardigan,meeste_riided,bronze
8510,2024-11-08 00:00:00,4033,269.16,2,Vintage tweed smokingüklikond,meeste_riided,silver
8794,2024-11-09 00:00:00,3283,368.14,2,Õhuline puuvillane kampsun,meeste_riided,null
8651,2024-11-09 00:00:00,4342,-332.54,2,Praktiline merino villane pusa,naiste_riided,silver
8548,2024-11-09 00:00:00,3947,72.73,1,Minimalistlik džersii chino püksid,naiste_riided,null
8828,2024-11-09 00:00:00,2464,218.84,2,Elegantne villane kaabu,aksessuaarid,bronze
8600,2024-11-10 00:00:00,4896,361.77,3,Elegantne tweed smokingüklikond,meeste_riided,null
8713,2024-11-10 00:00:00,2775,17.97,1,Luksuslik nahkne käekott,aksessuaarid,null
8851,2024-11-10 00:00:00,3545,1124.76,4,Moodne merino villane triiksärk,meeste_riided,null
8866,2024-11-10 00:00:00,4178,100.40,1,Elegantne puuvillane body,laste_riided,null
8762,2024-11-10 00:00:00,2743,241.13,1,Õhuline seemisnahkne rannasandaalid,jalanõusid,null
8739,2024-11-10 00:00:00,2027,210.76,1,Soe puuvillane teksapüksid,naiste_riided,gold
8747,2024-11-11 00:00:00,4918,291.44,2,Trendikas nahkne sõrmus,aksessuaarid,silver
8660,2024-11-11 00:00:00,2696,876.25,5,Soe polüester cargo püksid,meeste_riided,bronze
8732,2024-11-11 00:00:00,2556,203.67,1,Moodne džersii slim-fit ülikond,meeste_riided,gold
8777,2024-11-11 00:00:00,2336,659.98,2,Õhuline nahkne sporditossud,jalanõusid,null
8797,2024-11-11 00:00:00,4903,274.37,1,Trendikas puuvillane skaterkleit,naiste_riided,bronze
8609,2024-11-11 00:00:00,4178,279.39,3,Elegantne kangast kindad,aksessuaarid,null
8755,2024-11-12 00:00:00,2215,250.72,2,Moodne fliisist teksapüksid,laste_riided,gold
8879,2024-11-12 00:00:00,4613,132.30,1,Luksuslik goretex derbyd,jalanõusid,gold
8887,2024-11-12 00:00:00,2882,421.74,2,Soe linane mantelpaltoo,meeste_riided,bronze
8730,2024-11-12 00:00:00,4122,111.26,1,Vintage viskoosne püksid,naiste_riided,gold
8640,2024-11-13 00:00:00,2208,78.09,1,Minimalistlik viskoosne skaterkleit,naiste_riided,silver
8801,2024-11-13 00:00:00,2535,52.04,1,Elegantne orgaaniline kleit,laste_riided,null
8725,2024-11-13 00:00:00,2044,158.94,1,Trendikas goretex chelsea botased,jalanõusid,bronze
8737,2024-11-13 00:00:00,2028,47.88,1,Praktiline klaasist sõrmkindad,aksessuaarid,gold
8685,2024-11-14 00:00:00,3810,58.49,1,Luksuslik nahkne madalad kontsad,jalanõusid,null
8741,2024-11-14 00:00:00,4501,62.82,1,Trendikas villane dressikomplekt,laste_riided,bronze
8509,2024-11-14 00:00:00,3773,167.16,4,Minimalistlik softshell alussärk,laste_riided,null
8820,2024-11-14 00:00:00,4466,353.30,2,Praktiline kangast elastne vöö,aksessuaarid,bronze
8750,2024-11-15 00:00:00,3848,83.58,2,Minimalistlik softshell alussärk,laste_riided,null
8805,2024-11-15 00:00:00,4301,16.37,1,Soe siidine kaelakee,aksessuaarid,gold
8626,2024-11-16 00:00:00,4450,291.44,2,Trendikas nahkne sõrmus,aksessuaarid,null
8576,2024-11-17 00:00:00,4023,234.79,1,Soe teksane chino püksid,meeste_riided,silver
8804,2024-11-18 00:00:00,3178,229.55,1,Elegantne džersii cargo püksid,naiste_riided,null
8759,2024-11-18 00:00:00,2519,189.30,2,Minimalistlik trikoo pidžaama,laste_riided,null
8807,2024-11-19 00:00:00,4206,1053.99,3,Boheemlaslik linane pullover,naiste_riided,null
8771,2024-11-20 00:00:00,3863,243.93,1,Soe polüester smokingüklikond,meeste_riided,null
8765,2024-11-20 00:00:00,4710,65.60,1,Elegantne puust kootud müts,aksessuaarid,silver
8757,2024-11-21 00:00:00,3253,617.67,3,Stiilne puust müts,aksessuaarid,silver
8563,2024-11-21 00:00:00,4488,94.76,2,Õhuline softshell dressikomplekt,laste_riided,silver
8523,2024-11-22 00:00:00,2222,417.44,2,Praktiline kangast reisikott,aksessuaarid,null
8748,2024-11-22 00:00:00,3660,599.40,3,Õhuline villane sõrmus,aksessuaarid,silver
8693,2024-11-22 00:00:00,4307,1211.44,4,Õhuline sünteetiline rannasandaalid,jalanõusid,null
8504,2024-11-23 00:00:00,4664,221.42,1,Moodne seemisnahkne oxfordid,jalanõusid,gold
8758,2024-11-23 00:00:00,3810,53.99,1,Moodne villane pühapäevakleit,laste_riided,null
8557,2024-11-23 00:00:00,4653,22.70,1,Minimalistlik puuvillane pidžaama,laste_riided,gold
8699,2024-11-23 00:00:00,2020,648.76,2,Boheemlaslik kangast rannasandaalid,jalanõusid,silver
8882,2024-11-23 00:00:00,4018,106.02,2,Trendikas flanellne mantelpaltoo,meeste_riided,null
8658,2024-11-24 00:00:00,3284,407.34,2,Moodne džersii slim-fit ülikond,meeste_riided,null
8696,2024-11-24 00:00:00,2708,31.65,1,Trendikas trikoo jakk,laste_riided,bronze
8525,2024-11-24 00:00:00,2889,603.94,2,Kerge džersii pluus,naiste_riided,silver
8599,2024-11-24 00:00:00,4297,388.92,2,Soe džersii cargo püksid,naiste_riided,bronze
8659,2024-11-25 00:00:00,4293,655.26,3,Elegantne flanellne cargo püksid,meeste_riided,gold
8756,2024-11-25 00:00:00,3618,163.64,1,Minimalistlik sünteetiline saapad,jalanõusid,gold
8724,2024-11-25 00:00:00,4451,229.60,2,Stiilne fliisist komplekt,laste_riided,null
8767,2024-11-25 00:00:00,2889,81.85,1,Luksuslik džersii ülikond,meeste_riided,silver
8711,2024-11-25 00:00:00,2535,28.56,1,Trendikas keraamiline sõrmkindad,aksessuaarid,null
8589,2024-11-25 00:00:00,3134,193.00,2,Sportlik puuvillane smokingüklikond,meeste_riided,null
8582,2024-11-25 00:00:00,3556,583.38,3,Soe džersii cargo püksid,naiste_riided,silver
8517,2024-11-25 00:00:00,2685,51.58,1,Soe puuvillane chino püksid,laste_riided,bronze
8552,2024-11-25 00:00:00,4929,112.68,1,Minimalistlik softshell cargo püksid,laste_riided,gold
8546,2024-11-25 00:00:00,4178,776.73,3,Mugav merino villane cargo püksid,meeste_riided,null
8680,2024-11-25 00:00:00,2645,84.41,1,Minimalistlik seemisnahkne chelsea botased,jalanõusid,null
8783,2024-11-26 00:00:00,3722,62.56,1,Boheemlaslik kangast reisikott,aksessuaarid,bronze
8802,2024-11-26 00:00:00,3556,121.60,2,Mugav puuvillane pühapäevakleit,laste_riided,silver
8653,2024-11-27 00:00:00,2354,328.86,3,Soe džersii suvekleit,naiste_riided,bronze
8754,2024-11-27 00:00:00,4466,704.73,3,Boheemlaslik nahkne talvesaapad,jalanõusid,bronze
8770,2024-11-27 00:00:00,4314,371.46,3,Luksuslik džersii chino püksid,meeste_riided,null
8763,2024-11-27 00:00:00,2538,287.61,3,Sportlik softshell teksapüksid,laste_riided,silver
8809,2024-11-27 00:00:00,2221,708.10,5,Moodne orgaaniline skaterkleit,laste_riided,null
8538,2024-11-27 00:00:00,4949,116.20,1,Stiilne linane tuulejope,meeste_riided,bronze
8861,2024-11-27 00:00:00,3233,148.82,2,Elegantne villane platvorm sandaalid,jalanõusid,null
8883,2024-11-28 00:00:00,2255,160.91,1,Praktiline polüester casual särk,meeste_riided,null
8854,2024-11-28 00:00:00,2862,1036.92,4,Kerge linane teksapüksid,meeste_riided,null
8522,2024-11-28 00:00:00,3432,666.30,3,Trendikas viskoosne tuulejope,naiste_riided,silver
8837,2024-11-29 00:00:00,2955,208.72,1,Praktiline kangast reisikott,aksessuaarid,null
8631,2024-11-29 00:00:00,4443,105.23,1,Soe trikoo pühapäevakleit,laste_riided,gold
8760,2024-11-29 00:00:00,2298,140.64,1,Minimalistlik villane bleiser,laste_riided,silver
8625,2024-11-29 00:00:00,2220,224.19,1,Boheemlaslik satiinne seelik,naiste_riided,gold
8528,2024-11-29 00:00:00,2411,221.19,1,Mugav goretex platvormi kontsad,jalanõusid,silver
8875,2024-11-29 00:00:00,4142,106.71,1,Vintage metallist seljakott,aksessuaarid,silver
8786,2024-11-30 00:00:00,3137,773.55,5,Klassikaline linane parka,meeste_riided,null
8606,2024-11-30 00:00:00,2380,236.90,5,Õhuline softshell dressikomplekt,laste_riided,gold
8858,2024-11-30 00:00:00,2821,106.69,1,Moodne flanellne triiksärk,meeste_riided,bronze
9308,2024-12-01 00:00:00,3419,256.74,2,Mugav fliisist alussärk,laste_riided,null
8936,2024-12-01 00:00:00,3112,638.84,2,Praktiline džersii seelik,naiste_riided,gold
8910,2024-12-01 00:00:00,2964,388.92,2,Soe džersii cargo püksid,naiste_riided,gold
9152,2024-12-01 00:00:00,4980,585.22,2,Sportlik villane tossud,jalanõusid,null
9001,2024-12-01 00:00:00,3367,1520.70,5,Trendikas viskoosne topik,naiste_riided,null
8933,2024-12-01 00:00:00,4432,41.79,1,Minimalistlik softshell alussärk,laste_riided,null
9225,2024-12-01 00:00:00,4949,291.36,1,Trendikas džersii pullover,naiste_riided,bronze
8921,2024-12-01 00:00:00,2154,271.35,1,Vintage villane rannasandaalid,jalanõusid,gold
8911,2024-12-02 00:00:00,3064,229.55,1,Elegantne džersii cargo püksid,naiste_riided,silver
9248,2024-12-02 00:00:00,3833,168.82,1,Vintage fliisist koolikomplekt,laste_riided,silver
9146,2024-12-02 00:00:00,3857,1054.86,3,Sportlik džersii ülikond,meeste_riided,null
9051,2024-12-03 00:00:00,3131,41.79,1,Minimalistlik softshell alussärk,laste_riided,null
9011,2024-12-03 00:00:00,2523,234.10,2,Trendikas kangast nokamüts,aksessuaarid,null
9255,2024-12-03 00:00:00,2495,823.50,3,Luksuslik polüester V-kaelusega kampsun,meeste_riided,gold
9319,2024-12-03 00:00:00,4674,165.12,3,Minimalistlik villane pühapäevakleit,laste_riided,bronze
9157,2024-12-03 00:00:00,2889,106.21,1,Luksuslik fliisist komplekt,laste_riided,silver
9289,2024-12-03 00:00:00,3396,438.38,2,Elegantne linane bleiser,naiste_riided,null
9221,2024-12-03 00:00:00,3314,828.60,3,Minimalistlik kashmiir bleiser,naiste_riided,null
9036,2024-12-04 00:00:00,3810,304.26,2,Mugav polüester püksid,meeste_riided,null
9172,2024-12-04 00:00:00,3605,113.86,1,Trendikas villane nahkkindad,aksessuaarid,null
9178,2024-12-04 00:00:00,4023,247.28,2,Praktiline puuvillane teksapüksid,laste_riided,silver
9441,2024-12-04 00:00:00,4642,336.68,2,Mugav merino villane dressipluus,naiste_riided,null
9212,2024-12-04 00:00:00,4178,1501.36,4,Soe sünteetiline loaferid,jalanõusid,null
9041,2024-12-04 00:00:00,4316,194.46,1,Soe džersii cargo püksid,naiste_riided,null
9100,2024-12-04 00:00:00,2233,989.97,3,Õhuline nahkne sporditossud,jalanõusid,null
8965,2024-12-05 00:00:00,4717,1107.10,5,Moodne seemisnahkne oxfordid,jalanõusid,silver
9428,2024-12-05 00:00:00,4873,565.90,2,Sportlik džersii parka,naiste_riided,gold
9044,2024-12-05 00:00:00,3556,704.73,3,Boheemlaslik nahkne talvesaapad,jalanõusid,silver
9257,2024-12-05 00:00:00,3210,116.98,2,Luksuslik nahkne madalad kontsad,jalanõusid,gold
9200,2024-12-05 00:00:00,4410,209.70,2,Soe puuvillane pühapäevakleit,laste_riided,gold
9310,2024-12-05 00:00:00,2886,149.40,2,Luksuslik villane saapad,jalanõusid,null
9405,2024-12-05 00:00:00,4368,78.09,1,Minimalistlik viskoosne skaterkleit,naiste_riided,gold
9114,2024-12-05 00:00:00,4807,96.11,1,Sportlik goretex nahk sandaalid,jalanõusid,null
9168,2024-12-05 00:00:00,3722,81.85,1,Luksuslik džersii ülikond,meeste_riided,bronze
9346,2024-12-05 00:00:00,2221,632.61,3,Soe linane mantelpaltoo,meeste_riided,null
9049,2024-12-06 00:00:00,3476,442.84,2,Moodne seemisnahkne oxfordid,jalanõusid,null
9151,2024-12-06 00:00:00,2955,749.08,2,Vintage tweed kampsun,meeste_riided,null
8925,2024-12-06 00:00:00,4169,320.42,2,Boheemlaslik merino villane cargo püksid,meeste_riided,null
9222,2024-12-06 00:00:00,3252,388.00,5,Klassikaline flanellne smokingüklikond,meeste_riided,bronze
8969,2024-12-06 00:00:00,4400,144.28,2,Vintage villane püksid,laste_riided,null
8983,2024-12-06 00:00:00,2428,405.14,2,Moodne kashmiir plisseeseelik,naiste_riided,bronze
9353,2024-12-06 00:00:00,4018,74.81,1,Õhuline siidine kaelakee,aksessuaarid,null
9195,2024-12-06 00:00:00,2832,889.20,3,Klassikaline puuvillane skaterkleit,naiste_riided,null
9425,2024-12-07 00:00:00,2026,95.39,1,Klassikaline kangast nahkkindad,aksessuaarid,null
9344,2024-12-07 00:00:00,3959,844.10,5,Vintage fliisist koolikomplekt,laste_riided,null
8900,2024-12-07 00:00:00,4991,110.53,1,Kerge teksane slim-fit ülikond,meeste_riided,bronze
9199,2024-12-08 00:00:00,2403,281.19,1,Moodne merino villane triiksärk,meeste_riided,gold
8972,2024-12-08 00:00:00,4949,130.02,1,Mugav puuvillane suvekleit,laste_riided,bronze
8975,2024-12-08 00:00:00,2335,438.38,2,Elegantne linane bleiser,naiste_riided,silver
9204,2024-12-08 00:00:00,3605,1174.55,5,Boheemlaslik nahkne talvesaapad,jalanõusid,null
9010,2024-12-08 00:00:00,3337,549.56,2,Mugav linane linane kostüüm,meeste_riided,bronze
9256,2024-12-09 00:00:00,4396,53.01,1,Trendikas flanellne mantelpaltoo,meeste_riided,gold
9161,2024-12-09 00:00:00,4687,218.99,1,Boheemlaslik džersii teksapüksid,naiste_riided,gold
9110,2024-12-09 00:00:00,4949,935.80,5,Trendikas sünteetiline platvorm sandaalid,jalanõusid,bronze
9378,2024-12-09 00:00:00,4530,45.40,2,Vintage villane kangasvöö,aksessuaarid,null
9345,2024-12-09 00:00:00,4534,217.80,3,Praktiline trikoo püksid,laste_riided,gold
8918,2024-12-10 00:00:00,4230,402.62,1,Klassikaline seemisnahkne jooksutossud,jalanõusid,silver
8958,2024-12-10 00:00:00,3449,265.20,1,Sportlik linane jakk,naiste_riided,bronze
9085,2024-12-10 00:00:00,3534,178.78,2,Klassikaline linane mantelpaltoo,meeste_riided,null
8895,2024-12-11 00:00:00,3775,171.24,3,Kerge puust barett,aksessuaarid,gold
9258,2024-12-11 00:00:00,2221,675.84,3,Moodne keraamiline nahkvöö,aksessuaarid,null
9391,2024-12-11 00:00:00,4589,896.76,4,Boheemlaslik satiinne seelik,naiste_riided,gold
9140,2024-12-11 00:00:00,4825,624.33,3,Klassikaline flanellne cargo püksid,meeste_riided,null
9340,2024-12-11 00:00:00,4407,594.87,3,Mugav tweed kardigan,meeste_riided,null
8923,2024-12-12 00:00:00,2852,229.60,2,Stiilne fliisist komplekt,laste_riided,silver
9273,2024-12-12 00:00:00,2775,627.15,3,Stiilne kashmiir jakk,naiste_riided,null
9054,2024-12-12 00:00:00,2826,312.26,2,Õhuline nahkne elastne vöö,aksessuaarid,null
9083,2024-12-12 00:00:00,2222,278.59,1,Kerge flanellne kardigan,meeste_riided,null
8916,2024-12-12 00:00:00,2770,529.95,3,Praktiline kangast elastne vöö,aksessuaarid,gold
9300,2024-12-12 00:00:00,3648,42.64,1,Stiilne merino villane parka,naiste_riided,silver
8971,2024-12-13 00:00:00,4153,158.51,1,Elegantne kashmiir tuulejope,naiste_riided,gold
9335,2024-12-13 00:00:00,2899,288.56,4,Vintage villane püksid,laste_riided,null
9055,2024-12-13 00:00:00,4949,138.90,1,Soe polüester slim-fit püksid,meeste_riided,bronze
9218,2024-12-13 00:00:00,4177,78.09,1,Minimalistlik viskoosne skaterkleit,naiste_riided,bronze
8988,2024-12-14 00:00:00,2075,70.01,1,Praktiline flanellne linane särk,meeste_riided,null
8939,2024-12-14 00:00:00,4882,237.71,1,Klassikaline viskoosne õhtukleit,naiste_riided,null
8957,2024-12-14 00:00:00,2539,93.70,1,Elegantne linane linane särk,meeste_riided,gold
9123,2024-12-14 00:00:00,2850,634.04,4,Elegantne kashmiir tuulejope,naiste_riided,silver
8914,2024-12-14 00:00:00,2197,493.94,2,Minimalistlik džersii polo särk,meeste_riided,null
9240,2024-12-15 00:00:00,4779,972.85,5,Kerge metallist labakindad,aksessuaarid,null
8919,2024-12-15 00:00:00,3357,270.69,1,Soe nahkne platvormi kontsad,jalanõusid,silver
9094,2024-12-15 00:00:00,3618,740.91,3,Minimalistlik džersii polo särk,meeste_riided,gold
9090,2024-12-15 00:00:00,2382,107.98,2,Moodne villane pühapäevakleit,laste_riided,bronze
9173,2024-12-16 00:00:00,4081,141.62,1,Moodne orgaaniline skaterkleit,laste_riided,null
9422,2024-12-16 00:00:00,2485,35.68,1,Moodne puuvillane komplekt,laste_riided,gold
9423,2024-12-16 00:00:00,4686,274.37,1,Trendikas puuvillane skaterkleit,naiste_riided,null
9247,2024-12-16 00:00:00,3935,298.71,3,Vintage softshell alussärk,laste_riided,gold
9430,2024-12-16 00:00:00,2387,258.91,1,Mugav merino villane cargo püksid,meeste_riided,bronze
9060,2024-12-16 00:00:00,3350,491.18,2,Boheemlaslik merino villane kapuutsiga pusa,naiste_riided,silver
9284,2024-12-17 00:00:00,3246,46.90,2,Moodne nahkne müts,aksessuaarid,gold
8951,2024-12-17 00:00:00,4879,121.98,1,Luksuslik keraamiline seljakott,aksessuaarid,null
9412,2024-12-17 00:00:00,3921,47.07,1,Boheemlaslik klaasist kaelakee,aksessuaarid,null
9259,2024-12-18 00:00:00,4949,438.38,2,Elegantne linane bleiser,naiste_riided,bronze
9295,2024-12-18 00:00:00,2302,964.52,4,Õhuline seemisnahkne rannasandaalid,jalanõusid,silver
9442,2024-12-19 00:00:00,3618,168.82,1,Vintage fliisist koolikomplekt,laste_riided,gold
9158,2024-12-19 00:00:00,3234,189.30,2,Minimalistlik trikoo pidžaama,laste_riided,bronze
9320,2024-12-19 00:00:00,2062,306.22,2,Minimalistlik puust kootud müts,aksessuaarid,gold
9401,2024-12-20 00:00:00,2693,368.14,2,Õhuline puuvillane kampsun,meeste_riided,bronze
9294,2024-12-20 00:00:00,4797,426.76,4,Moodne flanellne triiksärk,meeste_riided,null
9351,2024-12-20 00:00:00,3010,237.71,1,Klassikaline viskoosne õhtukleit,naiste_riided,gold
9103,2024-12-20 00:00:00,2474,222.52,2,Vintage viskoosne püksid,naiste_riided,null
9111,2024-12-20 00:00:00,3974,53.01,1,Trendikas flanellne mantelpaltoo,meeste_riided,null
9135,2024-12-20 00:00:00,3764,30.05,1,Trendikas fliisist tuulejope,laste_riided,null
9305,2024-12-20 00:00:00,2566,132.30,1,Luksuslik goretex derbyd,jalanõusid,null
9047,2024-12-20 00:00:00,4949,553.94,2,Klassikaline kangast tennised,jalanõusid,bronze
9040,2024-12-20 00:00:00,4634,189.30,2,Minimalistlik trikoo pidžaama,laste_riided,silver
9355,2024-12-21 00:00:00,3618,53.99,1,Moodne villane pühapäevakleit,laste_riided,gold
9234,2024-12-21 00:00:00,3101,332.54,2,Vintage siidine skaterkleit,naiste_riided,null
9304,2024-12-21 00:00:00,2735,182.77,1,Elegantne siidine teksapüksid,naiste_riided,gold
9358,2024-12-21 00:00:00,2889,144.20,1,Mugav flanellne parka,meeste_riided,silver
8930,2024-12-21 00:00:00,4572,-569.30,5,Trendikas villane nahkkindad,aksessuaarid,gold
9420,2024-12-22 00:00:00,2782,124.89,3,Minimalistlik puuvillane tuunika,naiste_riided,null
9112,2024-12-22 00:00:00,3406,-469.58,2,Soe teksane chino püksid,meeste_riided,bronze
9217,2024-12-22 00:00:00,3043,256.88,2,Elegantne orgaaniline tuulejope,laste_riided,gold
9371,2024-12-22 00:00:00,3131,341.58,3,Trendikas villane nahkkindad,aksessuaarid,null
9328,2024-12-22 00:00:00,3874,147.58,1,Mugav kangast sandaalid,jalanõusid,null
9379,2024-12-22 00:00:00,4817,1029.45,5,Stiilne puust müts,aksessuaarid,null
9427,2024-12-23 00:00:00,2509,514.78,2,Moodne kashmiir pullover,naiste_riided,null
8982,2024-12-23 00:00:00,3706,566.48,4,Moodne orgaaniline skaterkleit,laste_riided,null
9348,2024-12-23 00:00:00,4748,749.08,2,Vintage tweed kampsun,meeste_riided,null
9359,2024-12-23 00:00:00,2661,107.67,1,Vintage teksane chino püksid,meeste_riided,null
9437,2024-12-23 00:00:00,3035,871.65,3,Vintage džersii tuunika,naiste_riided,null
9133,2024-12-24 00:00:00,3679,277.80,2,Soe polüester slim-fit püksid,meeste_riided,gold
9326,2024-12-24 00:00:00,4392,332.54,2,Vintage siidine skaterkleit,naiste_riided,bronze
9339,2024-12-24 00:00:00,2401,171.33,1,Soe teksane bleiser,meeste_riided,bronze
9394,2024-12-24 00:00:00,4567,53.01,1,Trendikas flanellne mantelpaltoo,meeste_riided,bronze
9045,2024-12-24 00:00:00,3434,-558.96,4,Trendikas džersii miniseelik,naiste_riided,gold
9203,2024-12-25 00:00:00,3343,60.10,2,Trendikas fliisist tuulejope,laste_riided,silver
9376,2024-12-25 00:00:00,2785,698.70,5,Trendikas džersii miniseelik,naiste_riided,null
9208,2024-12-25 00:00:00,2804,281.28,2,Minimalistlik villane bleiser,laste_riided,null
9411,2024-12-25 00:00:00,2027,95.39,1,Klassikaline kangast nahkkindad,aksessuaarid,gold
9311,2024-12-25 00:00:00,4729,151.08,1,Vintage merino villane tuulejope,meeste_riided,null
9333,2024-12-26 00:00:00,3890,542.70,2,Vintage villane rannasandaalid,jalanõusid,null
9317,2024-12-26 00:00:00,3350,160.78,2,Luksuslik villane bleiser,laste_riided,silver
9436,2024-12-27 00:00:00,4118,221.89,1,Sportlik puuvillane slim-fit püksid,naiste_riided,silver
8902,2024-12-27 00:00:00,3076,245.59,1,Boheemlaslik merino villane kapuutsiga pusa,naiste_riided,bronze
9306,2024-12-27 00:00:00,4012,173.62,1,Elegantne siidine müts,aksessuaarid,null
9068,2024-12-28 00:00:00,4391,713.14,2,Õhuline tweed püksid,meeste_riided,bronze
9155,2024-12-28 00:00:00,4830,145.46,2,Minimalistlik džersii chino püksid,naiste_riided,bronze
8976,2024-12-28 00:00:00,2633,123.64,1,Praktiline puuvillane teksapüksid,laste_riided,gold
9362,2024-12-28 00:00:00,3350,1032.60,5,Kerge satiinne jakk,naiste_riided,silver
9329,2024-12-28 00:00:00,4864,89.39,1,Klassikaline linane mantelpaltoo,meeste_riided,bronze
9115,2024-12-28 00:00:00,4325,127.92,3,Stiilne merino villane parka,naiste_riided,silver
9165,2024-12-28 00:00:00,2195,136.30,1,Luksuslik orgaaniline pühapäevakleit,laste_riided,gold
9206,2024-12-28 00:00:00,4328,243.93,1,Soe polüester smokingüklikond,meeste_riided,bronze
9314,2024-12-28 00:00:00,2684,546.12,2,Boheemlaslik goretex kingad,jalanõusid,null
9177,2024-12-29 00:00:00,4148,125.98,1,Kerge viskoosne suvekleit,naiste_riided,null
9052,2024-12-29 00:00:00,3722,1114.36,4,Kerge flanellne kardigan,meeste_riided,bronze
8915,2024-12-29 00:00:00,4334,319.98,1,Praktiline kangast kõrge kontsaga kingad,jalanõusid,null
9193,2024-12-29 00:00:00,2726,145.72,1,Trendikas nahkne sõrmus,aksessuaarid,silver
9101,2024-12-29 00:00:00,2775,634.05,3,Moodne viskoosne plisseeseelik,naiste_riided,null
9433,2024-12-29 00:00:00,4206,421.52,2,Soe puuvillane teksapüksid,naiste_riided,null
9272,2024-12-29 00:00:00,4596,153.62,1,Praktiline seemisnahkne saapad,jalanõusid,bronze
9159,2024-12-30 00:00:00,4696,111.26,1,Vintage viskoosne püksid,naiste_riided,silver
9282,2024-12-30 00:00:00,2302,462.26,2,Luksuslik metallist labakindad,aksessuaarid,silver
9171,2024-12-30 00:00:00,4585,319.98,1,Praktiline kangast kõrge kontsaga kingad,jalanõusid,bronze
9307,2024-12-30 00:00:00,4295,159.18,2,Soe teksane smokingüklikond,meeste_riided,null
9057,2024-12-30 00:00:00,2252,346.70,1,Praktiline viskoosne jakk,naiste_riided,null
9213,2024-12-30 00:00:00,3350,207.23,1,Minimalistlik villane nahk sandaalid,jalanõusid,silver
9019,2024-12-30 00:00:00,4119,458.02,2,Boheemlaslik tweed smokingüklikond,meeste_riided,null
8970,2024-12-30 00:00:00,2154,206.34,1,Soe seemisnahkne jooksutossud,jalanõusid,gold
8932,2024-12-30 00:00:00,3943,117.05,1,Trendikas kangast nokamüts,aksessuaarid,bronze
9404,2024-12-30 00:00:00,2729,451.62,2,Klassikaline kashmiir pusa,naiste_riided,null
9301,2024-12-31 00:00:00,3064,71.36,2,Moodne puuvillane komplekt,laste_riided,silver
9189,2024-12-31 00:00:00,3490,107.36,1,Vintage orgaaniline komplekt,laste_riided,bronze
9207,2024-12-31 00:00:00,2154,243.93,1,Soe polüester smokingüklikond,meeste_riided,gold
8984,2024-12-31 00:00:00,3428,583.44,2,Õhuline sünteetiline kõrge kontsaga kingad,jalanõusid,null
9233,2024-12-31 00:00:00,4644,204.87,1,Praktiline villane kott,aksessuaarid,null
9154,2024-12-31 00:00:00,4196,89.29,1,Klassikaline džersii bleiser,meeste_riided,silver
8937,2024-12-31 00:00:00,2464,243.93,1,Soe polüester smokingüklikond,meeste_riided,bronze
9373,2024-12-31 00:00:00,2244,320.42,2,Boheemlaslik merino villane cargo püksid,meeste_riided,gold
9229,2024-12-31 00:00:00,4076,221.06,2,Kerge teksane slim-fit ülikond,meeste_riided,gold
9118,2024-12-31 00:00:00,4346,549.00,2,Luksuslik polüester V-kaelusega kampsun,meeste_riided,gold
9620,2025-01-01 00:00:00,2758,147.16,1,Moodne keraamiline sall,aksessuaarid,gold
9524,2025-01-02 00:00:00,3367,184.02,1,Trendikas kangast kindad,aksessuaarid,null
9652,2025-01-02 00:00:00,3692,506.52,2,Luksuslik puuvillane linane särk,meeste_riided,bronze
9762,2025-01-02 00:00:00,3722,142.57,1,Sportlik linane bleiser,meeste_riided,bronze
9622,2025-01-03 00:00:00,4459,273.32,1,Soe seemisnahkne nahk sandaalid,jalanõusid,silver
9461,2025-01-04 00:00:00,2409,111.26,1,Vintage viskoosne püksid,naiste_riided,silver
9468,2025-01-04 00:00:00,2459,53.24,2,Luksuslik softshell komplekt,laste_riided,null
9549,2025-01-04 00:00:00,3521,86.46,1,Moodne trikoo koolikomplekt,laste_riided,silver
9627,2025-01-04 00:00:00,4998,307.83,1,Õhuline linane jakk,naiste_riided,bronze
9664,2025-01-04 00:00:00,2115,896.75,5,Luksuslik puuvillane jakk,naiste_riided,silver
9754,2025-01-04 00:00:00,3258,99.57,1,Vintage softshell alussärk,laste_riided,gold
9732,2025-01-04 00:00:00,4284,155.84,1,Elegantne keraamiline rahakott,aksessuaarid,gold
9645,2025-01-05 00:00:00,3334,116.10,3,Praktiline puuvillane sukkpüksid,laste_riided,bronze
9719,2025-01-05 00:00:00,2944,731.79,3,Soe polüester smokingüklikond,meeste_riided,null
9610,2025-01-05 00:00:00,3715,552.40,2,Minimalistlik kashmiir bleiser,naiste_riided,null
9758,2025-01-05 00:00:00,2775,282.29,1,Sportlik kangast tennised,jalanõusid,null
9636,2025-01-05 00:00:00,2272,371.05,1,Trendikas goretex oxfordid,jalanõusid,null
9650,2025-01-06 00:00:00,4087,368.30,2,Stiilne villane sõrmkindad,aksessuaarid,bronze
9755,2025-01-06 00:00:00,2348,351.33,1,Boheemlaslik linane pullover,naiste_riided,bronze
9566,2025-01-06 00:00:00,4474,590.73,3,Sportlik džersii püksid,meeste_riided,bronze
9446,2025-01-06 00:00:00,4509,204.87,1,Praktiline villane kott,aksessuaarid,silver
9454,2025-01-06 00:00:00,3311,194.46,1,Soe džersii cargo püksid,naiste_riided,bronze
9458,2025-01-06 00:00:00,4944,443.76,3,Minimalistlik fliisist slim-fit püksid,laste_riided,null
9552,2025-01-06 00:00:00,4736,493.94,2,Minimalistlik džersii polo särk,meeste_riided,bronze
9675,2025-01-06 00:00:00,3125,160.71,1,Stiilne džersii püksid,meeste_riided,bronze
9671,2025-01-07 00:00:00,2221,139.74,1,Trendikas džersii miniseelik,naiste_riided,null
9626,2025-01-07 00:00:00,3810,62.55,1,Soe kangast nahk sandaalid,jalanõusid,null
9651,2025-01-07 00:00:00,3618,253.26,1,Luksuslik puuvillane linane särk,meeste_riided,gold
9561,2025-01-07 00:00:00,3474,53.24,2,Luksuslik softshell komplekt,laste_riided,bronze
9525,2025-01-09 00:00:00,4160,159.25,1,Õhuline flanellne V-kaelusega kampsun,meeste_riided,silver
9558,2025-01-09 00:00:00,3834,912.42,3,Trendikas viskoosne topik,naiste_riided,silver
9527,2025-01-10 00:00:00,3159,47.88,1,Praktiline klaasist sõrmkindad,aksessuaarid,gold
9644,2025-01-10 00:00:00,2456,1239.05,5,Vintage linane bleiser,meeste_riided,gold
9544,2025-01-10 00:00:00,2215,163.64,1,Minimalistlik sünteetiline saapad,jalanõusid,gold
9545,2025-01-10 00:00:00,4844,319.98,1,Praktiline kangast kõrge kontsaga kingad,jalanõusid,null
9551,2025-01-10 00:00:00,3050,160.71,1,Stiilne džersii püksid,meeste_riided,bronze
9617,2025-01-11 00:00:00,4774,448.38,2,Boheemlaslik satiinne seelik,naiste_riided,bronze
9550,2025-01-11 00:00:00,4471,110.02,1,Moodne viskoosne teksapüksid,naiste_riided,silver
9596,2025-01-11 00:00:00,2806,131.04,2,Luksuslik goretex tennised,jalanõusid,gold
9547,2025-01-11 00:00:00,4663,316.04,1,Trendikas džersii slim-fit püksid,meeste_riided,null
9574,2025-01-12 00:00:00,4015,319.42,1,Praktiline džersii seelik,naiste_riided,null
9621,2025-01-12 00:00:00,3780,282.95,1,Sportlik džersii parka,naiste_riided,gold
9534,2025-01-12 00:00:00,4767,593.16,2,Luksuslik flanellne smokingüklikond,meeste_riided,null
9588,2025-01-13 00:00:00,2687,1544.20,5,Boheemlaslik puuvillane tuulejope,naiste_riided,null
9590,2025-01-13 00:00:00,4717,336.68,2,Mugav merino villane dressipluus,naiste_riided,silver
9706,2025-01-14 00:00:00,3257,132.30,1,Luksuslik goretex derbyd,jalanõusid,null
9584,2025-01-14 00:00:00,4782,109.62,1,Soe džersii suvekleit,naiste_riided,gold
9467,2025-01-14 00:00:00,3194,664.26,3,Moodne seemisnahkne oxfordid,jalanõusid,null
9680,2025-01-14 00:00:00,4206,133.76,2,Minimalistlik keraamiline sall,aksessuaarid,null
9519,2025-01-15 00:00:00,2229,592.80,2,Klassikaline puuvillane skaterkleit,naiste_riided,bronze
9740,2025-01-15 00:00:00,3350,107.67,1,Vintage teksane chino püksid,meeste_riided,silver
9684,2025-01-15 00:00:00,2288,1736.32,4,Õhuline sünteetiline sporditossud,jalanõusid,null
9714,2025-01-16 00:00:00,3810,252.84,2,Sportlik merino villane ülikond,meeste_riided,null
9605,2025-01-16 00:00:00,3143,130.00,2,Vintage seemisnahkne jooksutossud,jalanõusid,gold
9494,2025-01-16 00:00:00,2363,768.10,5,Praktiline seemisnahkne saapad,jalanõusid,gold
9715,2025-01-16 00:00:00,4331,314.55,3,Soe puuvillane pühapäevakleit,laste_riided,silver
9582,2025-01-16 00:00:00,3144,252.10,1,Soe sünteetiline sandaalid,jalanõusid,bronze
9725,2025-01-16 00:00:00,2814,47.88,1,Praktiline klaasist sõrmkindad,aksessuaarid,bronze
9496,2025-01-16 00:00:00,2837,104.85,1,Soe puuvillane pühapäevakleit,laste_riided,null
9694,2025-01-17 00:00:00,3713,141.62,1,Moodne orgaaniline skaterkleit,laste_riided,bronze
9698,2025-01-18 00:00:00,4684,210.87,1,Soe linane mantelpaltoo,meeste_riided,null
9506,2025-01-18 00:00:00,4074,402.62,1,Klassikaline seemisnahkne jooksutossud,jalanõusid,silver
9475,2025-01-18 00:00:00,2603,291.36,1,Trendikas džersii pullover,naiste_riided,gold
9619,2025-01-18 00:00:00,2442,317.02,2,Elegantne kashmiir tuulejope,naiste_riided,silver
9579,2025-01-19 00:00:00,3909,282.29,1,Sportlik kangast tennised,jalanõusid,silver
9556,2025-01-19 00:00:00,4568,1374.35,5,Õhuline goretex kingad,jalanõusid,null
9559,2025-01-20 00:00:00,4763,145.72,1,Trendikas nahkne sõrmus,aksessuaarid,null
9499,2025-01-20 00:00:00,3722,382.14,3,Kerge puuvillane slim-fit särk,meeste_riided,bronze
9517,2025-01-20 00:00:00,4334,358.41,1,Sportlik kangast tossud,jalanõusid,null
9688,2025-01-21 00:00:00,4611,74.81,1,Õhuline siidine kaelakee,aksessuaarid,gold
9764,2025-01-21 00:00:00,2190,594.87,3,Mugav tweed kardigan,meeste_riided,gold
9591,2025-01-21 00:00:00,2246,101.54,2,Sportlik siidine cargo püksid,naiste_riided,silver
9701,2025-01-22 00:00:00,2198,458.02,2,Boheemlaslik tweed smokingüklikond,meeste_riided,null
9733,2025-01-22 00:00:00,4675,149.47,1,Praktiline nahkne sõrmus,aksessuaarid,bronze
9717,2025-01-22 00:00:00,3240,203.08,4,Sportlik siidine cargo püksid,naiste_riided,gold
9767,2025-01-22 00:00:00,2913,107.36,1,Vintage orgaaniline komplekt,laste_riided,null
9529,2025-01-23 00:00:00,2221,363.36,2,Boheemlaslik kangast kangasvöö,aksessuaarid,null
9745,2025-01-24 00:00:00,2432,409.74,2,Praktiline villane kott,aksessuaarid,silver
9587,2025-01-24 00:00:00,2955,17.97,1,Luksuslik nahkne käekott,aksessuaarid,null
9451,2025-01-24 00:00:00,4185,1234.85,5,Minimalistlik džersii polo särk,meeste_riided,bronze
9752,2025-01-24 00:00:00,2729,464.13,3,Klassikaline linane parka,meeste_riided,null
9509,2025-01-25 00:00:00,2154,214.52,2,Minimalistlik siidine labakindad,aksessuaarid,gold
9500,2025-01-26 00:00:00,3988,332.54,2,Praktiline merino villane pusa,naiste_riided,silver
9639,2025-01-26 00:00:00,3648,80.39,1,Luksuslik villane bleiser,laste_riided,silver
9735,2025-01-26 00:00:00,4974,121.51,1,Stiilne kangast jooksutossud,jalanõusid,silver
9453,2025-01-26 00:00:00,4785,54.81,1,Luksuslik trikoo slim-fit püksid,laste_riided,silver
9539,2025-01-27 00:00:00,3069,391.08,3,Minimalistlik džersii pullover,naiste_riided,bronze
9443,2025-01-28 00:00:00,3572,541.38,2,Soe nahkne platvormi kontsad,jalanõusid,null
9659,2025-01-28 00:00:00,4018,1038.76,4,Luksuslik tweed triiksärk,meeste_riided,null
9513,2025-01-29 00:00:00,3301,151.08,1,Moodne polüester slim-fit särk,meeste_riided,null
9476,2025-01-29 00:00:00,2639,95.87,1,Sportlik softshell teksapüksid,laste_riided,null
9482,2025-01-29 00:00:00,3928,166.20,2,Õhuline linane bleiser,meeste_riided,silver
9497,2025-01-30 00:00:00,3700,1043.52,3,Luksuslik teksane polo särk,meeste_riided,null
9526,2025-01-30 00:00:00,2954,776.73,3,Mugav merino villane cargo püksid,meeste_riided,null
9753,2025-01-31 00:00:00,4763,350.61,3,Moodne kangast derbyd,jalanõusid,null
9611,2025-01-31 00:00:00,3722,163.64,1,Minimalistlik sünteetiline saapad,jalanõusid,bronze
9722,2025-01-31 00:00:00,4149,247.52,1,Luksuslik merino villane chino püksid,naiste_riided,gold
9744,2025-01-31 00:00:00,4003,198.42,1,Boheemlaslik seemisnahkne oxfordid,jalanõusid,silver
9516,2025-01-31 00:00:00,4361,269.88,2,Elegantne keraamiline labakindad,aksessuaarid,bronze
9635,2025-01-31 00:00:00,3740,243.93,1,Soe polüester smokingüklikond,meeste_riided,bronze
9632,2025-01-31 00:00:00,4717,126.42,1,Sportlik merino villane ülikond,meeste_riided,silver
9770,2025-01-31 00:00:00,3144,280.02,1,Soe siidine särk-pluus,naiste_riided,bronze
10043,2025-02-01 00:00:00,3070,234.91,1,Boheemlaslik nahkne talvesaapad,jalanõusid,silver
9819,2025-02-01 00:00:00,2225,453.24,3,Moodne polüester slim-fit särk,meeste_riided,gold
9861,2025-02-01 00:00:00,2070,835.77,3,Kerge flanellne kardigan,meeste_riided,bronze
9837,2025-02-01 00:00:00,2808,462.26,2,Luksuslik metallist labakindad,aksessuaarid,null
9996,2025-02-01 00:00:00,3899,243.93,1,Soe polüester smokingüklikond,meeste_riided,gold
9875,2025-02-01 00:00:00,4615,57.08,1,Kerge puust barett,aksessuaarid,silver
9797,2025-02-02 00:00:00,2296,81.48,1,Õhuline kangast nahk sandaalid,jalanõusid,silver
9956,2025-02-02 00:00:00,4543,632.08,2,Trendikas džersii slim-fit püksid,meeste_riided,null
9876,2025-02-02 00:00:00,2889,755.64,4,Klassikaline nahkne sõrmus,aksessuaarid,silver
9866,2025-02-03 00:00:00,4950,138.13,1,Õhuline orgaaniline alussärk,laste_riided,gold
9951,2025-02-03 00:00:00,4970,407.97,3,Minimalistlik linane tuunika,naiste_riided,bronze
9793,2025-02-03 00:00:00,3302,208.83,1,Soe merino villane topik,naiste_riided,null
9925,2025-02-03 00:00:00,3755,191.00,2,Õhuline viskoosne miniseelik,naiste_riided,null
9932,2025-02-03 00:00:00,4857,171.33,1,Soe teksane bleiser,meeste_riided,silver
9896,2025-02-04 00:00:00,2378,296.04,3,Stiilne puuvillane mantelpaltoo,laste_riided,null
9965,2025-02-04 00:00:00,3576,823.56,4,Stiilne puust müts,aksessuaarid,bronze
9852,2025-02-04 00:00:00,2242,417.44,2,Praktiline kangast reisikott,aksessuaarid,null
9911,2025-02-04 00:00:00,3408,257.90,5,Soe puuvillane chino püksid,laste_riided,gold
9892,2025-02-04 00:00:00,3234,298.71,3,Vintage softshell alussärk,laste_riided,bronze
9890,2025-02-04 00:00:00,2495,279.48,2,Trendikas džersii miniseelik,naiste_riided,gold
9878,2025-02-04 00:00:00,2845,632.08,2,Trendikas džersii slim-fit püksid,meeste_riided,silver
9988,2025-02-04 00:00:00,4081,99.57,1,Vintage softshell alussärk,laste_riided,null
9924,2025-02-05 00:00:00,4604,432.36,4,Luksuslik satiinne teksapüksid,naiste_riided,null
9969,2025-02-05 00:00:00,2069,304.26,2,Mugav polüester püksid,meeste_riided,gold
9865,2025-02-06 00:00:00,4845,74.81,1,Õhuline siidine kaelakee,aksessuaarid,null
9970,2025-02-06 00:00:00,3868,240.34,2,Mugav kangast tennised,jalanõusid,null
9950,2025-02-06 00:00:00,3226,72.73,1,Minimalistlik džersii chino püksid,naiste_riided,bronze
9886,2025-02-06 00:00:00,3467,65.60,1,Elegantne puust kootud müts,aksessuaarid,null
10052,2025-02-07 00:00:00,4918,31.65,1,Trendikas trikoo jakk,laste_riided,silver
9920,2025-02-07 00:00:00,3982,106.02,2,Trendikas flanellne mantelpaltoo,meeste_riided,bronze
9968,2025-02-07 00:00:00,4155,47.36,2,Vintage softshell cargo püksid,laste_riided,silver
10013,2025-02-07 00:00:00,3128,57.12,2,Trendikas keraamiline sõrmkindad,aksessuaarid,null
10060,2025-02-07 00:00:00,4415,145.46,2,Minimalistlik džersii chino püksid,naiste_riided,null
10083,2025-02-07 00:00:00,4178,100.57,1,Soe softshell sukkpüksid,laste_riided,null
9967,2025-02-08 00:00:00,4206,103.00,2,Minimalistlik softshell chino püksid,laste_riided,null
9801,2025-02-08 00:00:00,2434,351.33,1,Boheemlaslik linane pullover,naiste_riided,silver
9919,2025-02-09 00:00:00,2727,507.60,2,Klassikaline kangast platvormi kontsad,jalanõusid,silver
10015,2025-02-09 00:00:00,4253,325.72,2,Klassikaline siidine tuulejope,naiste_riided,null
10096,2025-02-09 00:00:00,3269,232.40,2,Stiilne linane tuulejope,meeste_riided,silver
10079,2025-02-09 00:00:00,2775,190.81,1,Praktiline nahkne nahk sandaalid,jalanõusid,null
9957,2025-02-10 00:00:00,3020,210.58,2,Elegantne orgaaniline dressikomplekt,laste_riided,null
10068,2025-02-10 00:00:00,2775,151.08,1,Vintage merino villane tuulejope,meeste_riided,null
9902,2025-02-10 00:00:00,2221,-26.62,1,Luksuslik softshell komplekt,laste_riided,null
9807,2025-02-10 00:00:00,3153,312.26,2,Õhuline nahkne elastne vöö,aksessuaarid,silver
10112,2025-02-10 00:00:00,3617,157.49,1,Praktiline seemisnahkne tennised,jalanõusid,silver
9786,2025-02-11 00:00:00,2914,269.88,2,Elegantne keraamiline labakindad,aksessuaarid,null
10067,2025-02-11 00:00:00,4018,438.38,2,Elegantne linane bleiser,naiste_riided,null
9779,2025-02-11 00:00:00,4464,495.62,2,Vintage linane bleiser,meeste_riided,null
9918,2025-02-11 00:00:00,3324,161.97,3,Moodne villane pühapäevakleit,laste_riided,silver
10092,2025-02-12 00:00:00,3741,525.75,3,Soe polüester cargo püksid,meeste_riided,bronze
9791,2025-02-12 00:00:00,2793,88.16,4,Elegantne metallist sall,aksessuaarid,gold
9805,2025-02-13 00:00:00,4462,-243.93,1,Soe polüester smokingüklikond,meeste_riided,bronze
9998,2025-02-13 00:00:00,4881,68.10,3,Minimalistlik puuvillane pidžaama,laste_riided,null
10110,2025-02-13 00:00:00,2963,101.70,2,Praktiline puust sall,aksessuaarid,silver
9859,2025-02-13 00:00:00,3234,29.42,1,Kerge nahkne õlakott,aksessuaarid,bronze
9943,2025-02-13 00:00:00,3036,152.31,3,Sportlik siidine cargo püksid,naiste_riided,gold
10033,2025-02-13 00:00:00,2487,109.90,2,Kerge puuvillane chino püksid,laste_riided,null
10035,2025-02-14 00:00:00,3120,116.10,3,Praktiline puuvillane sukkpüksid,laste_riided,null
10058,2025-02-14 00:00:00,4501,191.74,2,Sportlik softshell teksapüksid,laste_riided,bronze
9897,2025-02-14 00:00:00,2410,65.86,2,Klassikaline satiinne mantelpaltoo,naiste_riided,null
9808,2025-02-14 00:00:00,4485,574.00,5,Stiilne fliisist komplekt,laste_riided,null
10081,2025-02-15 00:00:00,4206,279.43,1,Praktiline polüester ülikond,meeste_riided,null
10017,2025-02-15 00:00:00,2015,221.42,1,Moodne seemisnahkne oxfordid,jalanõusid,silver
9961,2025-02-15 00:00:00,4730,100.57,1,Soe softshell sukkpüksid,laste_riided,null
10082,2025-02-15 00:00:00,4625,282.10,2,Stiilne nahkne derbyd,jalanõusid,null
9824,2025-02-16 00:00:00,4086,58.49,1,Luksuslik nahkne madalad kontsad,jalanõusid,silver
9934,2025-02-17 00:00:00,4725,58.49,1,Luksuslik nahkne madalad kontsad,jalanõusid,silver
9800,2025-02-17 00:00:00,3654,154.74,3,Soe puuvillane chino püksid,laste_riided,bronze
9844,2025-02-17 00:00:00,2984,130.36,1,Minimalistlik džersii pullover,naiste_riided,null
9893,2025-02-18 00:00:00,4139,206.52,1,Kerge satiinne jakk,naiste_riided,bronze
10061,2025-02-18 00:00:00,4934,307.83,1,Õhuline linane jakk,naiste_riided,bronze
9813,2025-02-18 00:00:00,3539,560.31,3,Klassikaline puust nahkvöö,aksessuaarid,gold
9947,2025-02-18 00:00:00,4010,693.40,2,Praktiline viskoosne jakk,naiste_riided,null
10048,2025-02-18 00:00:00,4692,65.60,1,Elegantne puust kootud müts,aksessuaarid,gold
9841,2025-02-18 00:00:00,4466,608.28,2,Trendikas viskoosne topik,naiste_riided,bronze
9840,2025-02-18 00:00:00,2597,102.12,3,Sportlik villane püksid,laste_riided,bronze
9846,2025-02-18 00:00:00,4334,144.28,2,Vintage villane püksid,laste_riided,null
9933,2025-02-19 00:00:00,3459,198.29,1,Mugav tweed kardigan,meeste_riided,gold
10070,2025-02-19 00:00:00,2348,525.45,5,Kerge linane kampsun,meeste_riided,bronze
9888,2025-02-19 00:00:00,3227,232.80,3,Klassikaline flanellne smokingüklikond,meeste_riided,null
9899,2025-02-19 00:00:00,4998,156.18,2,Minimalistlik viskoosne skaterkleit,naiste_riided,bronze
9832,2025-02-20 00:00:00,2394,45.21,1,Stiilne siidine labakindad,aksessuaarid,null
9853,2025-02-20 00:00:00,4589,101.26,1,Boheemlaslik orgaaniline bleiser,laste_riided,gold
9812,2025-02-20 00:00:00,2486,160.91,1,Praktiline polüester casual särk,meeste_riided,null
9881,2025-02-20 00:00:00,3648,763.24,4,Praktiline nahkne nahk sandaalid,jalanõusid,silver
10075,2025-02-20 00:00:00,4220,118.40,5,Vintage softshell cargo püksid,laste_riided,gold
10047,2025-02-21 00:00:00,2765,560.31,3,Klassikaline puust nahkvöö,aksessuaarid,null
9905,2025-02-21 00:00:00,3001,89.39,1,Klassikaline linane mantelpaltoo,meeste_riided,bronze
10051,2025-02-21 00:00:00,4485,103.16,2,Soe puuvillane chino püksid,laste_riided,null
9944,2025-02-22 00:00:00,2906,250.17,1,Luksuslik merino villane kapuutsiga pusa,naiste_riided,silver
9855,2025-02-22 00:00:00,3304,321.42,2,Stiilne džersii püksid,meeste_riided,bronze
9926,2025-02-22 00:00:00,2495,113.86,1,Trendikas villane nahkkindad,aksessuaarid,gold
9772,2025-02-23 00:00:00,4963,155.45,1,Moodne kangast sõrmus,aksessuaarid,silver
9938,2025-02-23 00:00:00,2221,51.58,1,Soe puuvillane chino püksid,laste_riided,null
9891,2025-02-23 00:00:00,4975,257.32,2,Sportlik nahkne madalad kontsad,jalanõusid,null
9939,2025-02-24 00:00:00,2809,204.87,1,Praktiline villane kott,aksessuaarid,null
9971,2025-02-24 00:00:00,3384,35.94,2,Luksuslik nahkne käekott,aksessuaarid,silver
9788,2025-02-24 00:00:00,3605,292.61,1,Sportlik villane tossud,jalanõusid,null
9775,2025-02-25 00:00:00,2383,310.90,2,Moodne kangast sõrmus,aksessuaarid,null
10030,2025-02-25 00:00:00,3014,1237.60,5,Luksuslik merino villane chino püksid,naiste_riided,null
9898,2025-02-25 00:00:00,4598,877.83,3,Sportlik villane tossud,jalanõusid,silver
10104,2025-02-25 00:00:00,2889,127.92,3,Stiilne merino villane parka,naiste_riided,silver
9884,2025-02-25 00:00:00,4398,246.97,1,Minimalistlik džersii polo särk,meeste_riided,null
9882,2025-02-25 00:00:00,4627,72.73,1,Minimalistlik džersii chino püksid,naiste_riided,null
10053,2025-02-26 00:00:00,2997,24.54,1,Praktiline trikoo sukkpüksid,laste_riided,gold
10066,2025-02-26 00:00:00,3240,678.42,2,Boheemlaslik villane tennised,jalanõusid,gold
10114,2025-02-26 00:00:00,3878,62.82,1,Trendikas villane dressikomplekt,laste_riided,gold
10021,2025-02-27 00:00:00,3559,347.84,1,Luksuslik teksane polo särk,meeste_riided,gold
9974,2025-02-27 00:00:00,2196,184.15,1,Stiilne villane sõrmkindad,aksessuaarid,null
10041,2025-02-27 00:00:00,2749,389.14,2,Kerge metallist labakindad,aksessuaarid,bronze
9849,2025-02-27 00:00:00,3370,44.08,2,Elegantne metallist sall,aksessuaarid,null
10024,2025-02-27 00:00:00,3629,437.08,2,Boheemlaslik nahkne kõrge kontsaga kingad,jalanõusid,bronze
9872,2025-02-28 00:00:00,4206,151.08,1,Moodne polüester slim-fit särk,meeste_riided,null
910,2025-12-02 00:00:00,3709,231.13,1,Luksuslik metallist labakindad,aksessuaarid,null
1185,2025-12-04 00:00:00,3045,243.93,1,Soe polüester smokingüklikond,meeste_riided,silver
5176,2025-12-07 00:00:00,2514,51.58,1,Soe puuvillane chino püksid,laste_riided,silver
3917,2025-12-09 00:00:00,2997,100.57,1,Soe softshell sukkpüksid,laste_riided,gold
276,2025-12-14 00:00:00,2221,296.58,1,Luksuslik flanellne smokingüklikond,meeste_riided,null
3595,2026-01-01 00:00:00,2997,163.53,1,Boheemlaslik merino villane poolsäärne kampsun,meeste_riided,gold
934,2026-03-17 00:00:00,4113,302.79,3,Boheemlaslik polüester casual särk,meeste_riided,silver
8610,2026-04-26 00:00:00,4450,102.12,3,Sportlik villane püksid,laste_riided,null
5609,2026-05-18 00:00:00,3279,77.60,1,Klassikaline flanellne smokingüklikond,meeste_riided,bronze
4387,2026-06-28 00:00:00,2739,253.23,3,Minimalistlik seemisnahkne chelsea botased,jalanõusid,null